P.ANKS1B (M),M.ANKS1B (M),P.ARID1A (M),M.ARID1A (M),P.ATM (M),M.ATM (M),P.BRAF (M),M.BRAF (M),P.CACNA1C (M),M.CACNA1C (M),P.CDH13 (M),M.CDH13 (M),P.CNTN4 (M),M.CNTN4 (M),P.CNTN5 (M),M.CNTN5 (M),P.CSMD1 (M),M.CSMD1 (M),P.CTNNA2 (M),M.CTNNA2 (M),P.CTNND2 (M),M.CTNND2 (M),P.DLG2 (M),M.DLG2 (M),P.DMD (M),M.DMD (M),P.DPP10 (M),M.DPP10 (M),P.EGFR (M),M.EGFR (M),P.EPHA3 (M),M.EPHA3 (M),P.EYS (M),M.EYS (M),P.FAT1 (M),M.FAT1 (M),P.KEAP1 (M),M.KEAP1 (M),P.KMT2C (M),M.KMT2C (M),P.KRAS (M),M.KRAS (M),P.MET (M),M.MET (M),P.NF1 (M),M.NF1 (M),P.NRG3 (M),M.NRG3 (M),P.NRXN1 (M),M.NRXN1 (M),P.NRXN3 (M),M.NRXN3 (M),P.NTM (M),M.NTM (M),P.PCDH15 (M),M.PCDH15 (M),P.PIK3CA (M),M.PIK3CA (M),P.PTPRD (M),M.PTPRD (M),P.PTPRT (M),M.PTPRT (M),P.RB1 (M),M.RB1 (M),P.RBFOX1 (M),M.RBFOX1 (M),P.RBM10 (M),M.RBM10 (M),P.SETD2 (M),M.SETD2 (M),P.SMARCA4 (M),M.SMARCA4 (M),P.SPOCK3 (M),M.SPOCK3 (M),P.STK11 (M),M.STK11 (M),P.TEX41 (M),M.TEX41 (M),P.TP53 (M),M.TP53 (M),Seeding,diag_order,type,patientID,label,Patient_Label,P.AgeAtSeqRep,M.AgeAtSeqRep,donor_vital_status,disease_status_last_followup,Age_at_Diagnosis,PFS_days,OS_days,Sex_female,Sex_male,Sex_nan,disease_status_last_followup_complete remission,disease_status_last_followup_no evidence of disease,disease_status_last_followup_partial remission,disease_status_last_followup_progression,disease_status_last_followup_relapse,disease_status_last_followup_stable,disease_status_last_followup_nan,response_complete response,response_disease progression,response_stable disease,response_unknown,response_nan,nMut_Primary,nMut_Metastatic,CNA_Primary,CNA_Metastatic,VAF_mean_Primary,VAF_mean_Metastatic,Age_at_Diagnosis_is_Missing,PFS_days_is_Missing,nMut_Primary_is_Missing,nMut_Metastatic_is_Missing,CNA_Primary_is_Missing,CNA_Metastatic_is_Missing,VAF_mean_Primary_is_Missing,VAF_mean_Metastatic_is_Missing,P.AgeAtSeqRep_is_Missing,M.AgeAtSeqRep_is_Missing,PT_label_last_followup,MT_label_last_followup,PT_label,MT_label,paired,has_pt,has_mt
1,0,0,0,0,0,0,0,1,0,1,0,1,0,1,0,1,0,1,0,1,0,1,0,1,0,1,0,1,0,0,0,1,0,0,0,0,0,0,0,1,0,0,0,0,0,1,0,1,0,1,0,1,0,1,0,0,0,1,0,1,0,1,0,1,0,1,0,0,0,0,0,0,0,0,0,0,0,1,0,1,0,1,DO35009,0,0,0.5438596491228069,0.5833333333333333,deceased,NA,0.5438596491228069,0.07029610631848915,787.0,False,True,False,False,False,False,False,False,False,True,NA,NA,NA,NA,NA,0.009414406633269996,0.19612068965517243,0.004207573632538569,0.05196451204055766,0.42970864257088537,0.5468949761342701,0,1,0,1,0,1,0,1,0,1,NA,NA,0,1,0,True,False
0,0,1,0,0,0,0,0,0,0,0,0,0,0,0,0,0,0,0,0,0,0,0,0,0,0,0,0,0,0,0,0,0,0,0,0,0,0,0,0,1,0,0,0,0,0,0,0,0,0,0,0,1,0,0,0,0,0,0,0,0,0,0,0,0,0,0,0,0,0,0,0,0,0,0,0,0,0,1,0,1,0,1,DO35001,0,0,0.8771929824561402,0.5833333333333333,deceased,progression,0.8771929824561402,0.012823501981813942,77.0,True,False,False,False,False,False,True,False,False,False,NA,NA,NA,NA,NA,0.00803247538434963,0.19612068965517243,0.030855539971949508,0.05196451204055766,0.21940604913454567,0.5468949761342701,0,0,0,1,1,1,0,1,0,1,0.0,NA,0,1,0,True,False
0,0,0,0,0,0,0,0,0,0,0,0,0,0,0,0,0,0,0,0,0,0,0,0,0,0,0,0,0,0,0,0,0,0,0,0,0,0,0,0,0,0,0,0,0,0,0,0,0,0,0,0,0,0,0,0,0,0,0,0,0,0,0,0,0,0,0,0,0,0,0,0,0,0,0,0,0,0,0,0,1,0,1,DO35057,0,0,0.7543859649122806,0.5833333333333333,alive,stable,0.7543859649122806,0.07029610631848915,485.0,True,False,False,False,False,False,False,False,True,False,NA,NA,NA,NA,NA,0.0006909656244601831,0.19612068965517243,0.030855539971949508,0.05196451204055766,0.2212223442302749,0.5468949761342701,0,1,0,1,1,1,0,1,0,1,1.0,NA,0,1,0,True,False
1,0,0,0,0,0,0,0,0,0,0,0,0,0,0,0,0,0,0,0,0,0,0,0,0,0,0,0,0,0,0,0,0,0,1,0,0,0,0,0,1,0,0,0,0,0,0,0,0,0,0,0,0,0,0,0,0,0,0,0,0,0,0,0,0,0,0,0,0,0,0,0,0,0,0,0,0,0,1,0,1,0,1,DO35073,0,0,0.5614035087719298,0.5833333333333333,alive,progression,0.5614035087719298,0.07029610631848915,764.0,False,True,False,False,False,False,True,False,False,False,NA,NA,NA,NA,NA,0.015287614441181551,0.19612068965517243,0.030855539971949508,0.05196451204055766,0.4319826369177734,0.5468949761342701,0,1,0,1,1,1,0,1,0,1,0.0,NA,0,1,0,True,False
0,0,0,0,0,0,0,0,0,0,0,0,0,0,0,0,0,0,0,0,0,0,0,0,0,0,0,0,0,0,0,0,0,0,0,0,0,0,0,0,1,0,0,0,0,0,0,0,0,0,0,0,0,0,0,0,0,0,0,0,0,0,0,0,0,0,1,0,0,0,0,0,0,0,0,0,0,0,1,0,1,0,1,DO35033,0,0,0.8771929824561402,0.5833333333333333,deceased,progression,0.8771929824561402,0.07029610631848915,107.0,True,False,False,False,False,False,True,False,False,False,NA,NA,NA,NA,NA,0.01045085506996027,0.19612068965517243,0.030855539971949508,0.05196451204055766,0.28282558788688583,0.5468949761342701,0,1,0,1,1,1,0,1,0,1,0.0,NA,0,1,0,True,False
0,0,0,0,0,0,0,0,0,0,0,0,0,0,0,0,0,0,0,0,0,0,0,0,0,0,0,0,0,0,0,0,0,0,0,0,0,0,0,0,1,0,0,0,0,0,0,0,0,0,0,0,0,0,0,0,0,0,0,0,0,0,0,0,0,0,0,0,0,0,0,0,0,0,0,0,0,0,1,0,1,0,1,DO35049,0,0,0.9473684210526314,0.5833333333333333,alive,stable,0.9473684210526314,0.07029610631848915,397.0,True,False,False,False,False,False,False,False,True,False,NA,NA,NA,NA,NA,0.0052686128865088964,0.19612068965517243,0.030855539971949508,0.05196451204055766,0.17129870299580544,0.5468949761342701,0,1,0,1,1,1,0,1,0,1,1.0,NA,0,1,0,True,False
0,0,0,0,0,0,0,0,0,0,0,0,0,0,0,0,0,0,0,0,0,0,0,0,0,0,0,0,1,0,0,0,0,0,0,0,0,0,0,0,1,0,0,0,0,0,0,0,0,0,0,0,0,0,0,0,0,0,0,0,0,0,0,0,0,0,0,0,0,0,0,0,0,0,0,0,0,0,1,0,1,0,1,DO35041,0,0,0.49122807017543857,0.5833333333333333,deceased,progression,0.49122807017543857,0.07029610631848915,155.0,False,True,False,False,False,False,True,False,False,False,NA,NA,NA,NA,NA,0.0071687683537744,0.19612068965517243,0.030855539971949508,0.05196451204055766,0.3481815946633908,0.5468949761342701,0,1,0,1,1,1,0,1,0,1,0.0,NA,0,1,0,True,False
0,0,0,0,0,0,0,0,0,0,0,0,0,0,0,0,0,0,0,0,0,0,0,0,0,0,0,0,0,0,0,0,0,0,0,0,0,0,0,0,0,0,0,0,0,0,0,0,0,0,0,0,0,0,0,0,0,0,0,0,0,0,0,0,0,0,0,0,0,0,0,0,0,0,0,0,0,0,1,0,1,0,1,DO35017,0,0,0.4736842105263157,0.5833333333333333,alive,stable,0.4736842105263157,0.07029610631848915,238.0,False,True,False,False,False,False,False,False,True,False,NA,NA,NA,NA,NA,0.0011228191397477975,0.19612068965517243,0.030855539971949508,0.05196451204055766,0.29089565787903193,0.5468949761342701,0,1,0,1,1,1,0,1,0,1,1.0,NA,0,1,0,True,False
1,0,0,0,0,0,0,0,1,0,1,0,1,0,1,0,1,0,1,0,1,0,1,0,1,0,1,0,0,0,0,0,1,0,0,0,0,0,1,0,1,0,0,0,1,0,1,0,1,0,1,0,1,0,1,0,0,0,1,0,1,0,0,0,1,0,0,0,0,0,0,0,0,0,0,0,1,0,1,0,1,0,1,DO49204,0,0,0.5964912280701753,0.5833333333333333,deceased,progression,0.5964912280701753,0.07029610631848915,156.0,False,True,False,False,False,False,True,False,False,False,NA,NA,NA,NA,NA,0.02789773708757989,0.19612068965517243,0.02664796633941094,0.05196451204055766,0.37354916096801527,0.5468949761342701,0,1,0,1,0,1,0,1,0,1,0.0,NA,0,1,0,True,False
0,0,0,0,0,0,0,0,0,0,0,0,0,0,0,0,0,0,0,0,0,0,0,0,0,0,0,0,0,0,0,0,0,0,0,0,0,0,0,0,1,0,0,0,0,0,0,0,0,0,0,0,0,0,1,0,0,0,0,0,0,0,0,0,0,0,0,0,0,0,0,0,0,0,0,0,0,0,1,0,1,0,1,DO49202,0,0,0.631578947368421,0.5833333333333333,deceased,progression,0.631578947368421,0.08323618559104685,464.0,False,True,False,False,False,False,True,False,False,False,NA,NA,NA,NA,NA,0.008118846087407152,0.19612068965517243,0.030855539971949508,0.05196451204055766,0.2499258960201682,0.5468949761342701,0,0,0,1,1,1,0,1,0,1,0.0,NA,0,1,0,True,False
0,0,0,0,0,0,0,0,0,0,0,0,0,0,0,0,0,0,0,0,0,0,0,0,0,0,0,0,0,0,0,0,0,0,0,0,0,0,0,0,1,0,1,0,0,0,0,0,0,0,0,0,0,0,0,0,0,0,0,0,0,0,0,0,0,0,0,0,0,0,0,0,1,0,0,0,0,0,1,0,1,0,1,DO49203,0,0,0.6140350877192982,0.5833333333333333,deceased,progression,0.6140350877192982,0.10678479832128701,518.0,True,False,False,False,False,False,True,False,False,False,NA,NA,NA,NA,NA,0.018828813266539988,0.19612068965517243,0.030855539971949508,0.05196451204055766,0.18353706151991475,0.5468949761342701,0,0,0,1,1,1,0,1,0,1,0.0,NA,0,1,0,True,False
0,0,0,0,0,0,0,0,0,0,0,0,0,0,0,0,0,0,0,0,0,0,0,0,0,0,0,0,0,0,0,0,0,0,0,0,0,0,0,0,1,0,0,0,0,0,0,0,0,0,0,0,0,0,0,0,0,0,0,0,0,0,0,0,0,0,0,0,0,0,0,0,0,0,0,0,0,0,1,0,1,0,1,DO49200,0,0,0.45614035087719285,0.5833333333333333,alive,stable,0.45614035087719285,0.07029610631848915,2703.0,True,False,False,False,False,False,False,False,True,False,NA,NA,NA,NA,NA,0.014337536707548799,0.19612068965517243,0.030855539971949508,0.05196451204055766,0.265336600819848,0.5468949761342701,0,1,0,1,1,1,0,1,0,1,1.0,NA,0,1,0,True,False
1,0,1,0,1,0,1,0,0,0,1,0,1,0,1,0,1,0,1,0,1,0,1,0,1,0,1,0,0,0,1,0,1,0,0,0,0,0,0,0,0,0,0,0,0,0,1,0,1,0,1,0,1,0,1,0,0,0,1,0,1,0,0,0,1,0,0,0,0,0,0,0,1,0,0,0,1,0,1,0,1,0,1,DO49201,0,0,0.5964912280701753,0.5833333333333333,NA,NA,0.5964912280701753,0.07029610631848915,NA,False,False,True,False,False,False,False,False,False,True,NA,NA,NA,NA,NA,0.009500777336327518,0.19612068965517243,0.04908835904628331,0.05196451204055766,0.4026867308453743,0.5468949761342701,1,1,0,1,0,1,0,1,1,1,NA,NA,0,1,0,True,False
1,0,0,0,0,0,1,0,1,0,1,0,1,0,1,0,1,0,1,0,1,0,1,0,1,0,1,0,0,0,0,0,1,0,0,0,0,0,0,0,1,0,0,0,0,0,1,0,1,0,1,0,1,0,1,0,0,0,1,0,1,0,0,0,1,0,0,0,0,0,0,0,1,0,0,0,1,0,1,0,1,0,1,DO49198,0,0,0.49122807017543857,0.5833333333333333,deceased,progression,0.49122807017543857,0.05362555374213103,251.0,True,False,False,False,False,False,True,False,False,False,NA,NA,NA,NA,NA,0.009759889445500087,0.19612068965517243,0.008415147265077139,0.05196451204055766,0.3201620432456178,0.5468949761342701,0,0,0,1,0,1,0,1,0,1,0.0,NA,0,1,0,True,False
1,0,0,0,0,0,0,0,1,0,1,0,1,0,1,0,1,0,1,0,1,0,1,0,1,0,1,0,0,0,0,0,1,0,0,0,0,0,0,0,1,0,0,0,0,0,1,0,1,0,1,0,1,0,1,0,0,0,1,0,0,0,0,0,1,0,0,0,0,0,0,0,1,0,0,0,1,0,1,0,1,0,1,DO49199,0,0,0.33333333333333326,0.5833333333333333,deceased,progression,0.33333333333333326,0.07624154814642108,1095.0,False,True,False,False,False,False,True,False,False,False,NA,NA,NA,NA,NA,0.009759889445500087,0.19612068965517243,0.015427769985974754,0.05196451204055766,0.35116868334336193,0.5468949761342701,0,0,0,1,0,1,0,1,0,1,0.0,NA,0,1,0,True,False
0,0,0,0,0,0,0,0,0,0,0,0,0,0,0,0,0,0,0,0,0,0,0,0,0,0,0,0,0,0,0,0,0,0,0,0,0,0,0,0,1,0,0,0,0,0,0,0,0,0,0,0,0,0,0,0,0,0,0,0,0,0,0,0,0,0,0,0,0,0,0,0,0,0,0,0,0,0,1,0,1,0,1,DO49189,0,0,0.45614035087719285,0.5833333333333333,deceased,progression,0.45614035087719285,0.07530892982047097,440.0,False,True,False,False,False,False,True,False,False,False,NA,NA,NA,NA,NA,0.009759889445500087,0.19612068965517243,0.030855539971949508,0.05196451204055766,0.30495702917240064,0.5468949761342701,0,0,0,1,1,1,0,1,0,1,0.0,NA,0,1,0,True,False
0,0,0,0,0,0,0,0,0,0,0,0,0,0,0,0,0,0,0,0,0,0,0,0,0,0,0,0,0,0,0,0,0,0,0,0,0,0,0,0,1,0,0,0,0,0,0,0,0,0,0,0,0,0,0,0,0,0,0,0,0,0,0,0,0,0,0,0,0,0,0,0,0,0,0,0,0,0,1,0,1,0,1,DO49188,0,0,0.7543859649122806,0.5833333333333333,deceased,stable,0.7543859649122806,0.07029610631848915,47.0,False,True,False,False,False,False,False,False,True,False,NA,NA,NA,NA,NA,0.011573674209708068,0.19612068965517243,0.030855539971949508,0.05196451204055766,0.3066878472818949,0.5468949761342701,0,1,0,1,1,1,0,1,0,1,1.0,NA,0,1,0,True,False
1,0,0,0,0,0,0,0,0,0,1,0,1,0,1,0,1,0,1,0,1,0,1,0,1,0,1,0,0,0,1,0,1,0,1,0,0,0,0,0,1,0,0,0,0,0,1,0,1,0,1,0,1,0,1,0,1,0,1,0,1,0,0,0,1,0,0,0,0,0,0,0,1,0,0,0,1,0,1,0,1,0,1,DO49196,0,0,0.5789473684210527,0.5833333333333333,deceased,progression,0.5789473684210527,0.23082303567265094,1107.0,False,True,False,False,False,False,True,False,False,False,NA,NA,NA,NA,NA,0.01045085506996027,0.19612068965517243,0.0182328190743338,0.05196451204055766,0.3801197638882534,0.5468949761342701,0,0,0,1,0,1,0,1,0,1,0.0,NA,0,1,0,True,False
0,0,0,0,0,0,0,0,0,0,0,0,0,0,0,0,0,0,0,0,0,0,0,0,0,0,0,0,0,0,0,0,0,0,0,0,0,0,1,0,1,0,0,0,0,0,0,0,1,0,0,0,0,0,0,0,0,0,0,0,0,0,0,0,0,0,0,0,0,0,0,0,0,0,0,0,0,0,1,0,1,0,1,DO49197,0,0,0.6491228070175437,0.5833333333333333,deceased,progression,0.6491228070175437,0.11238050827698763,514.0,False,True,False,False,False,False,True,False,False,False,NA,NA,NA,NA,NA,0.014078424598376231,0.19612068965517243,0.030855539971949508,0.05196451204055766,0.29966914411363477,0.5468949761342701,0,0,0,1,1,1,0,1,0,1,0.0,NA,0,1,0,True,False
0,0,0,0,0,0,0,0,0,0,0,0,0,0,1,0,0,0,0,0,0,0,0,0,0,0,0,0,0,0,0,0,0,0,0,0,0,0,0,0,1,0,0,0,0,0,0,0,0,0,0,0,0,0,0,0,0,0,0,0,0,0,0,0,0,0,0,0,0,0,0,0,0,0,0,0,1,0,1,0,1,0,1,DO49194,0,0,0.5087719298245612,0.5833333333333333,deceased,NA,0.5087719298245612,0.07029610631848915,182.0,False,True,False,False,False,False,False,False,False,True,NA,NA,NA,NA,NA,0.012523751943340818,0.19612068965517243,0.030855539971949508,0.05196451204055766,0.22027087301941348,0.5468949761342701,0,1,0,1,1,1,0,1,0,1,NA,NA,0,1,0,True,False
1,0,0,0,1,0,0,0,0,0,1,0,0,0,1,0,1,0,1,0,1,0,1,0,1,0,1,0,0,0,0,0,1,0,0,0,0,0,0,0,1,0,0,0,0,0,1,0,1,0,1,0,1,0,1,0,0,0,1,0,1,0,0,0,1,0,0,0,0,0,0,0,1,0,0,0,1,0,1,0,1,0,1,DO49195,0,0,0.45614035087719285,0.5833333333333333,deceased,progression,0.45614035087719285,0.008393564933550944,112.0,False,True,False,False,False,False,True,False,False,False,NA,NA,NA,NA,NA,0.010882708585247884,0.19612068965517243,0.043478260869565216,0.05196451204055766,0.7495644793517692,0.5468949761342701,0,0,0,1,0,1,0,1,0,1,0.0,NA,0,1,0,True,False
1,0,0,0,0,0,0,0,1,0,1,0,1,0,1,0,1,0,1,0,1,0,1,0,1,0,1,0,0,0,0,0,1,0,1,0,0,0,0,0,1,0,0,0,0,0,1,0,1,0,1,0,1,0,1,0,0,0,1,0,1,0,0,0,1,0,0,0,1,0,0,0,1,0,0,0,0,0,1,0,1,0,1,DO49193,0,0,0.4736842105263157,0.5833333333333333,deceased,stable,0.4736842105263157,0.07029610631848915,1.0,False,True,False,False,False,False,False,False,True,False,NA,NA,NA,NA,NA,0.028934185524270167,0.19612068965517243,0.028050490883590462,0.05196451204055766,0.42644668609501857,0.5468949761342701,0,1,0,1,0,1,0,1,0,1,1.0,NA,0,1,0,True,False
1,0,0,0,1,0,0,0,0,0,0,0,0,0,0,0,0,0,0,0,0,0,0,0,0,0,0,0,0,0,0,0,0,0,0,0,0,0,0,0,1,0,0,0,0,0,0,0,0,0,0,0,0,0,0,0,0,0,0,0,0,0,0,0,0,0,0,0,1,0,0,0,0,0,0,0,0,0,0,0,1,0,1,DO49190,0,0,0.49122807017543857,0.5833333333333333,deceased,progression,0.49122807017543857,0.12310561902541384,823.0,True,False,False,False,False,False,True,False,False,False,NA,NA,NA,NA,NA,0.004750388668163759,0.19612068965517243,0.030855539971949508,0.05196451204055766,0.15546949272110758,0.5468949761342701,0,0,0,1,1,1,0,1,0,1,0.0,NA,0,1,0,True,False
1,0,0,0,0,0,1,0,1,0,1,0,1,0,1,0,1,0,1,0,0,0,1,0,1,0,1,0,0,0,0,0,1,0,0,0,0,0,1,0,1,0,0,0,0,0,1,0,1,0,1,0,1,0,1,0,0,0,1,0,1,0,0,0,1,0,0,0,0,0,1,0,0,0,0,0,0,0,1,0,1,0,1,DO49178,0,0,0.4385964912280702,0.5833333333333333,deceased,stable,0.4385964912280702,0.07029610631848915,27.0,False,True,False,False,False,False,False,False,True,False,NA,NA,NA,NA,NA,0.01615132147175678,0.19612068965517243,0.025245441795231416,0.05196451204055766,0.3215568502544792,0.5468949761342701,0,1,0,1,0,1,0,1,0,1,1.0,NA,0,1,0,True,False
0,0,0,0,0,0,0,0,0,0,0,0,0,0,0,0,0,0,0,0,0,0,0,0,0,0,0,0,0,0,0,0,0,0,0,0,0,0,0,0,1,0,0,0,0,0,0,0,0,0,0,0,0,0,0,0,0,0,0,0,1,0,0,0,0,0,0,0,0,0,0,0,0,0,0,0,0,0,0,0,1,0,1,DO49176,0,0,0.6140350877192982,0.5833333333333333,deceased,progression,0.6140350877192982,0.16344136162275588,925.0,False,True,False,False,False,False,True,False,False,False,NA,NA,NA,NA,NA,0.0034548281223009156,0.19612068965517243,0.030855539971949508,0.05196451204055766,0.20608674676770386,0.5468949761342701,0,0,0,1,1,1,0,1,0,1,0.0,NA,0,1,0,True,False
1,0,0,0,0,0,1,0,1,0,1,0,1,0,1,0,1,0,1,0,1,0,1,0,1,0,1,0,1,0,1,0,1,0,0,0,0,0,0,0,1,0,0,0,0,0,1,0,1,0,1,0,1,0,1,0,0,0,1,0,1,0,0,0,1,0,0,0,0,0,0,0,1,0,0,0,0,0,1,0,1,0,1,DO49185,0,0,0.3859649122807016,0.5833333333333333,alive,stable,0.3859649122807016,0.07029610631848915,179.0,False,True,False,False,False,False,False,False,True,False,NA,NA,NA,NA,NA,0.011141820694420452,0.19612068965517243,0.004207573632538569,0.05196451204055766,0.4631051431264276,0.5468949761342701,0,1,0,1,0,1,0,1,0,1,1.0,NA,0,1,0,True,False
1,0,1,0,0,0,0,0,1,0,1,0,1,0,1,0,1,0,1,0,1,0,1,0,1,0,1,0,0,0,1,0,1,0,0,0,0,0,0,0,1,0,0,0,0,0,1,0,1,0,1,0,1,0,1,0,0,0,1,0,1,0,0,0,1,0,0,0,0,0,0,0,1,0,0,0,1,0,1,0,1,0,1,DO49183,0,0,0.3157894736842104,0.5833333333333333,deceased,progression,0.3157894736842104,0.07029610631848915,429.0,True,False,False,False,False,False,True,False,False,False,NA,NA,NA,NA,NA,0.019951632406287785,0.19612068965517243,0.051893408134642355,0.05196451204055766,0.5041959345681297,0.5468949761342701,0,1,0,1,0,1,0,1,0,1,0.0,NA,0,1,0,True,False
1,0,0,0,0,0,0,0,1,0,1,0,1,0,1,0,1,0,1,0,1,0,1,0,1,0,1,0,0,0,1,0,1,0,0,0,0,0,0,0,1,0,0,0,0,0,1,0,1,0,1,0,1,0,1,0,0,0,1,0,1,0,0,0,1,0,0,0,0,0,0,0,1,0,0,0,1,0,1,0,1,0,1,DO49184,0,0,0.4035087719298245,0.5833333333333333,deceased,progression,0.4035087719298245,0.05642340871998135,455.0,False,True,False,False,False,False,True,False,False,False,NA,NA,NA,NA,NA,0.021160822249093107,0.19612068965517243,0.009817671809256662,0.05196451204055766,0.3890299196754683,0.5468949761342701,0,0,0,1,0,1,0,1,0,1,0.0,NA,0,1,0,True,False
1,0,0,0,0,0,0,0,0,0,0,0,1,0,1,0,1,0,1,0,1,0,1,0,1,0,1,0,1,0,0,0,1,0,0,0,0,0,0,0,1,0,0,0,0,0,1,0,1,0,1,0,1,0,1,0,0,0,0,0,1,0,0,0,1,0,0,0,0,0,0,0,0,0,0,0,0,0,1,0,1,0,1,DO49181,0,0,0.7719298245614035,0.5833333333333333,deceased,progression,0.7719298245614035,0.07029610631848915,1534.0,False,True,False,False,False,False,True,False,False,False,NA,NA,NA,NA,NA,0.016669545690101914,0.19612068965517243,0.008415147265077139,0.05196451204055766,0.3878960238068795,0.5468949761342701,0,1,0,1,0,1,0,1,0,1,0.0,NA,0,1,0,True,False
0,0,0,0,0,0,0,0,0,0,0,0,0,0,0,0,0,0,0,0,0,0,0,0,0,0,0,0,0,0,0,0,0,0,0,0,0,0,0,0,1,0,0,0,0,0,0,0,0,0,0,0,0,0,0,0,0,0,0,0,0,0,0,0,0,0,0,0,0,0,0,0,0,0,0,0,0,0,0,0,1,0,1,DO49182,0,0,0.4035087719298245,0.5833333333333333,deceased,progression,0.4035087719298245,0.06621590114245744,498.0,False,True,False,False,False,False,True,False,False,False,NA,NA,NA,NA,NA,0.0074278804629469685,0.19612068965517243,0.030855539971949508,0.05196451204055766,0.23960403875478695,0.5468949761342701,0,0,0,1,1,1,0,1,0,1,0.0,NA,0,1,0,True,False
1,0,0,0,1,0,0,0,1,0,1,0,1,0,1,0,1,0,1,0,1,0,1,0,1,0,1,0,0,0,1,0,1,0,0,0,0,0,1,0,1,0,0,0,0,0,1,0,1,0,1,0,1,0,1,0,0,0,1,0,1,0,0,0,1,0,0,0,0,0,0,0,1,0,0,0,1,0,1,0,1,0,1,DO49168,0,0,0.4385964912280702,0.5833333333333333,alive,stable,0.4385964912280702,0.07029610631848915,149.0,False,True,False,False,False,False,False,False,True,False,NA,NA,NA,NA,NA,0.026256693729486955,0.19612068965517243,0.012622720897615708,0.05196451204055766,0.30965784949859443,0.5468949761342701,0,1,0,1,0,1,0,1,0,1,1.0,NA,0,1,0,True,False
0,0,0,0,0,0,0,0,0,0,0,0,0,0,0,0,0,0,0,0,0,0,0,0,0,0,0,0,0,0,0,0,0,0,1,0,0,0,0,0,1,0,0,0,0,0,0,0,0,0,0,0,0,0,0,0,0,0,0,0,0,0,0,0,0,0,0,0,0,0,0,0,0,0,0,0,0,0,0,0,1,0,1,DO49165,0,0,0.4035087719298245,0.5833333333333333,alive,stable,0.4035087719298245,0.07029610631848915,205.0,True,False,False,False,False,False,False,False,True,False,NA,NA,NA,NA,NA,0.014078424598376231,0.19612068965517243,0.030855539971949508,0.05196451204055766,0.28447110389718966,0.5468949761342701,0,1,0,1,1,1,0,1,0,1,1.0,NA,0,1,0,True,False
1,0,0,0,0,0,0,0,1,0,0,0,1,0,1,0,1,0,1,0,0,0,1,0,1,0,1,0,1,0,0,0,1,0,0,0,0,0,0,0,1,0,0,0,0,0,1,0,1,0,1,0,1,0,1,0,0,0,1,0,1,0,1,0,1,0,0,0,0,0,0,0,1,0,0,0,0,0,0,0,1,0,1,DO49166,0,0,0.12280701754385959,0.5833333333333333,alive,progression,0.12280701754385959,0.07029610631848915,222.0,True,False,False,False,False,False,True,False,False,False,NA,NA,NA,NA,NA,0.01166004491276559,0.19612068965517243,0.037868162692847124,0.05196451204055766,0.3621254702043545,0.5468949761342701,0,1,0,1,0,1,0,1,0,1,0.0,NA,0,1,0,True,False
1,0,0,0,0,0,0,0,1,0,1,0,1,0,1,0,1,0,1,0,1,0,1,0,1,0,1,0,0,0,1,0,1,0,0,0,0,0,0,0,1,0,0,0,0,0,1,0,1,0,1,0,1,0,1,0,0,0,1,0,1,0,0,0,1,0,0,0,0,0,0,0,1,0,0,0,0,0,0,0,1,0,1,DO49175,0,0,0.6140350877192982,0.5833333333333333,deceased,progression,0.6140350877192982,0.08113779435765912,414.0,False,True,False,False,False,False,True,False,False,False,NA,NA,NA,NA,NA,0.014596648816721368,0.19612068965517243,0.0182328190743338,0.05196451204055766,0.3899959673406266,0.5468949761342701,0,0,0,1,0,1,0,1,0,1,0.0,NA,0,1,0,True,False
1,0,0,0,0,0,0,0,0,0,1,0,1,0,1,0,1,0,1,0,1,0,1,0,1,0,1,0,1,0,1,0,1,0,0,0,0,0,1,0,1,0,0,0,0,0,1,0,1,0,1,0,1,0,1,0,0,0,1,0,1,0,0,0,1,0,0,0,1,0,1,0,1,0,0,0,0,0,1,0,1,0,1,DO49172,0,0,0.4736842105263157,0.5833333333333333,deceased,progression,0.4736842105263157,0.16041035206341803,1021.0,True,False,False,False,False,False,True,False,False,False,NA,NA,NA,NA,NA,0.020642598030747968,0.19612068965517243,0.008415147265077139,0.05196451204055766,0.43309972951745723,0.5468949761342701,0,0,0,1,0,1,0,1,0,1,0.0,NA,0,1,0,True,False
1,0,0,0,0,0,1,0,1,0,1,0,1,0,1,0,1,0,1,0,1,0,1,0,1,0,1,0,1,0,1,0,1,0,1,0,0,0,0,0,1,0,0,0,0,0,1,0,1,0,1,0,1,0,1,0,1,0,1,0,1,0,0,0,1,0,1,0,0,0,1,0,1,0,0,0,1,0,1,0,1,0,1,DO49158,0,0,0.7192982456140351,0.5833333333333333,deceased,NA,0.7192982456140351,0.07029610631848915,278.0,True,False,False,False,False,False,False,False,False,True,NA,NA,NA,NA,NA,0.019260666781827602,0.19612068965517243,0.037868162692847124,0.05196451204055766,0.5510032155707687,0.5468949761342701,0,1,0,1,0,1,0,1,0,1,NA,NA,0,1,0,True,False
0,0,0,0,0,0,0,0,0,0,0,0,0,0,0,0,0,0,0,0,0,0,0,0,0,0,0,0,0,0,0,0,0,0,0,0,0,0,0,0,1,0,0,0,0,0,0,0,0,0,0,0,0,0,0,0,0,0,0,0,0,0,0,0,0,0,0,0,0,0,0,0,0,0,0,0,0,0,0,0,1,0,1,DO49159,0,0,0.631578947368421,0.5833333333333333,alive,progression,0.631578947368421,0.17276754488225693,1042.0,False,True,False,False,False,False,True,False,False,False,NA,NA,NA,NA,NA,0.0038866816375885296,0.19612068965517243,0.030855539971949508,0.05196451204055766,0.279912271456355,0.5468949761342701,0,0,0,1,1,1,0,1,0,1,0.0,NA,0,1,0,True,False
0,0,0,0,0,0,0,0,0,0,0,0,0,0,0,0,0,0,0,0,0,0,0,0,0,0,0,0,0,0,0,0,0,0,0,0,0,0,0,0,1,0,0,0,0,0,0,0,0,0,0,0,0,0,0,0,0,0,0,0,0,0,0,0,0,0,0,0,0,0,0,0,0,0,0,0,0,0,0,0,1,0,1,DO49156,0,0,0.5964912280701753,0.5833333333333333,alive,progression,0.5964912280701753,0.08999766845418512,505.0,False,True,False,False,False,False,True,False,False,False,NA,NA,NA,NA,NA,0.002159267576438072,0.19612068965517243,0.030855539971949508,0.05196451204055766,0.26319862839561836,0.5468949761342701,1,0,0,1,1,1,0,1,1,1,0.0,NA,0,1,0,True,False
0,0,0,0,0,0,0,0,0,0,0,0,0,0,0,0,0,0,0,0,0,0,0,0,0,0,0,0,0,0,0,0,0,0,0,0,0,0,0,0,1,0,0,0,0,0,0,0,0,0,0,0,0,0,0,0,0,0,0,0,0,0,0,0,0,0,0,0,0,0,0,0,0,0,0,0,0,0,1,0,1,0,1,DO49157,0,0,0.631578947368421,0.5833333333333333,alive,stable,0.631578947368421,0.07029610631848915,974.0,True,False,False,False,False,False,False,False,True,False,NA,NA,NA,NA,NA,0.008896182414924857,0.19612068965517243,0.030855539971949508,0.05196451204055766,0.21217236401823672,0.5468949761342701,0,1,0,1,1,1,0,1,0,1,1.0,NA,0,1,0,True,False
0,0,0,0,0,0,0,0,0,0,0,0,0,0,0,0,1,0,0,0,0,0,0,0,0,0,0,0,0,0,0,0,0,0,0,0,0,0,1,0,1,0,0,0,0,0,0,0,0,0,0,0,0,0,0,0,0,0,0,0,0,0,0,0,0,0,0,0,0,0,0,0,0,0,0,0,0,0,1,0,1,0,1,DO49154,0,0,0.6491228070175437,0.5833333333333333,deceased,stable,0.6491228070175437,0.07029610631848915,154.0,False,True,False,False,False,False,False,False,True,False,NA,NA,NA,NA,NA,0.009759889445500087,0.19612068965517243,0.030855539971949508,0.05196451204055766,0.3035000388821919,0.5468949761342701,0,1,0,1,1,1,0,1,0,1,1.0,NA,0,1,0,True,False
0,0,0,0,0,0,0,0,0,0,0,0,0,0,0,0,0,0,0,0,0,0,0,0,0,0,0,0,0,0,0,0,0,0,0,0,0,0,0,0,1,0,0,0,0,0,0,0,0,0,0,0,0,0,0,0,0,0,0,0,1,0,0,0,0,0,0,0,0,0,0,0,0,0,0,0,0,0,1,0,1,0,1,DO49155,0,0,0.7894736842105261,0.5833333333333333,deceased,progression,0.7894736842105261,0.09629284215434833,442.0,True,False,False,False,False,False,True,False,False,False,NA,NA,NA,NA,NA,0.0074278804629469685,0.19612068965517243,0.030855539971949508,0.05196451204055766,0.26675482634348635,0.5468949761342701,0,0,0,1,1,1,0,1,0,1,0.0,NA,0,1,0,True,False
0,0,0,0,0,0,0,0,0,0,0,0,0,0,0,0,0,0,0,0,0,0,0,0,0,0,0,0,0,0,0,0,0,0,0,0,0,0,0,0,1,0,0,0,0,0,0,0,0,0,0,0,0,0,0,0,0,0,0,0,0,0,0,0,0,0,0,0,0,0,0,0,0,0,0,0,0,0,0,0,1,0,1,DO49163,0,0,0.49122807017543857,0.5833333333333333,alive,progression,0.49122807017543857,0.07041268360923292,302.0,True,False,False,False,False,False,True,False,False,False,NA,NA,NA,NA,NA,0.001554672655035412,0.19612068965517243,0.030855539971949508,0.05196451204055766,0.262056005490062,0.5468949761342701,0,0,0,1,1,1,0,1,0,1,0.0,NA,0,1,0,True,False
1,0,0,0,0,0,0,0,1,0,1,0,1,0,1,0,1,0,1,0,1,0,1,0,1,0,1,0,0,0,0,0,1,0,0,0,0,0,0,0,1,0,0,0,0,0,1,0,1,0,1,0,1,0,1,0,0,0,1,0,1,0,1,0,1,0,0,0,0,0,0,0,1,0,0,0,1,0,1,0,1,0,1,DO49161,0,0,0.5263157894736841,0.5833333333333333,alive,stable,0.5263157894736841,0.07029610631848915,603.0,False,True,False,False,False,False,False,False,True,False,NA,NA,NA,NA,NA,0.006736914838486785,0.19612068965517243,0.0070126227208976155,0.05196451204055766,0.3378804706305413,0.5468949761342701,0,1,0,1,0,1,0,1,0,1,1.0,NA,0,1,0,True,False
0,0,0,0,0,0,0,0,0,0,0,0,0,0,0,0,1,0,0,0,0,0,0,0,0,0,0,0,0,0,0,0,0,0,0,0,0,0,0,0,1,0,0,0,1,0,0,0,0,0,0,0,0,0,0,0,0,0,0,0,0,0,0,0,0,0,0,0,0,0,0,0,0,0,0,0,0,0,1,0,1,0,1,DO49162,0,0,0.6140350877192982,0.5833333333333333,alive,stable,0.6140350877192982,0.07029610631848915,419.0,True,False,False,False,False,False,False,False,True,False,NA,NA,NA,NA,NA,0.009673518742442563,0.19612068965517243,0.030855539971949508,0.05196451204055766,0.24641836121130886,0.5468949761342701,0,1,0,1,1,1,0,1,0,1,1.0,NA,0,1,0,True,False
0,0,0,0,0,0,0,0,0,0,0,0,0,0,0,0,1,0,0,0,0,0,0,0,0,0,0,0,0,0,0,0,0,0,0,0,0,0,0,0,1,0,0,0,0,0,0,0,0,0,0,0,0,0,0,0,0,0,0,0,0,0,0,0,0,0,0,0,0,0,0,0,0,0,0,0,0,0,0,0,1,0,1,DO49160,0,0,0.8245614035087718,0.5833333333333333,deceased,progression,0.8245614035087718,0.07029610631848915,71.0,True,False,False,False,False,False,True,False,False,False,NA,NA,NA,NA,NA,0.008550699602694766,0.19612068965517243,0.030855539971949508,0.05196451204055766,0.38618605202015044,0.5468949761342701,0,1,0,1,1,1,0,1,0,1,0.0,NA,0,1,0,True,False
1,0,0,0,0,0,1,0,1,0,1,0,1,0,1,0,1,0,1,0,1,0,1,0,1,0,1,0,1,0,0,0,1,0,0,0,0,0,0,0,1,0,0,0,1,0,1,0,1,0,1,0,1,0,1,0,0,0,1,0,1,0,0,0,1,0,0,0,0,0,0,0,1,0,0,0,1,0,1,0,1,0,1,DO49149,0,0,0.6491228070175437,0.5833333333333333,alive,stable,0.6491228070175437,0.07029610631848915,1920.0,False,True,False,False,False,False,False,False,True,False,NA,NA,NA,NA,NA,0.015287614441181551,0.19612068965517243,0.023842917251051893,0.05196451204055766,0.4995812468317995,0.5468949761342701,0,1,0,1,0,1,0,1,0,1,1.0,NA,0,1,0,True,False
0,0,0,0,0,0,0,0,0,0,0,0,0,0,0,0,0,0,0,0,0,0,0,0,0,0,0,0,0,0,0,0,0,0,0,0,0,0,0,0,1,0,0,0,0,0,0,0,0,0,0,0,0,0,0,0,0,0,0,0,0,0,0,0,0,0,0,0,0,0,0,0,0,0,0,0,0,0,1,0,1,0,1,DO49147,0,0,0.5438596491228069,0.5833333333333333,alive,stable,0.5438596491228069,0.07029610631848915,363.0,False,True,False,False,False,False,False,False,True,False,NA,NA,NA,NA,NA,0.004836759371221282,0.19612068965517243,0.030855539971949508,0.05196451204055766,0.24037753608918164,0.5468949761342701,0,1,0,1,1,1,0,1,0,1,1.0,NA,0,1,0,True,False
0,0,0,0,0,0,0,0,0,0,0,0,0,0,0,0,0,0,0,0,0,0,0,0,0,0,0,0,0,0,0,0,0,0,0,0,0,0,0,0,1,0,0,0,0,0,0,0,0,0,0,0,0,0,0,0,0,0,0,0,0,0,0,0,0,0,0,0,0,0,0,0,0,0,1,0,0,0,1,0,1,0,1,DO49148,0,0,0.6140350877192982,0.5833333333333333,deceased,progression,0.6140350877192982,0.05875495453485661,722.0,False,True,False,False,False,False,True,False,False,False,NA,NA,NA,NA,NA,0.014769390222836415,0.19612068965517243,0.030855539971949508,0.05196451204055766,0.2679519121856374,0.5468949761342701,0,0,0,1,1,1,0,1,0,1,0.0,NA,0,1,0,True,False
1,0,1,0,0,0,0,0,1,0,1,0,1,0,1,0,1,0,1,0,1,0,1,0,1,0,1,0,0,0,0,0,1,0,0,0,0,0,1,0,1,0,1,0,0,0,1,0,1,0,1,0,1,0,1,0,0,0,1,0,1,0,0,0,1,0,1,0,1,0,1,0,0,0,0,0,0,0,1,0,1,0,1,DO49145,0,0,0.4385964912280702,0.5833333333333333,deceased,progression,0.4385964912280702,0.026113313126602936,185.0,True,False,False,False,False,False,True,False,False,False,NA,NA,NA,NA,NA,0.006045949214026602,0.19612068965517243,0.005610098176718092,0.05196451204055766,0.41469930889535966,0.5468949761342701,0,0,0,1,0,1,0,1,0,1,0.0,NA,0,1,0,True,False
0,0,0,0,0,0,0,0,0,0,0,0,0,0,0,0,0,0,0,0,0,0,0,0,0,0,0,0,0,0,0,0,0,0,0,0,0,0,0,0,1,0,0,0,0,0,0,0,0,0,0,0,0,0,0,0,0,0,0,0,0,0,0,0,0,0,0,0,0,0,0,0,0,0,0,0,0,0,1,0,1,0,1,DO49146,0,0,0.6140350877192982,0.5833333333333333,alive,stable,0.6140350877192982,0.07029610631848915,564.0,True,False,False,False,False,False,False,False,True,False,NA,NA,NA,NA,NA,0.0036275695284159614,0.19612068965517243,0.030855539971949508,0.05196451204055766,0.18698328103018166,0.5468949761342701,0,1,0,1,1,1,0,1,0,1,1.0,NA,0,1,0,True,False
0,0,0,0,0,0,0,0,0,0,0,0,0,0,0,0,0,0,0,0,0,0,0,0,0,0,0,0,0,0,0,0,0,0,0,0,0,0,0,0,1,0,0,0,0,0,0,0,0,0,0,0,0,0,0,0,0,0,0,0,0,0,0,0,0,0,0,0,0,0,0,0,0,0,0,0,0,0,1,0,1,0,1,DO49143,0,0,0.7543859649122806,0.5833333333333333,deceased,progression,0.7543859649122806,0.07029610631848915,1256.0,True,False,False,False,False,False,True,False,False,False,NA,NA,NA,NA,NA,0.0061323199170841254,0.19612068965517243,0.030855539971949508,0.05196451204055766,0.348803636838795,0.5468949761342701,0,1,0,1,1,1,0,1,0,1,0.0,NA,0,1,0,True,False
0,0,0,0,0,0,0,0,0,0,0,0,0,0,0,0,0,0,0,0,0,0,0,0,0,0,0,0,0,0,0,0,0,0,0,0,0,0,0,0,1,0,0,0,0,0,0,0,0,0,0,0,0,0,0,0,0,0,0,0,0,0,0,0,0,0,0,0,0,0,0,0,0,0,0,0,0,0,1,0,1,0,1,DO49144,0,0,0.5964912280701753,0.5833333333333333,deceased,progression,0.5964912280701753,0.07029610631848915,1632.0,False,True,False,False,False,False,True,False,False,False,NA,NA,NA,NA,NA,0.004750388668163759,0.19612068965517243,0.030855539971949508,0.05196451204055766,0.20001738457267934,0.5468949761342701,0,1,0,1,1,1,0,1,0,1,0.0,NA,0,1,0,True,False
0,0,0,0,0,0,0,0,0,0,0,0,0,0,0,0,0,0,0,0,0,0,0,0,0,0,0,0,0,0,0,0,0,0,0,0,0,0,0,0,1,0,0,0,0,0,0,0,0,0,0,0,0,0,0,0,0,0,0,0,0,0,0,0,0,0,0,0,0,0,0,0,0,0,0,0,0,0,1,0,1,0,1,DO49152,0,0,0.5614035087719298,0.5833333333333333,deceased,stable,0.5614035087719298,0.07029610631848915,13.0,False,True,False,False,False,False,False,False,True,False,NA,NA,NA,NA,NA,0.007686992572119538,0.19612068965517243,0.030855539971949508,0.05196451204055766,0.35810136636805023,0.5468949761342701,0,1,0,1,1,1,0,1,0,1,1.0,NA,0,1,0,True,False
1,0,0,0,1,0,0,0,1,0,1,0,1,0,1,0,1,0,1,0,1,0,1,0,0,0,1,0,1,0,1,0,1,0,0,0,0,0,0,0,1,0,0,0,0,0,1,0,1,0,1,0,1,0,1,0,0,0,1,0,1,0,1,0,1,0,0,0,0,0,0,0,1,0,0,0,1,0,1,0,1,0,1,DO49150,0,0,0.6140350877192982,0.5833333333333333,deceased,progression,0.6140350877192982,0.05549079039403124,330.0,True,False,False,False,False,False,True,False,False,False,NA,NA,NA,NA,NA,0.01468301951977889,0.19612068965517243,0.02664796633941094,0.05196451204055766,0.37944692991290385,0.5468949761342701,0,0,0,1,0,1,0,1,0,1,0.0,NA,0,1,0,True,False
1,0,0,0,0,0,0,0,0,0,1,0,1,0,1,0,1,0,1,0,1,0,1,0,0,0,1,0,0,0,0,0,1,0,0,0,0,0,0,0,1,0,0,0,0,0,1,0,1,0,1,0,1,0,1,0,0,0,1,0,1,0,0,0,1,0,0,0,0,0,0,0,1,0,0,0,0,0,0,0,1,0,1,DO49151,0,0,0.7192982456140351,0.5833333333333333,deceased,progression,0.7192982456140351,0.07029610631848915,56.0,False,True,False,False,False,False,True,False,False,False,NA,NA,NA,NA,NA,0.005873207807911556,0.19612068965517243,0.0,0.05196451204055766,0.31977630446334204,0.5468949761342701,0,1,0,1,0,1,0,1,0,1,0.0,NA,0,1,0,True,False
1,0,0,0,0,0,0,0,1,0,1,0,1,0,1,0,1,0,1,0,1,0,1,0,1,0,1,0,1,0,0,0,1,0,0,0,0,0,0,0,1,0,0,0,0,0,1,0,1,0,1,0,1,0,1,0,1,0,1,0,1,0,0,0,1,0,0,0,0,0,1,0,0,0,1,0,1,0,1,0,1,0,1,DO49138,0,0,0.7192982456140351,0.5833333333333333,deceased,progression,0.7192982456140351,0.07029610631848915,230.0,False,True,False,False,False,False,True,False,False,False,NA,NA,NA,NA,NA,0.04949041285196061,0.19612068965517243,0.008415147265077139,0.05196451204055766,0.49443272421755724,0.5468949761342701,0,1,0,1,0,1,0,1,0,1,0.0,NA,0,1,0,True,False
0,0,0,0,0,0,0,0,0,0,0,0,0,0,0,0,0,0,0,0,0,0,0,0,0,0,0,0,1,0,0,0,1,0,0,0,0,0,0,0,1,0,0,0,0,0,0,0,0,0,0,0,0,0,0,0,0,0,0,0,0,0,0,0,0,0,0,0,0,0,0,0,0,0,0,0,0,0,0,0,1,0,1,DO49136,0,0,0.42105263157894735,0.5833333333333333,alive,progression,0.42105263157894735,0.0391699696899044,309.0,True,False,False,False,False,False,True,False,False,False,NA,NA,NA,NA,NA,0.015287614441181551,0.19612068965517243,0.030855539971949508,0.05196451204055766,0.1826128799646248,0.5468949761342701,0,0,0,1,1,1,0,1,0,1,0.0,NA,0,1,0,True,False
1,0,0,0,0,0,0,0,0,0,1,0,1,0,1,0,1,0,1,0,1,0,1,0,1,0,1,0,0,0,1,0,1,0,0,0,0,0,1,0,1,0,0,0,0,0,1,0,1,0,0,0,1,0,1,0,0,0,1,0,1,0,0,0,1,0,0,0,0,0,0,0,0,0,0,0,0,0,0,0,1,0,1,DO49137,0,0,0.5964912280701753,0.5833333333333333,alive,progression,0.5964912280701753,0.01049195616693868,232.0,True,False,False,False,False,False,True,False,False,False,NA,NA,NA,NA,NA,0.025392986698911726,0.19612068965517243,0.06732117812061711,0.05196451204055766,0.30044565652682376,0.5468949761342701,0,0,0,1,0,1,0,1,0,1,0.0,NA,0,1,0,True,False
0,0,0,0,0,0,0,0,0,0,0,0,0,0,0,0,0,0,0,0,0,0,0,0,0,0,0,0,0,0,0,0,0,0,0,0,0,0,0,0,1,0,0,0,0,0,0,0,0,0,0,0,0,0,0,0,0,0,0,0,0,0,0,0,0,0,0,0,0,0,0,0,0,0,0,0,0,0,1,0,1,0,1,DO49134,0,0,0.8771929824561402,0.5833333333333333,alive,progression,0.8771929824561402,0.02284914898577757,350.0,True,False,False,False,False,False,True,False,False,False,NA,NA,NA,NA,NA,0.010105372257730179,0.19612068965517243,0.030855539971949508,0.05196451204055766,0.22527408072532265,0.5468949761342701,0,0,0,1,1,1,0,1,0,1,0.0,NA,0,1,0,True,False
1,0,0,0,1,0,1,0,1,0,1,0,1,0,1,0,1,0,1,0,1,0,1,0,1,0,1,0,1,0,0,0,1,0,0,0,0,0,0,0,1,0,0,0,1,0,1,0,1,0,1,0,1,0,1,0,0,0,1,0,1,0,0,0,1,0,0,0,0,0,0,0,1,0,0,0,0,0,1,0,1,0,1,DO49135,0,0,0.5614035087719298,0.5833333333333333,alive,stable,0.5614035087719298,0.07029610631848915,270.0,False,True,False,False,False,False,False,False,True,False,NA,NA,NA,NA,NA,0.019951632406287785,0.19612068965517243,0.0070126227208976155,0.05196451204055766,0.3868231968948256,0.5468949761342701,0,1,0,1,0,1,0,1,0,1,1.0,NA,0,1,0,True,False
0,0,0,0,0,0,0,0,0,0,0,0,0,0,0,0,0,0,0,0,0,0,0,0,0,0,0,0,1,0,0,0,0,0,0,0,0,0,0,0,0,0,0,0,0,0,0,0,0,0,0,0,0,0,0,0,0,0,0,0,0,0,0,0,0,0,0,0,0,0,0,0,0,0,0,0,0,0,0,0,1,0,1,DO49132,0,0,0.9298245614035086,0.5833333333333333,alive,stable,0.9298245614035086,0.07029610631848915,349.0,True,False,False,False,False,False,False,False,True,False,NA,NA,NA,NA,NA,0.0017274140611504578,0.19612068965517243,0.030855539971949508,0.05196451204055766,0.2242172837254612,0.5468949761342701,0,1,0,1,1,1,0,1,0,1,1.0,NA,0,1,0,True,False
1,0,0,0,0,0,0,0,1,0,1,0,1,0,1,0,1,0,1,0,0,0,1,0,1,0,1,0,0,0,1,0,1,0,0,0,1,0,0,0,1,0,0,0,0,0,1,0,1,0,1,0,1,0,1,0,0,0,1,0,1,0,0,0,1,0,0,0,0,0,0,0,1,0,0,0,0,0,0,0,1,0,1,DO49133,0,0,0.3859649122807016,0.5833333333333333,alive,stable,0.3859649122807016,0.07029610631848915,188.0,True,False,False,False,False,False,False,False,True,False,NA,NA,NA,NA,NA,0.00958714803938504,0.19612068965517243,0.008415147265077139,0.05196451204055766,0.28762774665982427,0.5468949761342701,0,1,0,1,0,1,0,1,0,1,1.0,NA,0,1,0,True,False
1,0,0,0,0,0,0,0,1,0,1,0,1,0,1,0,1,0,1,0,1,0,1,0,1,0,1,0,1,0,1,0,1,0,0,0,0,0,0,0,1,0,0,0,0,0,1,0,1,0,1,0,1,0,1,0,0,0,1,0,1,0,0,0,1,0,0,0,0,0,0,0,1,0,0,0,0,0,1,0,1,0,1,DO49141,0,0,0.5263157894736841,0.5833333333333333,deceased,progression,0.5263157894736841,0.028444858941478197,357.0,False,True,False,False,False,False,True,False,False,False,NA,NA,NA,NA,NA,0.013301088270858526,0.19612068965517243,0.043478260869565216,0.05196451204055766,0.6680495094988708,0.5468949761342701,0,0,0,1,0,1,0,1,0,1,0.0,NA,0,1,0,True,False
1,0,0,0,1,0,0,0,0,0,1,0,1,0,1,0,1,0,1,0,1,0,1,0,1,0,1,0,0,0,0,0,1,0,1,0,0,0,1,0,1,0,0,0,1,0,1,0,1,0,1,0,1,0,1,0,1,0,1,0,1,0,0,0,1,0,0,0,0,0,0,0,1,0,0,0,1,0,0,0,1,0,1,DO49142,0,0,0.6666666666666665,0.5833333333333333,deceased,progression,0.6666666666666665,0.07029610631848915,111.0,False,True,False,False,False,False,True,False,False,False,NA,NA,NA,NA,NA,0.010019001554672655,0.19612068965517243,0.004207573632538569,0.05196451204055766,0.42612080394996676,0.5468949761342701,0,1,0,1,0,1,0,1,0,1,0.0,NA,0,1,0,True,False
0,0,0,0,0,0,0,0,0,0,0,0,0,0,0,0,0,0,0,0,0,0,0,0,0,0,0,0,0,0,0,0,0,0,0,0,0,0,1,0,1,0,0,0,0,0,0,0,0,0,0,0,0,0,0,0,0,0,0,0,0,0,0,0,0,0,0,0,0,0,0,0,0,0,0,0,0,0,1,0,1,0,1,DO49140,0,0,0.7192982456140351,0.5833333333333333,deceased,progression,0.7192982456140351,0.06808113779435765,560.0,True,False,False,False,False,False,True,False,False,False,NA,NA,NA,NA,NA,0.010796337882190362,0.19612068965517243,0.030855539971949508,0.05196451204055766,0.25765686543759203,0.5468949761342701,0,0,0,1,1,1,0,1,0,1,0.0,NA,0,1,0,True,False
1,0,0,0,1,0,1,0,0,0,1,0,1,0,1,0,1,0,1,0,0,0,1,0,1,0,1,0,1,0,1,0,1,0,0,0,0,0,0,0,1,0,0,0,0,0,1,0,1,0,1,0,1,0,1,0,0,0,1,0,1,0,0,0,1,0,0,0,0,0,0,0,0,0,0,0,1,0,0,0,1,0,1,DO49129,0,0,0.29824561403508765,0.5833333333333333,alive,stable,0.29824561403508765,0.07029610631848915,337.0,False,True,False,False,False,False,False,False,True,False,NA,NA,NA,NA,NA,0.014769390222836415,0.19612068965517243,0.005610098176718092,0.05196451204055766,0.35114448540099663,0.5468949761342701,0,1,0,1,0,1,0,1,0,1,1.0,NA,0,1,0,True,False
1,0,0,0,0,0,0,0,1,0,1,0,1,0,1,0,1,0,1,0,1,0,1,0,1,0,1,0,0,0,0,0,1,0,0,0,0,0,0,0,1,0,0,0,0,0,1,0,1,0,1,0,1,0,1,0,0,0,1,0,1,0,0,0,1,0,0,0,0,0,0,0,1,0,0,0,0,0,1,0,1,0,1,DO49127,0,0,0.7719298245614035,0.5833333333333333,alive,stable,0.7719298245614035,0.07029610631848915,392.0,True,False,False,False,False,False,False,False,True,False,NA,NA,NA,NA,NA,0.017792364829849715,0.19612068965517243,0.005610098176718092,0.05196451204055766,0.33729137051783076,0.5468949761342701,0,1,0,1,0,1,0,1,0,1,1.0,NA,0,1,0,True,False
0,0,0,0,0,0,0,0,0,0,0,0,0,0,0,0,0,0,0,0,0,0,0,0,0,0,0,0,0,0,0,0,0,0,0,0,0,0,0,0,1,0,0,0,0,0,0,0,0,0,0,0,0,0,0,0,0,0,0,0,0,0,0,0,0,0,0,0,0,0,0,0,0,0,0,0,0,0,1,0,1,0,1,DO49128,0,0,0.5614035087719298,0.5833333333333333,alive,stable,0.5614035087719298,0.07029610631848915,326.0,True,False,False,False,False,False,False,False,True,False,NA,NA,NA,NA,NA,0.0069960269476593544,0.19612068965517243,0.030855539971949508,0.05196451204055766,0.2610150419108599,0.5468949761342701,0,1,0,1,1,1,0,1,0,1,1.0,NA,0,1,0,True,False
0,0,1,0,0,0,0,0,0,0,0,0,0,0,0,0,0,0,0,0,0,0,0,0,0,0,0,0,0,0,0,0,0,0,0,0,0,0,0,0,1,0,0,0,0,0,0,0,0,0,0,0,0,0,0,0,0,0,0,0,0,0,0,0,0,0,1,0,0,0,0,0,0,0,0,0,0,0,0,0,1,0,1,DO49125,0,0,0.3859649122807016,0.5833333333333333,alive,progression,0.3859649122807016,0.05852179995336908,406.0,False,True,False,False,False,False,True,False,False,False,NA,NA,NA,NA,NA,0.0012955605458628433,0.19612068965517243,0.030855539971949508,0.05196451204055766,0.2771600578394161,0.5468949761342701,0,0,0,1,1,1,0,1,0,1,0.0,NA,0,1,0,True,False
0,0,0,0,0,0,0,0,0,0,0,0,0,0,0,0,0,0,0,0,0,0,0,0,0,0,0,0,0,0,0,0,0,0,0,0,0,0,0,0,1,0,0,0,0,0,0,0,0,0,0,0,0,0,0,0,0,0,0,0,0,0,0,0,0,0,0,0,0,0,0,0,0,0,0,0,0,0,0,0,1,0,1,DO49126,0,0,0.45614035087719285,0.5833333333333333,alive,progression,0.45614035087719285,0.06388435532758219,363.0,True,False,False,False,False,False,True,False,False,False,NA,NA,NA,NA,NA,0.0025047503886681637,0.19612068965517243,0.030855539971949508,0.05196451204055766,0.18582610824103682,0.5468949761342701,0,0,0,1,1,1,0,1,0,1,0.0,NA,0,1,0,True,False
0,0,0,0,0,0,0,0,0,0,0,0,0,0,0,0,0,0,0,0,0,0,0,0,0,0,0,0,0,0,0,0,0,0,0,0,0,0,0,0,1,0,0,0,0,0,0,0,0,0,0,0,0,0,0,0,0,0,0,0,0,0,0,0,0,0,0,0,0,0,0,0,0,0,0,0,0,0,1,0,1,0,1,DO49123,0,0,0.8245614035087718,0.5833333333333333,deceased,progression,0.8245614035087718,0.04872930753089298,348.0,True,False,False,False,False,False,True,False,False,False,NA,NA,NA,NA,NA,0.003022974607013301,0.19612068965517243,0.030855539971949508,0.05196451204055766,0.20412950296826246,0.5468949761342701,0,0,0,1,1,1,0,1,0,1,0.0,NA,0,1,0,True,False
0,0,0,0,0,0,0,0,0,0,0,0,0,0,0,0,0,0,0,0,0,0,0,0,0,0,0,0,0,0,0,0,0,0,0,0,0,0,0,0,0,0,0,0,0,0,0,0,0,0,0,0,0,0,0,0,0,0,0,0,0,0,0,0,0,0,0,0,0,0,0,0,0,0,0,0,0,0,0,0,1,0,1,DO49124,0,0,0.5964912280701753,0.5833333333333333,alive,progression,0.5964912280701753,0.07029610631848915,377.0,False,True,False,False,False,False,True,False,False,False,NA,NA,NA,NA,NA,8.637070305752289e-05,0.19612068965517243,0.030855539971949508,0.05196451204055766,0.4070907555008527,0.5468949761342701,0,1,0,1,1,1,0,1,0,1,0.0,NA,0,1,0,True,False
0,0,0,0,0,0,0,0,0,0,0,0,0,0,0,0,0,0,0,0,0,0,0,0,0,0,0,0,0,0,0,0,0,0,0,0,0,0,0,0,1,0,0,0,0,0,0,0,0,0,0,0,0,0,0,0,0,0,0,0,0,0,0,0,0,0,0,0,0,0,0,0,0,0,0,0,0,0,0,0,1,0,1,DO49121,0,0,0.6140350877192982,0.5833333333333333,alive,progression,0.6140350877192982,0.07029610631848915,447.0,False,True,False,False,False,False,True,False,False,False,NA,NA,NA,NA,NA,0.003973052340646053,0.19612068965517243,0.030855539971949508,0.05196451204055766,0.21889737362896436,0.5468949761342701,0,1,0,1,1,1,0,1,0,1,0.0,NA,0,1,0,True,False
1,0,0,0,0,0,0,0,1,0,1,0,1,0,0,0,1,0,1,0,1,0,1,0,1,0,1,0,0,0,1,0,1,0,0,0,0,0,0,0,1,0,0,0,1,0,1,0,1,0,1,0,1,0,1,0,0,0,1,0,0,0,0,0,1,0,0,0,0,0,0,0,1,0,0,0,1,0,1,0,1,0,1,DO49130,0,0,0.7543859649122806,0.5833333333333333,alive,stable,0.7543859649122806,0.07029610631848915,351.0,True,False,False,False,False,False,False,False,True,False,NA,NA,NA,NA,NA,0.013992053895318707,0.19612068965517243,0.04067321178120617,0.05196451204055766,0.3803427973586121,0.5468949761342701,0,1,0,1,0,1,0,1,0,1,1.0,NA,0,1,0,True,False
0,0,0,0,0,0,0,0,0,0,0,0,0,0,0,0,0,0,0,0,0,0,0,0,0,0,0,0,0,0,0,0,0,0,0,0,0,0,0,0,1,0,0,0,0,0,0,0,0,0,0,0,0,0,1,0,0,0,0,0,0,0,0,0,0,0,0,0,0,0,0,0,0,0,0,0,0,0,1,0,1,0,1,DO49118,0,0,0.7894736842105261,0.5833333333333333,deceased,progression,0.7894736842105261,0.07029610631848915,369.0,True,False,False,False,False,False,True,False,False,False,NA,NA,NA,NA,NA,0.014596648816721368,0.19612068965517243,0.030855539971949508,0.05196451204055766,0.2545447431593001,0.5468949761342701,0,1,0,1,1,1,0,1,0,1,0.0,NA,0,1,0,True,False
0,0,0,0,0,0,0,0,0,0,0,0,0,0,0,0,0,0,0,0,0,0,0,0,0,0,0,0,0,0,0,0,0,0,0,0,0,0,0,0,1,0,0,0,0,0,0,0,0,0,0,0,0,0,0,0,0,0,0,0,0,0,0,0,0,0,0,0,0,0,0,0,0,0,0,0,0,0,1,0,1,0,1,DO49116,0,0,0.5087719298245612,0.5833333333333333,alive,stable,0.5087719298245612,0.07029610631848915,419.0,True,False,False,False,False,False,False,False,True,False,NA,NA,NA,NA,NA,0.007686992572119538,0.19612068965517243,0.030855539971949508,0.05196451204055766,0.24583900588209193,0.5468949761342701,0,1,0,1,1,1,0,1,0,1,1.0,NA,0,1,0,True,False
0,0,0,0,0,0,0,0,0,0,0,0,0,0,0,0,0,0,0,0,0,0,0,0,0,0,0,0,0,0,0,0,0,0,0,0,0,0,0,0,1,0,0,0,0,0,0,0,0,0,0,0,0,0,0,0,0,0,0,0,0,0,0,0,0,0,0,0,0,0,0,0,0,0,0,0,0,0,0,0,1,0,1,DO49115,0,0,0.6140350877192982,0.5833333333333333,alive,progression,0.6140350877192982,0.07600839356493355,378.0,True,False,False,False,False,False,True,False,False,False,NA,NA,NA,NA,NA,0.0013819312489203662,0.19612068965517243,0.030855539971949508,0.05196451204055766,0.15285183341088057,0.5468949761342701,0,0,0,1,1,1,0,1,0,1,0.0,NA,0,1,0,True,False
0,0,0,0,0,0,0,0,0,0,0,0,0,0,0,0,0,0,0,0,0,0,0,0,0,0,0,0,0,0,0,0,0,0,0,0,0,0,0,0,0,0,0,0,0,0,0,0,0,0,0,0,0,0,0,0,0,0,0,0,0,0,0,0,0,0,0,0,0,0,0,0,0,0,0,0,0,0,0,0,1,0,1,DO49112,0,0,0.5789473684210527,0.5833333333333333,alive,stable,0.5789473684210527,0.07029610631848915,441.0,False,True,False,False,False,False,False,False,True,False,NA,NA,NA,NA,NA,0.00025911210917256864,0.19612068965517243,0.030855539971949508,0.05196451204055766,0.9775066772032026,0.5468949761342701,0,1,0,1,1,1,0,1,0,1,1.0,NA,0,1,0,True,False
1,0,0,0,1,0,0,0,1,0,1,0,1,0,1,0,1,0,1,0,1,0,1,0,1,0,1,0,0,0,1,0,1,0,1,0,0,0,0,0,1,0,0,0,0,0,1,0,1,0,1,0,1,0,1,0,0,0,1,0,1,0,0,0,1,0,0,0,0,0,0,0,0,0,0,0,1,0,1,0,1,0,1,DO49113,0,0,0.22807017543859642,0.5833333333333333,alive,stable,0.22807017543859642,0.07029610631848915,413.0,True,False,False,False,False,False,False,False,True,False,NA,NA,NA,NA,NA,0.02098808084297806,0.19612068965517243,0.008415147265077139,0.05196451204055766,0.37228272871344426,0.5468949761342701,0,1,0,1,0,1,0,1,0,1,1.0,NA,0,1,0,True,False
0,0,0,0,0,0,0,0,0,0,0,0,0,0,0,0,0,0,0,0,0,0,0,0,0,0,0,0,0,0,0,0,0,0,0,0,0,0,0,0,1,0,0,0,0,0,0,0,0,0,0,0,0,0,0,0,0,0,0,0,0,0,0,0,0,0,0,0,0,0,0,0,0,0,0,0,0,0,0,0,1,0,1,DO49111,0,0,0.5614035087719298,0.5833333333333333,alive,progression,0.5614035087719298,0.07029610631848915,487.0,True,False,False,False,False,False,True,False,False,False,NA,NA,NA,NA,NA,0.0025047503886681637,0.19612068965517243,0.030855539971949508,0.05196451204055766,0.22332264265797067,0.5468949761342701,0,1,0,1,1,1,0,1,0,1,0.0,NA,0,1,0,True,False
0,0,0,0,0,0,0,0,0,0,0,0,0,0,0,0,0,0,0,0,0,0,0,0,0,0,0,0,0,0,0,0,0,0,0,0,0,0,0,0,1,0,0,0,0,0,0,0,0,0,0,0,0,0,0,0,0,0,0,0,0,0,0,0,0,0,0,0,0,0,0,0,0,0,0,0,0,0,0,0,1,0,1,DO49109,0,0,0.42105263157894735,0.5833333333333333,deceased,stable,0.42105263157894735,0.07029610631848915,19.0,True,False,False,False,False,False,False,False,True,False,NA,NA,NA,NA,NA,0.0009500777336327517,0.19612068965517243,0.030855539971949508,0.05196451204055766,0.3191559274345078,0.5468949761342701,0,1,0,1,1,1,0,1,0,1,1.0,NA,0,1,0,True,False
0,0,0,0,0,0,0,0,0,0,0,0,0,0,0,0,0,0,0,0,0,0,0,0,0,0,0,0,0,0,0,0,0,0,0,0,0,0,0,0,1,0,0,0,0,0,0,0,0,0,0,0,0,0,0,0,0,0,0,0,0,0,0,0,0,0,0,0,0,0,0,0,0,0,0,0,0,0,1,0,1,0,1,DO49101,0,0,0.7543859649122806,0.5833333333333333,deceased,progression,0.7543859649122806,0.057589181627418974,385.0,False,True,False,False,False,False,True,False,False,False,NA,NA,NA,NA,NA,0.003109345310070824,0.19612068965517243,0.030855539971949508,0.05196451204055766,0.1352535601528979,0.5468949761342701,0,0,0,1,1,1,0,1,0,1,0.0,NA,0,1,0,True,False
0,0,0,0,0,0,0,0,0,0,0,0,0,0,0,0,0,0,0,0,0,0,1,0,0,0,0,0,0,0,0,0,0,0,0,0,0,0,0,0,1,0,0,0,0,0,0,0,0,0,0,0,0,0,0,0,0,0,0,0,0,0,0,0,0,0,0,0,0,0,0,0,0,0,0,0,0,0,1,0,1,0,1,DO49100,0,0,0.807017543859649,0.5833333333333333,alive,stable,0.807017543859649,0.07029610631848915,308.0,False,True,False,False,False,False,False,False,True,False,NA,NA,NA,NA,NA,0.0057004664017965105,0.19612068965517243,0.030855539971949508,0.05196451204055766,0.2280472319378575,0.5468949761342701,0,1,0,1,1,1,0,1,0,1,1.0,NA,0,1,0,True,False
0,0,0,0,0,0,0,0,0,0,0,0,0,0,0,0,0,0,0,0,0,0,0,0,0,0,0,0,0,0,0,0,0,0,0,0,0,0,0,0,1,0,0,0,0,0,0,0,0,0,0,0,0,0,0,0,0,0,0,0,1,0,0,0,0,0,0,0,0,0,1,0,0,0,0,0,0,0,0,0,1,0,1,DO49089,0,0,0.3508771929824561,0.5833333333333333,alive,stable,0.3508771929824561,0.07029610631848915,474.0,False,True,False,False,False,False,False,False,True,False,NA,NA,NA,NA,NA,0.004318535152876145,0.19612068965517243,0.030855539971949508,0.05196451204055766,0.2278067474784872,0.5468949761342701,0,1,0,1,1,1,0,1,0,1,1.0,NA,0,1,0,True,False
0,0,0,0,0,0,0,0,0,0,0,0,0,0,0,0,0,0,0,0,0,0,0,0,0,0,0,0,0,0,0,0,0,0,0,0,0,0,0,0,0,0,0,0,0,0,0,0,0,0,0,0,0,0,0,0,0,0,0,0,0,0,0,0,0,0,0,0,0,0,0,0,0,0,0,0,0,0,0,0,1,0,1,DO49097,0,0,0.3859649122807016,0.5833333333333333,deceased,progression,0.3859649122807016,0.15411517836325483,894.0,True,False,False,False,False,False,True,False,False,False,NA,NA,NA,NA,NA,0.00034548281223009154,0.19612068965517243,0.030855539971949508,0.05196451204055766,0.2617512558281331,0.5468949761342701,0,0,0,1,1,1,0,1,0,1,0.0,NA,0,1,0,True,False
0,0,0,0,0,0,0,0,0,0,0,0,0,0,0,0,0,0,0,0,0,0,0,0,0,0,0,0,0,0,0,0,0,0,0,0,0,0,0,0,1,0,0,0,0,0,0,0,0,0,0,0,0,0,0,0,0,0,0,0,0,0,0,0,0,0,0,0,0,0,0,0,0,0,0,0,0,0,0,0,1,0,1,DO49096,0,0,0.7894736842105261,0.5833333333333333,alive,progression,0.7894736842105261,0.16973653532291907,1328.0,False,True,False,False,False,False,True,False,False,False,NA,NA,NA,NA,NA,0.0017274140611504578,0.19612068965517243,0.030855539971949508,0.05196451204055766,0.14098625873894224,0.5468949761342701,0,0,0,1,1,1,0,1,0,1,0.0,NA,0,1,0,True,False
0,0,0,0,0,0,0,0,0,0,0,0,0,0,0,0,0,0,0,0,0,0,0,0,0,0,0,0,0,0,0,0,0,0,0,0,0,0,0,0,1,0,0,0,0,0,0,0,0,0,0,0,0,0,0,0,0,0,0,0,0,0,0,0,0,0,0,0,0,0,0,0,0,0,0,0,0,0,0,0,1,0,1,DO49094,0,0,0.5789473684210527,0.5833333333333333,alive,progression,0.5789473684210527,0.07029610631848915,1429.0,False,True,False,False,False,False,True,False,False,False,NA,NA,NA,NA,NA,0.0005182242183451373,0.19612068965517243,0.030855539971949508,0.05196451204055766,0.2295063643650628,0.5468949761342701,0,1,0,1,1,1,0,1,0,1,0.0,NA,0,1,0,True,False
1,0,0,0,0,0,0,0,1,0,1,0,1,0,1,0,1,0,1,0,1,0,1,0,1,0,1,0,0,0,1,0,1,0,0,0,0,0,0,0,0,0,0,0,0,0,1,0,0,0,1,0,1,0,1,0,0,0,1,0,1,0,0,0,1,0,0,0,0,0,1,0,1,0,0,0,1,0,1,0,1,0,1,DO49090,0,0,0.7719298245614035,0.5833333333333333,deceased,progression,0.7719298245614035,0.015155047796689204,152.0,True,False,False,False,False,False,True,False,False,False,NA,NA,NA,NA,NA,0.01856970115736742,0.19612068965517243,0.0364656381486676,0.05196451204055766,0.636183129499959,0.5468949761342701,0,0,0,1,0,1,0,1,0,1,0.0,NA,0,1,0,True,False
1,0,0,0,1,0,0,0,1,0,1,0,1,0,1,0,1,0,1,0,1,0,1,0,1,0,1,0,1,0,1,0,1,0,1,0,0,0,0,0,1,0,0,0,0,0,1,0,1,0,1,0,1,0,1,0,0,0,1,0,1,0,0,0,1,0,0,0,0,0,0,0,1,0,0,0,1,0,1,0,1,0,1,DO49079,0,0,0.29824561403508765,0.5833333333333333,deceased,progression,0.29824561403508765,0.004196782466775472,332.0,False,True,False,False,False,False,True,False,False,False,NA,NA,NA,NA,NA,0.034375539816894105,0.19612068965517243,0.0364656381486676,0.05196451204055766,0.406292073259074,0.5468949761342701,0,0,0,1,0,1,0,1,0,1,0.0,NA,0,1,0,True,False
0,0,0,0,0,0,1,0,1,0,1,0,1,0,1,0,1,0,1,0,1,0,1,0,1,0,1,0,0,0,0,0,1,0,0,0,0,0,0,0,1,0,1,0,0,0,1,0,1,0,1,0,1,0,1,0,0,0,1,0,1,0,0,0,1,0,0,0,0,0,0,0,1,0,0,0,1,0,0,0,1,0,1,DO49078,0,0,0.807017543859649,0.5833333333333333,deceased,progression,0.807017543859649,0.09862438796922358,465.0,False,True,False,False,False,False,True,False,False,False,NA,NA,NA,NA,NA,0.01563309725341164,0.19612068965517243,0.005610098176718092,0.05196451204055766,0.4117782646922461,0.5468949761342701,0,0,0,1,0,1,0,1,0,1,0.0,NA,0,1,0,True,False
1,0,0,0,0,0,0,0,1,0,1,0,1,0,1,0,1,0,1,0,1,0,1,0,1,0,1,0,0,0,1,0,1,0,0,0,0,0,0,0,0,0,0,0,0,0,1,0,1,0,1,0,1,0,1,0,0,0,1,0,1,0,0,0,1,0,0,0,0,0,0,0,1,0,0,0,1,0,1,0,1,0,1,DO49087,0,0,0.6140350877192982,0.5833333333333333,deceased,progression,0.6140350877192982,0.07029610631848915,260.0,True,False,False,False,False,False,True,False,False,False,NA,NA,NA,NA,NA,0.036966660908619796,0.19612068965517243,0.014025245441795231,0.05196451204055766,0.28236259446962897,0.5468949761342701,0,1,0,1,0,1,0,1,0,1,0.0,NA,0,1,0,True,False
1,0,1,0,1,0,0,0,1,0,1,0,1,0,1,0,1,0,1,0,1,0,1,0,1,0,1,0,1,0,0,0,1,0,0,0,0,0,0,0,1,0,0,0,0,0,1,0,1,0,1,0,1,0,1,0,0,0,1,0,1,0,0,0,1,0,0,0,1,0,0,0,0,0,0,0,1,0,0,0,1,0,1,DO49080,0,0,0.4736842105263157,0.5833333333333333,alive,stable,0.4736842105263157,0.07029610631848915,83.0,False,True,False,False,False,False,False,False,True,False,NA,NA,NA,NA,NA,0.035843841768871995,0.19612068965517243,0.009817671809256662,0.05196451204055766,0.32827193445098013,0.5468949761342701,0,1,0,1,0,1,0,1,0,1,1.0,NA,0,1,0,True,False
0,0,0,0,0,0,0,0,0,0,0,0,0,0,0,0,0,0,0,0,0,0,0,0,0,0,0,0,0,0,0,0,0,0,0,0,0,0,0,0,0,0,0,0,0,0,0,0,0,0,0,0,0,0,0,0,0,0,0,0,0,0,0,0,0,0,0,0,0,0,0,0,0,0,0,0,0,0,0,0,1,0,1,DO49081,0,0,0.5087719298245612,0.5833333333333333,deceased,progression,0.5087719298245612,0.07029610631848915,132.0,False,True,False,False,False,False,True,False,False,False,NA,NA,NA,NA,NA,0.0019865261703230263,0.19612068965517243,0.030855539971949508,0.05196451204055766,0.11409492381951289,0.5468949761342701,0,1,0,1,1,1,0,1,0,1,0.0,NA,0,1,0,True,False
0,0,0,0,0,0,0,0,0,0,0,0,0,0,0,0,0,0,0,0,0,0,0,0,0,0,0,0,0,0,0,0,1,0,0,0,0,0,0,0,1,0,0,0,0,0,0,0,0,0,0,0,0,0,0,0,0,0,0,0,0,0,0,0,0,0,1,0,0,0,0,0,0,0,0,0,0,0,0,0,1,0,1,DO49075,0,0,0.9298245614035086,0.5833333333333333,deceased,progression,0.9298245614035086,0.04733038004196782,238.0,True,False,False,False,False,False,True,False,False,False,NA,NA,NA,NA,NA,0.012782864052513387,0.19612068965517243,0.030855539971949508,0.05196451204055766,0.2220921754036236,0.5468949761342701,0,0,0,1,1,1,0,1,0,1,0.0,NA,0,1,0,True,False
1,0,0,0,0,0,0,0,0,0,1,0,1,0,1,0,1,0,1,0,1,0,1,0,1,0,1,0,0,0,1,0,1,0,0,0,0,0,0,0,0,0,0,0,1,0,1,0,1,0,1,0,1,0,1,0,1,0,1,0,0,0,0,0,1,0,0,0,0,0,0,0,1,0,0,0,1,0,0,0,1,0,1,DO49076,0,0,0.5438596491228069,0.5833333333333333,deceased,progression,0.5438596491228069,0.07903940312427139,480.0,False,True,False,False,False,False,True,False,False,False,NA,NA,NA,NA,NA,0.012955605458628434,0.19612068965517243,0.030855539971949508,0.05196451204055766,0.4223837046062804,0.5468949761342701,0,0,0,1,1,1,0,1,0,1,0.0,NA,0,1,0,True,False
1,0,0,0,0,0,0,0,1,0,1,0,1,0,1,0,1,0,1,0,1,0,1,0,1,0,1,0,0,0,1,0,1,0,0,0,0,0,1,0,1,0,0,0,0,0,1,0,1,0,1,0,1,0,1,0,0,0,0,0,1,0,0,0,1,0,0,0,0,0,0,0,1,0,0,0,1,0,1,0,1,0,1,DO49074,0,0,0.2807017543859649,0.5833333333333333,deceased,progression,0.2807017543859649,0.07029610631848915,168.0,False,True,False,False,False,False,True,False,False,False,NA,NA,NA,NA,NA,0.012091898428053204,0.19612068965517243,0.009817671809256662,0.05196451204055766,0.6704376372615863,0.5468949761342701,0,1,0,1,0,1,0,1,0,1,0.0,NA,0,1,0,True,False
0,0,0,0,0,0,0,0,0,0,0,0,0,0,0,0,0,0,0,0,0,0,0,0,0,0,0,0,0,0,0,0,0,0,0,0,0,0,0,0,1,0,0,0,0,0,0,0,0,0,0,0,0,0,0,0,0,0,0,0,0,0,0,0,0,0,0,0,0,0,0,0,0,0,0,0,0,0,0,0,1,0,1,DO49099,0,0,0.45614035087719285,0.5833333333333333,deceased,progression,0.45614035087719285,0.030543250174865935,226.0,True,False,False,False,False,False,True,False,False,False,NA,NA,NA,NA,NA,0.00025911210917256864,0.19612068965517243,0.030855539971949508,0.05196451204055766,0.1718241893537201,0.5468949761342701,0,0,0,1,1,1,0,1,0,1,0.0,NA,0,1,0,True,False
0,0,0,0,0,0,0,0,0,0,0,0,0,0,0,0,0,0,0,0,0,0,0,0,0,0,0,0,0,0,0,0,0,0,0,0,0,0,0,0,1,0,0,0,0,0,0,0,0,0,0,0,0,0,0,0,0,0,0,0,0,0,0,0,0,0,0,0,0,0,0,0,0,0,0,0,0,0,0,0,1,0,1,DO33280,0,0,0.5438596491228069,0.5833333333333333,deceased,NA,0.5438596491228069,0.07029610631848915,30.0,False,True,False,False,False,False,False,False,False,True,NA,NA,NA,NA,NA,0.005095871480393851,0.19612068965517243,0.030855539971949508,0.05196451204055766,0.20747489992035958,0.5468949761342701,0,1,0,1,1,1,0,1,0,1,NA,NA,0,1,0,True,False
0,0,0,0,0,0,0,0,0,0,0,0,0,0,0,0,0,0,0,0,0,0,0,0,0,0,0,0,0,0,0,0,0,0,0,0,0,0,0,0,0,0,0,0,0,0,0,0,0,0,0,0,0,0,0,0,0,0,0,0,0,0,0,0,0,0,0,0,0,0,0,0,0,0,0,0,0,0,0,0,1,0,1,DO33272,0,0,0.5087719298245612,0.5833333333333333,deceased,NA,0.5087719298245612,0.07029610631848915,320.0,False,True,False,False,False,False,False,False,False,True,NA,NA,NA,NA,NA,0.0,0.19612068965517243,0.030855539971949508,0.05196451204055766,0.5950408963370155,0.5468949761342701,0,1,0,1,1,1,0,1,0,1,NA,NA,0,1,0,True,False
1,0,0,0,0,0,0,0,1,0,1,0,1,0,1,0,1,0,1,0,1,0,1,0,1,0,1,0,1,0,1,0,1,0,0,0,0,0,0,0,1,0,0,0,0,0,1,0,1,0,1,0,1,0,1,0,0,0,1,0,1,0,1,0,1,0,0,0,0,0,0,0,1,0,0,0,1,0,1,0,1,0,1,DO33288,0,0,0.6666666666666665,0.5833333333333333,alive,progression,0.6666666666666665,0.11331312660293774,1408.0,False,True,False,False,False,False,True,False,False,False,NA,NA,NA,NA,NA,0.037830367939195024,0.19612068965517243,0.025245441795231416,0.05196451204055766,0.4029530712830892,0.5468949761342701,0,0,0,1,0,1,0,1,0,1,0.0,NA,0,1,0,True,False
1,0,0,0,0,0,0,0,1,0,1,0,1,0,1,0,1,0,1,0,1,0,1,0,1,0,1,0,0,0,0,0,1,0,0,0,0,0,0,0,1,0,0,0,0,0,1,0,1,0,1,0,1,0,1,0,0,0,0,0,0,0,0,0,1,0,0,0,0,0,0,0,0,0,0,0,1,0,0,0,1,0,1,DO34584,0,0,0.4736842105263157,0.5833333333333333,alive,stable,0.4736842105263157,0.07029610631848915,903.0,True,False,False,False,False,False,False,False,True,False,NA,NA,NA,NA,NA,0.007859733978234583,0.19612068965517243,0.0182328190743338,0.05196451204055766,0.6072615952693563,0.5468949761342701,0,1,0,1,0,1,0,1,0,1,1.0,NA,0,1,0,True,False
1,0,0,0,0,0,0,0,1,0,1,0,1,0,1,0,1,0,1,0,1,0,1,0,1,0,1,0,0,0,0,0,1,0,0,0,1,0,1,0,1,0,1,0,1,0,1,0,1,0,1,0,1,0,1,0,1,0,1,0,1,0,0,0,1,0,1,0,0,0,0,0,1,0,0,0,1,0,0,0,1,0,1,DO33264,0,0,0.8245614035087718,0.5833333333333333,deceased,NA,0.8245614035087718,0.07029610631848915,205.0,False,True,False,False,False,False,False,False,False,True,NA,NA,NA,NA,NA,0.04050785973397823,0.19612068965517243,0.005610098176718092,0.05196451204055766,0.5276559369256785,0.5468949761342701,0,1,0,1,0,1,0,1,0,1,NA,NA,0,1,0,True,False
0,0,0,0,0,0,0,0,0,0,0,0,0,0,0,0,0,0,0,0,0,0,0,0,0,0,0,0,0,0,0,0,0,0,0,0,0,0,0,0,1,0,0,0,0,0,0,0,0,0,0,0,0,0,0,0,0,0,0,0,0,0,0,0,0,0,0,0,0,0,0,0,0,0,0,0,0,0,0,0,1,0,1,DO33232,0,0,0.6491228070175437,0.5833333333333333,alive,progression,0.6491228070175437,0.07029610631848915,1107.0,True,False,False,False,False,False,True,False,False,False,NA,NA,NA,NA,NA,0.005009500777336328,0.19612068965517243,0.030855539971949508,0.05196451204055766,0.26698181378883945,0.5468949761342701,0,1,0,1,1,1,0,1,0,1,0.0,NA,0,1,0,True,False
0,0,0,0,0,0,0,0,0,0,0,0,0,0,0,0,0,0,0,0,0,0,0,0,0,0,0,0,0,0,0,0,0,0,0,0,0,0,0,0,1,0,0,0,0,0,0,0,0,0,0,0,0,0,0,0,0,0,0,0,0,0,0,0,0,0,0,0,0,0,0,0,0,0,0,0,0,0,0,0,1,0,1,DO34576,0,0,0.5087719298245612,0.5833333333333333,alive,progression,0.5087719298245612,0.006761482863138261,929.0,True,False,False,False,False,False,True,False,False,False,NA,NA,NA,NA,NA,0.006823285541544309,0.19612068965517243,0.030855539971949508,0.05196451204055766,0.2194217549542,0.5468949761342701,0,0,0,1,1,1,0,1,0,1,0.0,NA,0,1,0,True,False
1,0,0,0,0,0,0,0,0,0,1,0,1,0,1,0,1,0,1,0,1,0,1,0,1,0,1,0,0,0,1,0,1,0,0,0,0,0,1,0,1,0,0,0,0,0,1,0,1,0,1,0,1,0,1,0,0,0,1,0,1,0,0,0,1,0,0,0,0,0,0,0,0,0,0,0,1,0,0,0,1,0,1,DO33248,0,0,0.6491228070175437,0.5833333333333333,deceased,progression,0.6491228070175437,0.049661925856843085,796.0,True,False,False,False,False,False,True,False,False,False,NA,NA,NA,NA,NA,0.022542753498013473,0.19612068965517243,0.05890603085553997,0.05196451204055766,0.4494932842730718,0.5468949761342701,0,0,0,1,0,1,0,1,0,1,0.0,NA,0,1,0,True,False
0,0,0,0,0,0,0,0,0,0,0,0,0,0,0,0,0,0,0,0,0,0,0,0,0,0,0,0,0,0,0,0,0,0,0,0,0,0,0,0,0,0,0,0,0,0,0,0,0,0,0,0,0,0,0,0,0,0,0,0,0,0,0,0,0,0,0,0,0,0,0,0,0,0,0,0,0,0,1,0,1,0,1,DO33240,0,0,0.3157894736842104,0.5833333333333333,deceased,progression,0.3157894736842104,0.07029610631848915,347.0,False,True,False,False,False,False,True,False,False,False,NA,NA,NA,NA,NA,0.007341509759889446,0.19612068965517243,0.030855539971949508,0.05196451204055766,0.250373087735288,0.5468949761342701,0,1,0,1,1,1,0,1,0,1,0.0,NA,0,1,0,True,False
0,0,0,0,0,0,0,0,1,0,0,0,0,0,0,0,0,0,0,0,0,0,0,0,1,0,0,0,0,0,0,0,0,0,0,0,0,0,0,0,1,0,0,0,0,0,0,0,0,0,0,0,0,0,0,0,0,0,0,0,0,0,0,0,0,0,0,0,0,0,0,0,0,0,0,0,0,0,1,0,1,0,1,DO33216,0,0,0.1929824561403508,0.5833333333333333,deceased,progression,0.1929824561403508,0.028211704359990673,141.0,False,True,False,False,False,False,True,False,False,False,NA,NA,NA,NA,NA,0.003800310934531007,0.19612068965517243,0.030855539971949508,0.05196451204055766,0.20588127637173628,0.5468949761342701,0,0,0,1,1,1,0,1,0,1,0.0,NA,0,1,0,True,False
0,0,0,0,0,0,0,0,0,0,0,0,0,0,0,0,0,0,0,0,0,0,0,0,0,0,0,0,0,0,0,0,0,0,0,0,0,0,0,0,1,0,0,0,0,0,0,0,0,0,0,0,0,0,0,0,0,0,0,0,0,0,0,0,0,0,0,0,0,0,0,0,0,0,0,0,0,0,0,0,1,0,1,DO34544,0,0,0.7543859649122806,0.5833333333333333,alive,progression,0.7543859649122806,0.07029610631848915,427.0,False,True,False,False,False,False,True,False,False,False,NA,NA,NA,NA,NA,0.00898255311798238,0.19612068965517243,0.030855539971949508,0.05196451204055766,0.302548328480855,0.5468949761342701,0,1,0,1,1,1,0,1,0,1,0.0,NA,0,1,0,True,False
0,0,0,0,0,0,0,0,0,0,0,0,0,0,0,0,0,0,0,0,0,0,0,0,0,0,0,0,0,0,0,0,0,0,0,0,0,0,0,0,1,0,0,0,0,0,0,0,0,0,0,0,0,0,0,0,0,0,0,0,0,0,0,0,0,0,0,0,0,0,0,0,0,0,0,0,0,0,0,0,1,0,1,DO33224,0,0,0.3859649122807016,0.5833333333333333,deceased,stable,0.3859649122807016,0.07029610631848915,506.0,False,True,False,False,False,False,False,False,True,False,NA,NA,NA,NA,NA,0.007946104681292107,0.19612068965517243,0.030855539971949508,0.05196451204055766,0.20023216629566062,0.5468949761342701,0,1,0,1,1,1,0,1,0,1,1.0,NA,0,1,0,True,False
0,0,0,0,0,0,0,0,0,0,0,0,0,0,0,0,0,0,0,0,0,0,0,0,0,0,0,0,0,0,0,0,0,0,0,0,0,0,0,0,1,0,0,0,0,0,0,0,0,0,0,0,0,0,0,0,0,0,0,0,0,0,0,0,0,0,0,0,0,0,0,0,0,0,0,0,0,0,0,0,1,0,1,DO34520,0,0,0.807017543859649,0.5833333333333333,deceased,NA,0.807017543859649,0.07029610631848915,10.0,True,False,False,False,False,False,False,False,False,True,NA,NA,NA,NA,NA,0.008550699602694766,0.19612068965517243,0.030855539971949508,0.05196451204055766,0.2000790129315669,0.5468949761342701,0,1,0,1,1,1,0,1,0,1,NA,NA,0,1,0,True,False
1,0,0,0,0,0,0,0,1,0,1,0,1,0,1,0,1,0,1,0,0,0,1,0,1,0,1,0,0,0,1,0,1,0,0,0,0,0,0,0,1,0,0,0,0,0,1,0,1,0,1,0,1,0,1,0,0,0,1,0,1,0,0,0,1,0,0,0,0,0,0,0,1,0,0,0,0,0,1,0,1,0,1,DO33208,0,0,0.45614035087719285,0.5833333333333333,deceased,NA,0.45614035087719285,0.07029610631848915,281.0,False,True,False,False,False,False,False,False,False,True,NA,NA,NA,NA,NA,0.018396959751252374,0.19612068965517243,0.04067321178120617,0.05196451204055766,0.5117117163285128,0.5468949761342701,0,1,0,1,0,1,0,1,0,1,NA,NA,0,1,0,True,False
0,0,0,0,0,0,0,0,0,0,1,0,1,0,1,0,1,0,1,0,0,0,1,0,1,0,1,0,1,0,0,0,1,0,0,0,0,0,0,0,1,0,0,0,0,0,1,0,1,0,1,0,1,0,1,0,0,0,1,0,1,0,0,0,1,0,0,0,0,0,1,0,1,0,0,0,1,0,1,0,1,0,1,DO33200,0,0,1.0,0.5833333333333333,deceased,NA,1.0,0.07029610631848915,109.0,True,False,False,False,False,False,False,False,False,True,NA,NA,NA,NA,NA,0.024961133183624112,0.19612068965517243,0.008415147265077139,0.05196451204055766,0.5298469046155406,0.5468949761342701,0,1,0,1,0,1,0,1,0,1,NA,NA,0,1,0,True,False
1,0,0,0,0,0,0,0,0,0,1,0,1,0,1,0,1,0,1,0,1,0,1,0,1,0,1,0,0,0,0,0,1,0,0,0,0,0,0,0,0,0,0,0,0,0,1,0,1,0,1,0,1,0,1,0,0,0,1,0,1,0,0,0,1,0,0,0,0,0,0,0,1,0,0,0,1,0,1,0,1,0,1,DO34504,0,0,0.07017543859649122,0.5833333333333333,deceased,progression,0.07017543859649122,0.07029610631848915,257.0,False,True,False,False,False,False,True,False,False,False,NA,NA,NA,NA,NA,0.01286923475557091,0.19612068965517243,0.011220196353436185,0.05196451204055766,0.40730084796969934,0.5468949761342701,0,1,0,1,0,1,0,1,0,1,0.0,NA,0,1,0,True,False
0,0,0,0,0,0,0,0,0,0,0,0,0,0,0,0,0,0,0,0,0,0,0,0,0,0,1,0,0,0,0,0,0,0,0,0,0,0,0,0,1,0,0,0,0,0,0,0,0,0,0,0,0,0,0,0,0,0,0,0,0,0,0,0,0,0,0,0,0,0,0,0,0,0,0,0,0,0,0,0,1,0,1,DO33176,0,0,0.7894736842105261,0.5833333333333333,deceased,progression,0.7894736842105261,0.013989274889251573,125.0,False,True,False,False,False,False,True,False,False,False,NA,NA,NA,NA,NA,0.01347382967697357,0.19612068965517243,0.030855539971949508,0.05196451204055766,0.30378754395579566,0.5468949761342701,0,0,0,1,1,1,0,1,0,1,0.0,NA,0,1,0,True,False
0,0,0,0,0,0,0,0,0,0,0,0,0,0,0,0,0,0,1,0,0,0,0,0,0,0,0,0,0,0,0,0,0,0,0,0,0,0,1,0,1,0,0,0,0,0,0,0,0,0,0,0,0,0,0,0,0,0,0,0,0,0,0,0,0,0,0,0,0,0,0,0,0,0,0,0,0,0,0,0,1,0,1,DO33192,0,0,0.4736842105263157,0.5833333333333333,deceased,progression,0.4736842105263157,0.12054091862905106,653.0,False,True,False,False,False,False,True,False,False,False,NA,NA,NA,NA,NA,0.0052686128865088964,0.19612068965517243,0.030855539971949508,0.05196451204055766,0.14625849241796396,0.5468949761342701,0,0,0,1,1,1,0,1,0,1,0.0,NA,0,1,0,True,False
1,0,0,0,0,0,0,0,1,0,1,0,1,0,1,0,1,0,1,0,1,0,1,0,1,0,1,0,1,0,1,0,1,0,0,0,0,0,0,0,1,0,0,0,1,0,1,0,1,0,1,0,1,0,1,0,0,0,1,0,1,0,1,0,1,0,0,0,0,0,0,0,1,0,0,0,1,0,0,0,1,0,1,DO33184,0,0,0.6491228070175437,0.5833333333333333,deceased,progression,0.6491228070175437,0.07087899277220797,913.0,False,True,False,False,False,False,True,False,False,False,NA,NA,NA,NA,NA,0.02962515114873035,0.19612068965517243,0.0070126227208976155,0.05196451204055766,0.3707214510715885,0.5468949761342701,0,0,0,1,0,1,0,1,0,1,0.0,NA,0,1,0,True,False
0,0,0,0,0,0,0,0,0,0,0,0,0,0,0,0,0,0,0,0,0,0,0,0,0,0,0,0,0,0,0,0,0,0,0,0,0,0,0,0,1,0,0,0,0,0,0,0,0,0,0,0,0,0,0,0,0,0,0,0,0,0,0,0,0,0,0,0,0,0,0,0,0,0,0,0,0,0,1,0,1,0,1,DO34480,0,0,0.24561403508771917,0.5833333333333333,alive,stable,0.24561403508771917,0.07029610631848915,634.0,True,False,False,False,False,False,False,False,True,False,NA,NA,NA,NA,NA,0.003022974607013301,0.19612068965517243,0.030855539971949508,0.05196451204055766,0.19477064666910557,0.5468949761342701,0,1,0,1,1,1,0,1,0,1,1.0,NA,0,1,0,True,False
1,0,0,0,0,0,0,0,1,0,1,0,1,0,1,0,1,0,1,0,1,0,1,0,1,0,1,0,0,0,1,0,1,0,0,0,0,0,0,0,1,0,0,0,0,0,1,0,1,0,1,0,1,0,1,0,0,0,1,0,1,0,1,0,1,0,0,0,0,0,0,0,1,0,0,0,1,0,0,0,1,0,1,DO33152,0,0,0.9649122807017543,0.5833333333333333,deceased,progression,0.9649122807017543,0.08510142224294708,430.0,False,True,False,False,False,False,True,False,False,False,NA,NA,NA,NA,NA,0.020210744515460354,0.19612068965517243,0.008415147265077139,0.05196451204055766,0.7111909275700986,0.5468949761342701,0,0,0,1,0,1,0,1,0,1,0.0,NA,0,1,0,True,False
1,0,0,0,1,0,0,0,1,0,1,0,1,0,1,0,1,0,1,0,1,0,1,0,1,0,1,0,1,0,0,0,1,0,1,0,0,0,0,0,1,0,0,0,0,0,1,0,1,0,1,0,1,0,1,0,1,0,1,0,1,0,0,0,1,0,0,0,0,0,0,0,1,0,0,0,1,0,1,0,1,0,1,DO33168,0,0,0.8245614035087718,0.5833333333333333,deceased,NA,0.8245614035087718,0.07029610631848915,8.0,True,False,False,False,False,False,False,False,False,True,NA,NA,NA,NA,NA,0.022801865607186042,0.19612068965517243,0.0,0.05196451204055766,0.2971969275882592,0.5468949761342701,0,1,0,1,0,1,0,1,0,1,NA,NA,0,1,0,True,False
0,0,0,0,0,0,0,0,0,0,0,0,0,0,0,0,0,0,0,0,0,0,0,0,0,0,0,0,0,0,0,0,0,0,0,0,0,0,0,0,0,0,0,0,0,0,0,0,0,0,0,0,0,0,0,0,0,0,0,0,0,0,0,0,0,0,0,0,0,0,0,0,0,0,0,0,0,0,0,0,1,0,1,DO34496,0,0,0.7017543859649122,0.5833333333333333,deceased,progression,0.7017543859649122,0.07029610631848915,412.0,False,True,False,False,False,False,True,False,False,False,NA,NA,NA,NA,NA,0.01286923475557091,0.19612068965517243,0.030855539971949508,0.05196451204055766,0.2578137789479975,0.5468949761342701,0,1,0,1,1,1,0,1,0,1,0.0,NA,0,1,0,True,False
1,0,0,0,0,0,0,0,1,0,1,0,1,0,1,0,1,0,1,0,1,0,1,0,1,0,1,0,0,0,1,0,1,0,0,0,0,0,1,0,1,0,0,0,1,0,1,0,1,0,1,0,1,0,1,0,0,0,1,0,1,0,0,0,1,0,0,0,0,0,0,0,0,0,0,0,0,0,1,0,1,0,1,DO33160,0,0,0.7894736842105261,0.5833333333333333,deceased,progression,0.7894736842105261,0.07029610631848915,1091.0,True,False,False,False,False,False,True,False,False,False,NA,NA,NA,NA,NA,0.022024529279668335,0.19612068965517243,0.004207573632538569,0.05196451204055766,0.38872938963993053,0.5468949761342701,0,1,0,1,0,1,0,1,0,1,0.0,NA,0,1,0,True,False
0,0,0,0,0,0,0,0,0,0,0,0,0,0,0,0,0,0,0,0,0,0,0,0,0,0,0,0,0,0,0,0,0,0,0,0,0,0,0,0,1,0,0,0,0,0,0,0,0,0,0,0,0,0,0,0,0,0,0,0,0,0,0,0,0,0,0,0,0,0,0,0,0,0,0,0,0,0,0,0,1,0,1,DO33136,0,0,0.6666666666666665,0.5833333333333333,alive,stable,0.6666666666666665,0.07029610631848915,1395.0,False,True,False,False,False,False,False,False,True,False,NA,NA,NA,NA,NA,0.0052686128865088964,0.19612068965517243,0.030855539971949508,0.05196451204055766,0.3007341339514248,0.5468949761342701,0,1,0,1,1,1,0,1,0,1,1.0,NA,0,1,0,True,False
0,0,0,0,0,0,0,0,0,0,0,0,0,0,0,0,0,0,0,0,0,0,0,0,0,0,0,0,0,0,0,0,0,0,0,0,1,0,0,0,1,0,0,0,0,0,0,0,0,0,0,0,0,0,0,0,0,0,0,0,0,0,0,0,0,0,0,0,0,0,0,0,0,0,0,0,0,0,0,0,1,0,1,DO34464,0,0,0.8771929824561402,0.5833333333333333,alive,progression,0.8771929824561402,0.07029610631848915,663.0,True,False,False,False,False,False,True,False,False,False,NA,NA,NA,NA,NA,0.004577647262048713,0.19612068965517243,0.030855539971949508,0.05196451204055766,0.281322486857014,0.5468949761342701,0,1,0,1,1,1,0,1,0,1,0.0,NA,0,1,0,True,False
0,0,0,0,0,0,0,0,0,0,0,0,0,0,0,0,0,0,0,0,0,0,0,0,0,0,0,0,0,0,0,0,0,0,0,0,0,0,1,0,1,0,0,0,0,0,0,0,0,0,0,0,0,0,0,0,0,0,0,0,0,0,0,0,0,0,1,0,0,0,0,0,0,0,0,0,0,0,0,0,1,0,1,DO33144,0,0,0.5789473684210527,0.5833333333333333,deceased,NA,0.5789473684210527,0.07029610631848915,460.0,False,True,False,False,False,False,False,False,False,True,NA,NA,NA,NA,NA,0.008550699602694766,0.19612068965517243,0.030855539971949508,0.05196451204055766,0.21000854939015282,0.5468949761342701,0,1,0,1,1,1,0,1,0,1,NA,NA,0,1,0,True,False
1,0,0,0,0,0,1,0,1,0,1,0,1,0,1,0,1,0,1,0,1,0,1,0,1,0,1,0,0,0,1,0,1,0,0,0,0,0,1,0,1,0,0,0,1,0,1,0,1,0,1,0,1,0,1,0,0,0,1,0,1,0,0,0,1,0,1,0,0,0,1,0,1,0,0,0,1,0,0,0,1,0,1,DO34448,0,0,0.807017543859649,0.5833333333333333,deceased,progression,0.807017543859649,0.07029610631848915,719.0,True,False,False,False,False,False,True,False,False,False,NA,NA,NA,NA,NA,0.07453791673864225,0.19612068965517243,0.029453015427769985,0.05196451204055766,0.4405473140547598,0.5468949761342701,0,1,0,1,0,1,0,1,0,1,0.0,NA,0,1,0,True,False
0,0,0,0,0,0,0,0,0,0,0,0,0,0,0,0,0,0,0,0,0,0,0,0,0,0,0,0,0,0,0,0,0,0,0,0,0,0,0,0,1,0,0,0,0,0,0,0,0,0,0,0,0,0,0,0,0,0,0,0,0,0,0,0,0,0,0,0,0,0,0,0,0,0,0,0,0,0,1,0,1,0,1,DO33112,0,0,0.6140350877192982,0.5833333333333333,deceased,progression,0.6140350877192982,0.021217066915364884,223.0,False,True,False,False,False,False,True,False,False,False,NA,NA,NA,NA,NA,0.006477802729314217,0.19612068965517243,0.030855539971949508,0.05196451204055766,0.3679715225417435,0.5468949761342701,0,0,0,1,1,1,0,1,0,1,0.0,NA,0,1,0,True,False
0,0,0,0,0,0,0,0,0,0,1,0,1,0,1,0,1,0,1,0,0,0,1,0,1,0,1,0,1,0,1,0,1,0,0,0,0,0,0,0,1,0,0,0,0,0,0,0,1,0,1,0,1,0,1,0,0,0,1,0,1,0,0,0,1,0,0,0,0,0,0,0,1,0,0,0,0,0,1,0,1,0,1,DO33128,0,0,0.6842105263157894,0.5833333333333333,deceased,NA,0.6842105263157894,0.07029610631848915,423.0,False,True,False,False,False,False,False,False,False,True,NA,NA,NA,NA,NA,0.018828813266539988,0.19612068965517243,0.005610098176718092,0.05196451204055766,0.31883193045404923,0.5468949761342701,0,1,0,1,0,1,0,1,0,1,NA,NA,0,1,0,True,False
0,0,0,0,0,0,0,0,0,0,0,0,0,0,0,0,0,0,0,0,0,0,0,0,0,0,0,0,0,0,0,0,0,0,0,0,0,0,0,0,1,0,0,0,0,0,0,0,0,0,0,0,0,0,0,0,0,0,0,0,0,0,0,0,0,0,0,0,0,0,0,0,0,0,0,0,0,0,0,0,1,0,1,DO34456,0,0,0.807017543859649,0.5833333333333333,alive,stable,0.807017543859649,0.07029610631848915,414.0,True,False,False,False,False,False,False,False,True,False,NA,NA,NA,NA,NA,0.0011228191397477975,0.19612068965517243,0.030855539971949508,0.05196451204055766,0.22109288277585917,0.5468949761342701,0,1,0,1,1,1,0,1,0,1,1.0,NA,0,1,0,True,False
0,0,0,0,0,0,0,0,0,0,0,0,0,0,0,0,0,0,0,0,0,0,0,0,0,0,0,0,0,0,0,0,0,0,1,0,0,0,0,0,1,0,0,0,0,0,0,0,0,0,0,0,0,0,0,0,0,0,0,0,0,0,0,0,0,0,0,0,0,0,0,0,0,0,0,0,0,0,0,0,1,0,1,DO33120,0,0,0.45614035087719285,0.5833333333333333,deceased,NA,0.45614035087719285,0.07029610631848915,563.0,False,True,False,False,False,False,False,False,False,True,NA,NA,NA,NA,NA,0.009155294524097427,0.19612068965517243,0.030855539971949508,0.05196451204055766,0.25431243738932297,0.5468949761342701,0,1,0,1,1,1,0,1,0,1,NA,NA,0,1,0,True,False
0,0,0,0,0,0,0,0,0,0,0,0,0,0,0,0,0,0,0,0,0,0,0,0,0,0,0,0,0,0,0,0,0,0,0,0,0,0,0,0,1,0,0,0,0,0,0,0,0,0,0,0,0,0,0,0,0,0,0,0,0,0,0,0,0,0,0,0,0,0,0,0,0,0,0,0,0,0,0,0,1,0,1,DO34424,0,0,0.29824561403508765,0.5833333333333333,deceased,progression,0.29824561403508765,0.07029610631848915,284.0,False,True,False,False,False,False,True,False,False,False,NA,NA,NA,NA,NA,0.0032820867161858698,0.19612068965517243,0.030855539971949508,0.05196451204055766,0.17193310827393268,0.5468949761342701,0,1,0,1,1,1,0,1,0,1,0.0,NA,0,1,0,True,False
0,0,0,0,0,0,0,0,0,0,0,0,0,0,0,0,0,0,0,0,0,0,0,0,0,0,0,0,0,0,1,0,0,0,0,0,0,0,0,0,1,0,0,0,0,0,0,0,0,0,0,0,0,0,0,0,0,0,0,0,0,0,0,0,0,0,0,0,0,0,0,0,0,0,0,0,0,0,1,0,1,0,1,DO33105,0,0,0.7894736842105261,0.5833333333333333,deceased,progression,0.7894736842105261,0.028211704359990673,142.0,False,True,False,False,False,False,True,False,False,False,NA,NA,NA,NA,NA,0.008723441008809812,0.19612068965517243,0.030855539971949508,0.05196451204055766,0.18997764903603118,0.5468949761342701,0,0,0,1,1,1,0,1,0,1,0.0,NA,0,1,0,True,False
0,0,0,0,0,0,0,0,0,0,1,0,1,0,1,0,1,0,1,0,1,0,1,0,1,0,1,0,0,0,0,0,1,0,0,0,0,0,1,0,0,0,1,0,0,0,1,0,1,0,1,0,1,0,1,0,0,0,1,0,1,0,0,0,1,0,0,0,0,0,0,0,0,0,0,0,1,0,1,0,1,0,1,DO34432,0,0,0.8596491228070176,0.5833333333333333,deceased,progression,0.8596491228070176,0.07029610631848915,400.0,True,False,False,False,False,False,True,False,False,False,NA,NA,NA,NA,NA,0.015805838659526686,0.19612068965517243,0.037868162692847124,0.05196451204055766,0.40210193055899723,0.5468949761342701,0,1,0,1,0,1,0,1,0,1,0.0,NA,0,1,0,True,False
1,0,0,0,0,0,0,0,0,0,1,0,0,0,0,0,1,0,1,0,0,0,1,0,1,0,1,0,0,0,0,0,0,0,0,0,0,0,1,0,1,0,0,0,0,0,0,0,1,0,1,0,1,0,1,0,0,0,1,0,1,0,0,0,1,0,0,0,0,0,0,0,1,0,0,0,1,0,1,0,1,0,1,DO33496,0,0,0.7543859649122806,0.5833333333333333,deceased,progression,0.7543859649122806,0.07029610631848915,695.0,True,False,False,False,False,False,True,False,False,False,NA,NA,NA,NA,NA,0.00535498358956642,0.19612068965517243,0.002805049088359046,0.05196451204055766,0.34477702100582885,0.5468949761342701,0,1,0,1,0,1,0,1,0,1,0.0,NA,0,1,0,True,False
1,0,0,0,0,0,0,0,1,0,1,0,0,0,1,0,1,0,1,0,1,0,1,0,1,0,1,0,1,0,1,0,1,0,0,0,0,0,1,0,1,0,0,0,0,0,1,0,1,0,1,0,1,0,1,0,0,0,1,0,1,0,0,0,1,0,0,0,0,0,0,0,1,0,0,0,1,0,0,0,1,0,1,DO33472,0,0,0.7368421052631577,0.5833333333333333,deceased,progression,0.7368421052631577,0.06365120074609466,388.0,True,False,False,False,False,False,True,False,False,False,NA,NA,NA,NA,NA,0.02098808084297806,0.19612068965517243,0.004207573632538569,0.05196451204055766,0.552008565428473,0.5468949761342701,0,0,0,1,0,1,0,1,0,1,0.0,NA,0,1,0,True,False
1,0,0,0,1,0,0,0,1,0,1,0,1,0,1,0,1,0,1,0,1,0,1,0,1,0,1,0,0,0,1,0,1,0,0,0,0,0,1,0,0,0,1,0,0,0,1,0,1,0,1,0,1,0,1,0,0,0,1,0,1,0,0,0,1,0,0,0,0,0,0,0,1,0,0,0,1,0,0,0,1,0,1,DO33488,0,0,0.49122807017543857,0.5833333333333333,alive,stable,0.49122807017543857,0.07029610631848915,844.0,False,True,False,False,False,False,False,False,True,False,NA,NA,NA,NA,NA,0.03990326481257557,0.19612068965517243,0.009817671809256662,0.05196451204055766,0.4393468244504779,0.5468949761342701,0,1,0,1,0,1,0,1,0,1,1.0,NA,0,1,0,True,False
0,0,0,0,0,0,0,0,1,0,0,0,1,0,0,0,1,0,1,0,1,0,1,0,1,0,0,0,0,0,0,0,1,0,0,0,0,0,0,0,1,0,0,0,1,0,0,0,1,0,0,0,0,0,1,0,0,0,1,0,1,0,1,0,1,0,0,0,0,0,0,0,0,0,0,0,1,0,0,0,1,0,1,DO33480,0,0,0.33333333333333326,0.5833333333333333,alive,stable,0.33333333333333326,0.07029610631848915,1054.0,False,True,False,False,False,False,False,False,True,False,NA,NA,NA,NA,NA,0.009068923821039904,0.19612068965517243,0.019635343618513323,0.05196451204055766,0.304961141141449,0.5468949761342701,0,1,0,1,0,1,0,1,0,1,1.0,NA,0,1,0,True,False
1,0,1,0,0,0,0,0,0,0,1,0,1,0,1,0,1,0,1,0,1,0,1,0,1,0,1,0,0,0,0,0,1,0,0,0,0,0,0,0,1,0,0,0,0,0,1,0,1,0,1,0,1,0,1,0,0,0,1,0,1,0,0,0,1,0,1,0,0,0,1,0,1,0,0,0,1,0,1,0,1,0,1,DO34785,0,0,0.5964912280701753,0.5833333333333333,alive,stable,0.5964912280701753,0.07029610631848915,721.0,True,False,False,False,False,False,False,False,True,False,NA,NA,NA,NA,NA,0.019606149594057695,0.19612068965517243,0.015427769985974754,0.05196451204055766,0.5593326055347612,0.5468949761342701,0,1,0,1,0,1,0,1,0,1,1.0,NA,0,1,0,True,False
0,0,0,0,0,0,0,0,1,0,1,0,1,0,1,0,1,0,1,0,0,0,1,0,0,0,1,0,0,0,1,0,1,0,0,0,0,0,0,0,1,0,1,0,0,0,1,0,1,0,1,0,1,0,1,0,0,0,1,0,1,0,0,0,1,0,0,0,0,0,0,0,1,0,0,0,1,0,1,0,1,0,1,DO34793,0,0,0.4035087719298245,0.5833333333333333,deceased,progression,0.4035087719298245,0.07029610631848915,427.0,False,True,False,False,False,False,True,False,False,False,NA,NA,NA,NA,NA,0.020469856624632923,0.19612068965517243,0.002805049088359046,0.05196451204055766,0.5001058969376824,0.5468949761342701,0,1,0,1,0,1,0,1,0,1,0.0,NA,0,1,0,True,False
0,0,0,0,0,0,0,0,0,0,0,0,0,0,0,0,0,0,0,0,0,0,0,0,0,0,0,0,0,0,0,0,0,0,0,0,0,0,0,0,1,0,0,0,0,0,0,0,0,0,0,0,0,0,0,0,0,0,0,0,0,0,0,0,0,0,0,0,0,0,0,0,0,0,0,0,0,0,1,0,1,0,1,DO33464,0,0,0.5614035087719298,0.5833333333333333,deceased,progression,0.5614035087719298,0.07029610631848915,615.0,False,True,False,False,False,False,True,False,False,False,NA,NA,NA,NA,NA,0.008464328899637243,0.19612068965517243,0.030855539971949508,0.05196451204055766,0.26486386719501953,0.5468949761342701,0,1,0,1,1,1,0,1,0,1,0.0,NA,0,1,0,True,False
0,0,0,0,0,0,0,0,0,0,0,0,0,0,0,0,0,0,0,0,0,0,0,0,0,0,0,0,0,0,0,0,0,0,0,0,0,0,0,0,1,0,0,0,0,0,0,0,0,0,0,0,0,0,0,0,0,0,0,0,0,0,1,0,0,0,0,0,0,0,0,0,0,0,0,0,0,0,1,0,1,0,1,DO34769,0,0,0.7017543859649122,0.5833333333333333,alive,stable,0.7017543859649122,0.07029610631848915,493.0,False,True,False,False,False,False,False,False,True,False,NA,NA,NA,NA,NA,0.009068923821039904,0.19612068965517243,0.030855539971949508,0.05196451204055766,0.224599557288746,0.5468949761342701,0,1,0,1,1,1,0,1,0,1,1.0,NA,0,1,0,True,False
1,0,0,0,0,0,1,0,1,0,1,0,1,0,1,0,1,0,1,0,1,0,1,0,1,0,1,0,0,0,1,0,1,0,0,0,0,0,0,0,1,0,0,0,0,0,1,0,1,0,1,0,1,0,1,0,0,0,1,0,1,0,0,0,1,0,0,0,0,0,1,0,1,0,0,0,1,0,1,0,1,0,1,DO33432,0,0,0.631578947368421,0.5833333333333333,deceased,stable,0.631578947368421,0.07029610631848915,656.0,False,True,False,False,False,False,False,False,True,False,NA,NA,NA,NA,NA,0.02763862497840732,0.19612068965517243,0.029453015427769985,0.05196451204055766,0.353845546484605,0.5468949761342701,0,1,0,1,0,1,0,1,0,1,1.0,NA,0,1,0,True,False
0,0,0,0,0,0,0,0,0,0,0,0,0,0,0,0,0,0,0,0,0,0,0,0,0,0,0,0,0,0,0,0,0,0,0,0,0,0,0,0,1,0,0,0,0,0,0,0,0,0,0,0,0,0,0,0,0,0,0,0,0,0,0,0,0,0,0,0,0,0,0,0,0,0,0,0,0,0,0,0,1,0,1,DO34760,0,0,0.7543859649122806,0.5833333333333333,deceased,progression,0.7543859649122806,0.07029610631848915,610.0,False,True,False,False,False,False,True,False,False,False,NA,NA,NA,NA,NA,0.003195716013128347,0.19612068965517243,0.030855539971949508,0.05196451204055766,0.16917430667974906,0.5468949761342701,0,1,0,1,1,1,0,1,0,1,0.0,NA,0,1,0,True,False
0,0,0,0,1,0,0,0,0,0,0,0,0,0,0,0,0,0,0,0,0,0,0,0,0,0,0,0,0,0,0,0,0,0,0,0,0,0,0,0,1,0,0,0,0,0,0,0,0,0,0,0,0,0,0,0,0,0,0,0,0,0,0,0,0,0,0,0,0,0,0,0,0,0,0,0,0,0,1,0,1,0,1,DO46741,0,0,0.5789473684210527,0.5833333333333333,alive,stable,0.5789473684210527,0.07029610631848915,254.0,False,True,False,False,False,False,False,False,True,False,NA,NA,NA,NA,NA,0.004836759371221282,0.19612068965517243,0.030855539971949508,0.05196451204055766,0.3908980128066053,0.5468949761342701,0,1,0,1,1,1,1,1,0,1,1.0,NA,0,1,0,True,False
0,0,0,0,0,0,0,0,0,0,0,0,0,0,0,0,0,0,0,0,0,0,0,0,0,0,0,0,0,0,0,0,0,0,0,0,0,0,0,0,1,0,0,0,0,0,0,0,0,0,0,0,0,0,0,0,0,0,0,0,0,0,0,0,0,0,0,0,0,0,0,0,0,0,0,0,0,0,1,0,1,0,1,DO46736,0,0,0.5087719298245612,0.5833333333333333,deceased,progression,0.5087719298245612,0.07029610631848915,1079.0,False,True,False,False,False,False,True,False,False,False,NA,NA,NA,NA,NA,0.002332008982553118,0.19612068965517243,0.030855539971949508,0.05196451204055766,0.3908980128066053,0.5468949761342701,0,1,0,1,1,1,1,1,0,1,0.0,NA,0,1,0,True,False
0,0,0,0,0,0,0,0,0,0,0,0,0,0,0,0,0,0,0,0,0,0,0,0,0,0,0,0,0,0,0,0,0,0,0,0,0,0,0,0,1,0,0,0,0,0,0,0,0,0,0,0,0,0,0,0,0,0,0,0,0,0,0,0,0,0,0,0,0,0,0,0,0,0,0,0,0,0,1,0,1,0,1,DO46733,0,0,0.5438596491228069,0.5833333333333333,deceased,progression,0.5438596491228069,0.07029610631848915,267.0,True,False,False,False,False,False,True,False,False,False,NA,NA,NA,NA,NA,0.005182242183451374,0.19612068965517243,0.030855539971949508,0.05196451204055766,0.3908980128066053,0.5468949761342701,0,1,0,1,1,1,1,1,0,1,0.0,NA,0,1,0,True,False
0,0,0,0,0,0,0,0,0,0,0,0,0,0,0,0,0,0,0,0,0,0,0,0,0,0,0,0,0,0,0,0,0,0,0,0,0,0,0,0,1,0,0,0,0,0,0,0,0,0,0,0,0,0,0,0,0,0,0,0,0,0,0,0,0,0,0,0,0,0,0,0,0,0,0,0,0,0,0,0,1,0,1,DO46730,0,0,0.5789473684210527,0.5833333333333333,deceased,progression,0.5789473684210527,0.07029610631848915,1103.0,False,True,False,False,False,False,True,False,False,False,NA,NA,NA,NA,NA,0.002332008982553118,0.19612068965517243,0.030855539971949508,0.05196451204055766,0.3908980128066053,0.5468949761342701,0,1,0,1,1,1,1,1,0,1,0.0,NA,0,1,0,True,False
0,0,0,0,0,0,0,0,0,0,0,0,0,0,0,0,0,0,0,0,0,0,0,0,0,0,0,0,0,0,0,0,0,0,0,0,0,0,0,0,0,0,0,0,0,0,0,0,0,0,0,0,0,0,0,0,0,0,0,0,0,0,0,0,0,0,0,0,0,0,0,0,0,0,0,0,0,0,0,0,1,0,1,DO33416,0,0,0.45614035087719285,0.5833333333333333,alive,progression,0.45614035087719285,0.07029610631848915,1051.0,True,False,False,False,False,False,True,False,False,False,NA,NA,NA,NA,NA,8.637070305752289e-05,0.19612068965517243,0.030855539971949508,0.05196451204055766,0.3989477329632105,0.5468949761342701,0,1,0,1,1,1,0,1,0,1,0.0,NA,0,1,0,True,False
0,0,0,0,0,0,0,0,0,0,0,0,0,0,0,0,0,0,0,0,0,0,0,0,0,0,0,0,0,0,0,0,0,0,0,0,0,0,0,0,1,0,0,0,0,0,0,0,0,0,0,0,0,0,0,0,0,0,0,0,0,0,0,0,0,0,0,0,0,0,0,0,0,0,0,0,0,0,1,0,1,0,1,DO34744,0,0,0.5614035087719298,0.5833333333333333,alive,progression,0.5614035087719298,0.07029610631848915,475.0,False,True,False,False,False,False,True,False,False,False,NA,NA,NA,NA,NA,0.004577647262048713,0.19612068965517243,0.030855539971949508,0.05196451204055766,0.2623402194471909,0.5468949761342701,0,1,0,1,1,1,0,1,0,1,0.0,NA,0,1,0,True,False
0,0,0,0,0,0,0,0,0,0,0,0,0,0,0,0,0,0,0,0,0,0,0,0,0,0,0,0,0,0,0,0,0,0,0,0,0,0,0,0,1,0,0,0,0,0,0,0,0,0,0,0,0,0,0,0,0,0,0,0,0,0,0,0,0,0,0,0,0,0,0,0,0,0,0,0,0,0,0,0,1,0,1,DO46739,0,0,0.4035087719298245,0.5833333333333333,deceased,progression,0.4035087719298245,0.07029610631848915,527.0,True,False,False,False,False,False,True,False,False,False,NA,NA,NA,NA,NA,0.0037139402314734843,0.19612068965517243,0.030855539971949508,0.05196451204055766,0.3908980128066053,0.5468949761342701,0,1,0,1,1,1,1,1,0,1,0.0,NA,0,1,0,True,False
0,0,0,0,0,0,0,0,0,0,0,0,0,0,0,0,0,0,0,0,0,0,0,0,0,0,0,0,0,0,0,0,1,0,0,0,0,0,0,0,1,0,0,0,0,0,0,0,0,0,0,0,0,0,0,0,0,0,0,0,0,0,0,0,0,0,0,0,0,0,0,0,0,0,0,0,0,0,0,0,1,0,1,DO46724,0,0,0.6140350877192982,0.5833333333333333,deceased,progression,0.6140350877192982,0.07029610631848915,177.0,False,True,False,False,False,False,True,False,False,False,NA,NA,NA,NA,NA,0.008464328899637243,0.19612068965517243,0.030855539971949508,0.05196451204055766,0.3908980128066053,0.5468949761342701,0,1,0,1,1,1,1,1,0,1,0.0,NA,0,1,0,True,False
1,0,0,0,0,0,0,0,0,0,0,0,0,0,0,0,0,0,0,0,0,0,0,0,0,0,0,0,0,0,0,0,0,0,0,0,0,0,1,0,1,0,0,0,0,0,0,0,0,0,0,0,0,0,0,0,0,0,0,0,0,0,0,0,0,0,0,0,0,0,0,0,0,0,0,0,0,0,1,0,1,0,1,DO46727,0,0,0.7894736842105261,0.5833333333333333,alive,stable,0.7894736842105261,0.07029610631848915,168.0,True,False,False,False,False,False,False,False,True,False,NA,NA,NA,NA,NA,0.007946104681292107,0.19612068965517243,0.030855539971949508,0.05196451204055766,0.3908980128066053,0.5468949761342701,0,1,0,1,1,1,1,1,0,1,1.0,NA,0,1,0,True,False
0,0,0,0,0,0,0,0,0,0,0,0,0,0,0,0,0,0,0,0,0,0,0,0,0,0,0,0,0,0,0,0,0,0,0,0,0,0,0,0,1,0,0,0,0,0,0,0,0,0,0,0,0,0,0,0,0,0,0,0,0,0,0,0,0,0,0,0,0,0,0,0,0,0,0,0,0,0,0,0,1,0,1,DO46721,0,0,0.12280701754385959,0.5833333333333333,alive,stable,0.12280701754385959,0.07029610631848915,321.0,False,True,False,False,False,False,False,False,True,False,NA,NA,NA,NA,NA,0.004232164449818622,0.19612068965517243,0.030855539971949508,0.05196451204055766,0.3908980128066053,0.5468949761342701,0,1,0,1,1,1,1,1,0,1,1.0,NA,0,1,0,True,False
0,0,0,0,0,0,0,0,0,0,0,0,0,0,0,0,0,0,0,0,0,0,0,0,0,0,0,0,0,0,0,0,0,0,0,0,0,0,0,0,0,0,0,0,0,0,0,0,0,0,0,0,0,0,0,0,0,0,0,0,0,0,0,0,0,0,0,0,0,0,0,0,0,0,0,0,0,0,0,0,1,0,1,DO34752,0,0,0.4736842105263157,0.5833333333333333,alive,stable,0.4736842105263157,0.07029610631848915,252.0,False,True,False,False,False,False,False,False,True,False,NA,NA,NA,NA,NA,0.00017274140611504575,0.19612068965517243,0.030855539971949508,0.05196451204055766,0.13987690471107495,0.5468949761342701,0,1,0,1,1,1,0,1,0,1,1.0,NA,0,1,0,True,False
1,0,0,0,0,0,0,0,1,0,0,0,1,0,0,0,1,0,1,0,0,0,1,0,1,0,1,0,1,0,1,0,1,0,0,0,0,0,1,0,0,0,0,0,0,0,1,0,1,0,1,0,1,0,1,0,0,0,1,0,1,0,0,0,1,0,0,0,0,0,0,0,1,0,0,0,1,0,1,0,1,0,1,DO33424,0,0,0.7719298245614035,0.5833333333333333,alive,stable,0.7719298245614035,0.07029610631848915,1058.0,False,True,False,False,False,False,False,False,True,False,NA,NA,NA,NA,NA,0.011228191397477976,0.19612068965517243,0.009817671809256662,0.05196451204055766,0.29490165365028487,0.5468949761342701,0,1,0,1,0,1,0,1,0,1,1.0,NA,0,1,0,True,False
0,0,0,0,0,0,0,0,0,0,0,0,0,0,0,0,0,0,0,0,0,0,0,0,0,0,0,0,0,0,0,0,0,0,0,0,0,0,0,0,1,0,0,0,0,0,0,0,0,0,0,0,0,0,0,0,0,0,0,0,0,0,0,0,0,0,0,0,0,0,0,0,0,0,0,0,0,0,0,0,1,0,1,DO46715,0,0,0.5964912280701753,0.5833333333333333,alive,stable,0.5964912280701753,0.07029610631848915,545.0,True,False,False,False,False,False,False,False,True,False,NA,NA,NA,NA,NA,0.0025047503886681637,0.19612068965517243,0.030855539971949508,0.05196451204055766,0.3908980128066053,0.5468949761342701,1,1,0,1,1,1,1,1,1,1,1.0,NA,0,1,0,True,False
0,0,0,0,0,0,0,0,0,0,0,0,0,0,0,0,0,0,0,0,0,0,0,0,0,0,0,0,0,0,0,0,0,0,0,0,0,0,0,0,1,0,0,0,0,0,0,0,0,0,0,0,0,0,0,0,0,0,0,0,0,0,0,0,0,0,0,0,0,0,0,0,0,0,0,0,0,0,1,0,1,0,1,DO46712,0,0,0.3859649122807016,0.5833333333333333,alive,stable,0.3859649122807016,0.07029610631848915,44.0,False,True,False,False,False,False,False,False,True,False,NA,NA,NA,NA,NA,0.004059423043703576,0.19612068965517243,0.030855539971949508,0.05196451204055766,0.3908980128066053,0.5468949761342701,0,1,0,1,1,1,1,1,0,1,1.0,NA,0,1,0,True,False
1,0,0,0,0,0,0,0,0,0,1,0,1,0,1,0,1,0,1,0,1,0,1,0,1,0,1,0,0,0,0,0,1,0,0,0,0,0,1,0,1,0,0,0,1,0,1,0,1,0,1,0,1,0,1,0,0,0,1,0,1,0,1,0,1,0,0,0,0,0,0,0,0,0,0,0,0,0,1,0,1,0,1,DO34728,0,0,0.7719298245614035,0.5833333333333333,alive,stable,0.7719298245614035,0.07029610631848915,508.0,True,False,False,False,False,False,False,False,True,False,NA,NA,NA,NA,NA,0.030057004664017964,0.19612068965517243,0.005610098176718092,0.05196451204055766,0.3218317592641726,0.5468949761342701,0,1,0,1,0,1,0,1,0,1,1.0,NA,0,1,0,True,False
1,0,1,0,0,0,0,0,0,0,0,0,1,0,0,0,1,0,1,0,1,0,1,0,1,0,1,0,0,0,0,0,1,0,0,0,0,0,0,0,1,0,0,0,0,0,1,0,0,0,1,0,1,0,1,0,0,0,1,0,1,0,0,0,1,0,0,0,1,0,0,0,1,0,0,0,0,0,1,0,1,0,1,DO34720,0,0,0.6140350877192982,0.5833333333333333,alive,stable,0.6140350877192982,0.07029610631848915,555.0,False,True,False,False,False,False,False,False,True,False,NA,NA,NA,NA,NA,0.015373985144239074,0.19612068965517243,0.012622720897615708,0.05196451204055766,0.5686140201756257,0.5468949761342701,0,1,0,1,0,1,0,1,0,1,1.0,NA,0,1,0,True,False
0,0,0,0,0,0,0,0,0,0,0,0,0,0,0,0,0,0,0,0,0,0,0,0,0,0,0,0,0,0,0,0,0,0,0,0,0,0,0,0,1,0,0,0,0,0,0,0,0,0,0,0,0,0,0,0,0,0,0,0,0,0,0,0,0,0,0,0,0,0,0,0,0,0,0,0,0,0,1,0,1,0,1,DO46718,0,0,0.5789473684210527,0.5833333333333333,alive,stable,0.5789473684210527,0.07029610631848915,309.0,True,False,False,False,False,False,False,False,True,False,NA,NA,NA,NA,NA,0.0033684574192433927,0.19612068965517243,0.030855539971949508,0.05196451204055766,0.3908980128066053,0.5468949761342701,0,1,0,1,1,1,1,1,0,1,1.0,NA,0,1,0,True,False
0,0,0,0,0,0,0,0,0,0,0,0,0,0,0,0,0,0,0,0,0,0,0,0,0,0,0,0,0,0,0,0,0,0,0,0,0,0,0,0,1,0,0,0,0,0,0,0,0,0,0,0,0,0,0,0,0,0,0,0,0,0,0,0,0,0,0,0,0,0,0,0,0,0,0,0,0,0,1,0,1,0,1,DO46703,0,0,0.5964912280701753,0.5833333333333333,deceased,progression,0.5964912280701753,0.07029610631848915,203.0,False,True,False,False,False,False,True,False,False,False,NA,NA,NA,NA,NA,0.000777336327517706,0.19612068965517243,0.030855539971949508,0.05196451204055766,0.3908980128066053,0.5468949761342701,1,1,0,1,1,1,1,1,1,1,0.0,NA,0,1,0,True,False
0,0,0,0,0,0,0,0,0,0,0,0,0,0,0,0,0,0,0,0,0,0,0,0,0,0,0,0,0,0,0,0,0,0,0,0,0,0,0,0,1,0,0,0,0,0,0,0,0,0,0,0,0,0,0,0,0,0,0,0,0,0,0,0,0,0,0,0,0,0,0,0,0,0,0,0,0,0,1,0,1,0,1,DO46700,0,0,0.49122807017543857,0.5833333333333333,deceased,progression,0.49122807017543857,0.07029610631848915,518.0,False,True,False,False,False,False,True,False,False,False,NA,NA,NA,NA,NA,0.004923130074278805,0.19612068965517243,0.030855539971949508,0.05196451204055766,0.3908980128066053,0.5468949761342701,0,1,0,1,1,1,1,1,0,1,0.0,NA,0,1,0,True,False
1,0,0,0,0,0,0,0,1,0,1,0,0,0,1,0,1,0,1,0,1,0,1,0,1,0,1,0,0,0,0,0,1,0,1,0,0,0,0,0,1,0,0,0,0,0,1,0,1,0,1,0,0,0,1,0,0,0,1,0,1,0,0,0,1,0,0,0,0,0,0,0,1,0,0,0,0,0,1,0,1,0,1,DO33408,0,0,0.6140350877192982,0.5833333333333333,alive,stable,0.6140350877192982,0.07029610631848915,909.0,True,False,False,False,False,False,False,False,True,False,NA,NA,NA,NA,NA,0.01191915702193816,0.19612068965517243,0.004207573632538569,0.05196451204055766,0.2736131981893165,0.5468949761342701,0,1,0,1,0,1,0,1,0,1,1.0,NA,0,1,0,True,False
1,0,0,0,1,0,0,0,1,0,1,0,1,0,1,0,1,0,1,0,1,0,1,0,1,0,1,0,0,0,1,0,1,0,1,0,0,0,1,0,1,0,0,0,0,0,1,0,1,0,1,0,1,0,1,0,0,0,1,0,1,0,0,0,1,0,0,0,0,0,0,0,1,0,0,0,1,0,1,0,1,0,1,DO34736,0,0,0.7894736842105261,0.5833333333333333,deceased,progression,0.7894736842105261,0.07029610631848915,203.0,True,False,False,False,False,False,True,False,False,False,NA,NA,NA,NA,NA,0.03955778200034548,0.19612068965517243,0.030855539971949508,0.05196451204055766,0.5271361280960355,0.5468949761342701,0,1,0,1,0,1,0,1,0,1,0.0,NA,0,1,0,True,False
1,0,1,0,0,0,0,0,1,0,1,0,1,0,1,0,1,0,1,0,1,0,1,0,1,0,1,0,0,0,1,0,1,0,0,0,0,0,0,0,1,0,0,0,1,0,1,0,1,0,1,0,1,0,1,0,0,0,1,0,1,0,0,0,1,0,0,0,0,0,0,0,1,0,0,0,1,0,1,0,1,0,1,DO33400,0,0,0.7543859649122806,0.5833333333333333,alive,stable,0.7543859649122806,0.07029610631848915,1043.0,True,False,False,False,False,False,False,False,True,False,NA,NA,NA,NA,NA,0.029279668336500256,0.19612068965517243,0.030855539971949508,0.05196451204055766,0.7792844551647398,0.5468949761342701,0,1,0,1,0,1,0,1,0,1,1.0,NA,0,1,0,True,False
0,0,0,0,0,0,1,0,1,0,0,0,0,0,0,0,0,0,0,0,0,0,0,0,0,0,0,0,0,0,0,0,0,0,0,0,0,0,0,0,1,0,0,0,0,0,0,0,0,0,0,0,0,0,1,0,0,0,0,0,0,0,0,0,0,0,0,0,0,0,0,0,0,0,0,0,0,0,0,0,1,0,1,DO46706,0,0,0.7543859649122806,0.5833333333333333,alive,stable,0.7543859649122806,0.07029610631848915,379.0,False,True,False,False,False,False,False,False,True,False,NA,NA,NA,NA,NA,0.008291587493522197,0.19612068965517243,0.030855539971949508,0.05196451204055766,0.3908980128066053,0.5468949761342701,0,1,0,1,1,1,1,1,0,1,1.0,NA,0,1,0,True,False
0,0,0,0,0,0,0,0,0,0,0,0,0,0,0,0,0,0,0,0,0,0,0,0,0,0,0,0,0,0,0,0,0,0,0,0,0,0,0,0,1,0,0,0,0,0,0,0,0,0,0,0,0,0,0,0,0,0,0,0,0,0,0,0,0,0,0,0,0,0,0,0,0,0,0,0,0,0,1,0,1,0,1,DO46709,0,0,0.4736842105263157,0.5833333333333333,alive,stable,0.4736842105263157,0.07029610631848915,84.0,False,True,False,False,False,False,False,False,True,False,NA,NA,NA,NA,NA,0.0025047503886681637,0.19612068965517243,0.030855539971949508,0.05196451204055766,0.3908980128066053,0.5468949761342701,0,1,0,1,1,1,1,1,0,1,1.0,NA,0,1,0,True,False
1,0,0,0,0,0,1,0,0,0,1,0,1,0,1,0,1,0,1,0,0,0,1,0,1,0,1,0,0,0,1,0,1,0,0,0,1,0,0,0,1,0,0,0,0,0,1,0,1,0,1,0,1,0,1,0,0,0,1,0,1,0,0,0,1,0,1,0,0,0,0,0,1,0,0,0,0,0,1,0,1,0,1,DO33392,0,0,0.6491228070175437,0.5833333333333333,alive,stable,0.6491228070175437,0.07029610631848915,1014.0,False,True,False,False,False,False,False,False,True,False,NA,NA,NA,NA,NA,0.011573674209708068,0.19612068965517243,0.011220196353436185,0.05196451204055766,0.5263692017900123,0.5468949761342701,0,1,0,1,0,1,0,1,0,1,1.0,NA,0,1,0,True,False
0,0,0,0,0,0,0,0,0,0,0,0,0,0,0,0,0,0,0,0,0,0,0,0,0,0,0,0,0,0,0,0,0,0,0,0,0,0,0,0,1,0,0,0,0,0,0,0,0,0,0,0,0,0,0,0,0,0,0,0,0,0,0,0,0,0,0,0,0,0,0,0,0,0,0,0,0,0,0,0,1,0,1,DO46694,0,0,0.6842105263157894,0.5833333333333333,deceased,progression,0.6842105263157894,0.07029610631848915,543.0,False,True,False,False,False,False,True,False,False,False,NA,NA,NA,NA,NA,0.0011228191397477975,0.19612068965517243,0.030855539971949508,0.05196451204055766,0.3908980128066053,0.5468949761342701,0,1,0,1,1,1,1,1,0,1,0.0,NA,0,1,0,True,False
0,0,0,0,0,0,0,0,0,0,0,0,0,0,0,0,0,0,0,0,0,0,0,0,0,0,0,0,0,0,0,0,0,0,0,0,0,0,0,0,1,0,0,0,0,0,0,0,0,0,0,0,0,0,0,0,0,0,0,0,0,0,0,0,0,0,0,0,0,0,1,0,0,0,0,0,0,0,1,0,1,0,1,DO46697,0,0,0.8421052631578947,0.5833333333333333,deceased,progression,0.8421052631578947,0.07029610631848915,279.0,False,True,False,False,False,False,True,False,False,False,NA,NA,NA,NA,NA,0.00837795819657972,0.19612068965517243,0.030855539971949508,0.05196451204055766,0.3908980128066053,0.5468949761342701,0,1,0,1,1,1,1,1,0,1,0.0,NA,0,1,0,True,False
0,0,0,0,0,0,0,0,0,0,0,0,0,0,0,0,0,0,0,0,0,0,0,0,0,0,0,0,0,0,0,0,0,0,0,0,0,0,0,0,0,0,0,0,0,0,0,0,0,0,0,0,0,0,0,0,0,0,0,0,0,0,0,0,0,0,0,0,0,0,0,0,0,0,0,0,0,0,1,0,1,0,1,DO46691,0,0,0.7368421052631577,0.5833333333333333,deceased,progression,0.7368421052631577,0.07029610631848915,461.0,False,True,False,False,False,False,True,False,False,False,NA,NA,NA,NA,NA,0.0069960269476593544,0.19612068965517243,0.030855539971949508,0.05196451204055766,0.3908980128066053,0.5468949761342701,0,1,0,1,1,1,1,1,0,1,0.0,NA,0,1,0,True,False
1,0,0,0,0,0,0,0,1,0,1,0,1,0,1,0,1,0,1,0,1,0,1,0,1,0,1,0,1,0,0,0,1,0,0,0,0,0,1,0,1,0,0,0,0,0,1,0,1,0,1,0,1,0,1,0,0,0,1,0,1,0,0,0,1,0,0,0,0,0,0,0,0,0,0,0,1,0,1,0,1,0,1,DO33376,0,0,0.5087719298245612,0.5833333333333333,alive,stable,0.5087719298245612,0.07029610631848915,909.0,True,False,False,False,False,False,False,False,True,False,NA,NA,NA,NA,NA,0.021679046467438245,0.19612068965517243,0.0,0.05196451204055766,0.21464934549254502,0.5468949761342701,0,1,0,1,0,1,0,1,0,1,1.0,NA,0,1,0,True,False
0,0,0,0,1,0,0,0,0,0,0,0,0,0,0,0,0,0,0,0,0,0,0,0,0,0,0,0,0,0,0,0,0,0,0,0,0,0,0,0,1,0,0,0,0,0,0,0,0,0,0,0,0,0,0,0,0,0,0,0,0,0,0,0,0,0,0,0,0,0,0,0,0,0,0,0,0,0,0,0,1,0,1,DO46688,0,0,0.7894736842105261,0.5833333333333333,alive,stable,0.7894736842105261,0.07029610631848915,1530.0,True,False,False,False,False,False,False,False,True,False,NA,NA,NA,NA,NA,0.003109345310070824,0.19612068965517243,0.030855539971949508,0.05196451204055766,0.3908980128066053,0.5468949761342701,0,1,0,1,1,1,1,1,0,1,1.0,NA,0,1,0,True,False
0,0,0,0,0,0,0,0,0,0,0,0,0,0,0,0,0,0,0,0,0,0,0,0,1,0,0,0,0,0,0,0,0,0,0,0,0,0,0,0,1,0,0,0,0,0,0,0,0,0,0,0,0,0,0,0,0,0,0,0,0,0,0,0,1,0,0,0,0,0,0,0,0,0,0,0,0,0,0,0,1,0,1,DO46685,0,0,0.5964912280701753,0.5833333333333333,deceased,progression,0.5964912280701753,0.07029610631848915,128.0,True,False,False,False,False,False,True,False,False,False,NA,NA,NA,NA,NA,0.013992053895318707,0.19612068965517243,0.030855539971949508,0.05196451204055766,0.3908980128066053,0.5468949761342701,0,1,0,1,1,1,1,1,0,1,0.0,NA,0,1,0,True,False
0,0,0,0,0,0,0,0,0,0,0,0,0,0,0,0,0,0,0,0,0,0,0,0,0,0,0,0,0,0,0,0,0,0,0,0,0,0,0,0,1,0,0,0,0,0,0,0,0,0,0,0,0,0,0,0,0,0,0,0,0,0,0,0,0,0,0,0,0,0,0,0,0,0,0,0,0,0,1,0,1,0,1,DO46682,0,0,0.5438596491228069,0.5833333333333333,deceased,NA,0.5438596491228069,0.07029610631848915,1263.0,False,True,False,False,False,False,False,False,False,True,NA,NA,NA,NA,NA,0.0008637070305752289,0.19612068965517243,0.030855539971949508,0.05196451204055766,0.3908980128066053,0.5468949761342701,0,1,0,1,1,1,1,1,0,1,NA,NA,0,1,0,True,False
0,0,0,0,0,0,0,0,0,0,0,0,0,0,0,0,0,0,0,0,0,0,0,0,0,0,0,0,0,0,0,0,0,0,0,0,0,0,0,0,1,0,0,0,0,0,0,0,0,0,0,0,0,0,0,0,0,0,0,0,0,0,0,0,0,0,0,0,0,0,0,0,0,0,0,0,0,0,1,0,1,0,1,DO46676,0,0,0.22807017543859642,0.5833333333333333,deceased,progression,0.22807017543859642,0.07029610631848915,755.0,True,False,False,False,False,False,True,False,False,False,NA,NA,NA,NA,NA,0.0013819312489203662,0.19612068965517243,0.030855539971949508,0.05196451204055766,0.3908980128066053,0.5468949761342701,0,1,0,1,1,1,1,1,0,1,0.0,NA,0,1,0,True,False
0,0,0,0,0,0,0,0,0,0,0,0,0,0,0,0,0,0,0,0,0,0,0,0,0,0,0,0,0,0,0,0,0,0,0,0,0,0,0,0,1,0,0,0,0,0,0,0,0,0,0,0,0,0,0,0,0,0,0,0,0,0,0,0,0,0,0,0,0,0,0,0,0,0,0,0,0,0,0,0,1,0,1,DO46679,0,0,0.5438596491228069,0.5833333333333333,alive,stable,0.5438596491228069,0.07029610631848915,1607.0,True,False,False,False,False,False,False,False,True,False,NA,NA,NA,NA,NA,0.003800310934531007,0.19612068965517243,0.030855539971949508,0.05196451204055766,0.3908980128066053,0.5468949761342701,0,1,0,1,1,1,1,1,0,1,1.0,NA,0,1,0,True,False
0,0,0,0,0,0,0,0,0,0,0,0,0,0,0,0,1,0,0,0,0,0,0,0,0,0,0,0,0,0,0,0,0,0,0,0,0,0,0,0,1,0,0,0,0,0,0,0,0,0,0,0,0,0,0,0,0,0,0,0,0,0,0,0,0,0,0,0,0,0,0,0,0,0,0,0,0,0,0,0,1,0,1,DO46673,0,0,0.631578947368421,0.5833333333333333,deceased,progression,0.631578947368421,0.07029610631848915,319.0,False,True,False,False,False,False,True,False,False,False,NA,NA,NA,NA,NA,0.01286923475557091,0.19612068965517243,0.030855539971949508,0.05196451204055766,0.3908980128066053,0.5468949761342701,0,1,0,1,1,1,1,1,0,1,0.0,NA,0,1,0,True,False
0,0,1,0,0,0,0,0,0,0,0,0,0,0,0,0,0,0,0,0,0,0,0,0,0,0,0,0,0,0,0,0,0,0,0,0,0,0,0,0,1,0,0,0,0,0,0,0,0,0,0,0,0,0,0,0,0,0,0,0,0,0,0,0,0,0,0,0,0,0,0,0,0,0,0,0,0,0,1,0,1,0,1,DO34688,0,0,0.42105263157894735,0.5833333333333333,deceased,progression,0.42105263157894735,0.013289811144788994,303.0,True,False,False,False,False,False,True,False,False,False,NA,NA,NA,NA,NA,0.013819312489203662,0.19612068965517243,0.030855539971949508,0.05196451204055766,0.3892722701523317,0.5468949761342701,0,0,0,1,1,1,0,1,0,1,0.0,NA,0,1,0,True,False
1,0,1,0,0,0,0,0,1,0,1,0,1,0,1,0,1,0,1,0,1,0,1,0,1,0,1,0,0,0,1,0,1,0,0,0,0,0,0,0,1,0,0,0,0,0,1,0,1,0,1,0,1,0,1,0,0,0,1,0,1,0,0,0,1,0,0,0,0,0,0,0,1,0,0,0,1,0,0,0,1,0,1,DO34680,0,0,0.7368421052631577,0.5833333333333333,deceased,progression,0.7368421052631577,0.010725110748426206,99.0,False,True,False,False,False,False,True,False,False,False,NA,NA,NA,NA,NA,0.04309898082570392,0.19612068965517243,0.025245441795231416,0.05196451204055766,0.3714729944852534,0.5468949761342701,0,0,0,1,0,1,0,1,0,1,0.0,NA,0,1,0,True,False
1,0,0,0,0,0,0,0,1,0,1,0,1,0,1,0,1,0,1,0,1,0,1,0,1,0,1,0,0,0,1,0,1,0,1,0,0,0,0,0,1,0,0,0,0,0,1,0,1,0,1,0,1,0,1,0,1,0,1,0,1,0,1,0,1,0,0,0,1,0,0,0,1,0,0,0,1,0,0,0,1,0,1,DO33368,0,0,0.8421052631578947,0.5833333333333333,deceased,progression,0.8421052631578947,0.0069946374446257864,98.0,False,True,False,False,False,False,True,False,False,False,NA,NA,NA,NA,NA,0.04119882535843841,0.19612068965517243,0.019635343618513323,0.05196451204055766,0.263053404869771,0.5468949761342701,0,0,0,1,0,1,0,1,0,1,0.0,NA,0,1,0,True,False
1,0,0,0,1,0,1,0,1,0,1,0,1,0,1,0,1,0,1,0,1,0,1,0,1,0,1,0,1,0,0,0,1,0,0,0,0,0,1,0,1,0,0,0,0,0,1,0,1,0,1,0,1,0,1,0,0,0,1,0,1,0,0,0,1,0,0,0,0,0,0,0,0,0,0,0,1,0,1,0,1,0,1,DO34696,0,0,0.7368421052631577,0.5833333333333333,alive,stable,0.7368421052631577,0.07029610631848915,689.0,False,True,False,False,False,False,False,False,True,False,NA,NA,NA,NA,NA,0.037484885126964934,0.19612068965517243,0.004207573632538569,0.05196451204055766,0.3252892093767612,0.5468949761342701,0,1,0,1,0,1,0,1,0,1,1.0,NA,0,1,0,True,False
0,0,0,0,0,0,0,0,0,0,0,0,0,0,0,0,0,0,0,0,0,0,0,0,0,0,0,0,0,0,0,0,0,0,0,0,0,0,0,0,1,0,0,0,0,0,0,0,0,0,0,0,0,0,0,0,0,0,0,0,0,0,0,0,0,0,0,0,0,0,0,0,0,0,0,0,0,0,0,0,1,0,1,DO33360,0,0,0.5438596491228069,0.5833333333333333,deceased,progression,0.5438596491228069,0.07029610631848915,916.0,True,False,False,False,False,False,True,False,False,False,NA,NA,NA,NA,NA,0.00025911210917256864,0.19612068965517243,0.030855539971949508,0.05196451204055766,0.3023844308299142,0.5468949761342701,0,1,0,1,1,1,0,1,0,1,0.0,NA,0,1,0,True,False
0,0,0,0,0,0,0,0,0,0,0,0,0,0,0,0,1,0,0,0,0,0,0,0,0,0,0,0,0,0,0,0,0,0,0,0,0,0,0,0,1,0,0,0,0,0,0,0,0,0,0,0,0,0,0,0,0,0,0,0,0,0,0,0,0,0,0,0,0,0,0,0,0,0,0,0,0,0,1,0,1,0,1,DO34664,0,0,0.5964912280701753,0.5833333333333333,deceased,progression,0.5964912280701753,0.07029610631848915,113.0,False,True,False,False,False,False,True,False,False,False,NA,NA,NA,NA,NA,0.010537225773017793,0.19612068965517243,0.030855539971949508,0.05196451204055766,0.391800058272584,0.5468949761342701,0,1,0,1,1,1,0,1,0,1,0.0,NA,0,1,0,True,False
1,0,0,0,0,0,0,0,0,0,1,0,1,0,1,0,1,0,1,0,0,0,1,0,1,0,1,0,0,0,1,0,1,0,0,0,0,0,0,0,1,0,0,0,0,0,1,0,1,0,1,0,1,0,1,0,0,0,1,0,1,0,0,0,1,0,0,0,0,0,0,0,0,0,0,0,0,0,0,0,1,0,1,DO33336,0,0,0.5964912280701753,0.5833333333333333,deceased,progression,0.5964912280701753,0.08510142224294708,451.0,True,False,False,False,False,False,True,False,False,False,NA,NA,NA,NA,NA,0.00984626014855761,0.19612068965517243,0.001402524544179523,0.05196451204055766,0.4051783181189693,0.5468949761342701,0,0,0,1,0,1,0,1,0,1,0.0,NA,0,1,0,True,False
1,0,0,0,1,0,1,0,1,0,1,0,1,0,1,0,1,0,1,0,1,0,1,0,1,0,1,0,0,0,0,0,1,0,1,0,0,0,0,0,1,0,1,0,1,0,1,0,1,0,1,0,1,0,1,0,0,0,1,0,1,0,0,0,1,0,0,0,0,0,0,0,1,0,1,0,1,0,1,0,1,0,1,DO33344,0,0,0.6491228070175437,0.5833333333333333,deceased,progression,0.6491228070175437,0.05665656330146887,361.0,False,True,False,False,False,False,True,False,False,False,NA,NA,NA,NA,NA,0.03385731559854897,0.19612068965517243,0.025245441795231416,0.05196451204055766,0.22341324183911868,0.5468949761342701,0,0,0,1,0,1,0,1,0,1,0.0,NA,0,1,0,True,False
0,0,0,0,0,0,0,0,0,0,0,0,0,0,0,0,0,0,0,0,0,0,0,0,1,0,0,0,0,0,0,0,0,0,0,0,0,0,0,0,1,0,0,0,1,0,0,0,0,0,0,0,0,0,0,0,0,0,0,0,0,0,0,0,0,0,0,0,0,0,0,0,0,0,0,0,0,0,1,0,1,0,1,DO34672,0,0,0.5087719298245612,0.5833333333333333,deceased,progression,0.5087719298245612,0.07029610631848915,356.0,False,True,False,False,False,False,True,False,False,False,NA,NA,NA,NA,NA,0.004059423043703576,0.19612068965517243,0.030855539971949508,0.05196451204055766,0.3435192175552374,0.5468949761342701,0,1,0,1,1,1,0,1,0,1,0.0,NA,0,1,0,True,False
0,0,0,0,0,0,0,0,0,0,0,0,0,0,0,0,0,0,0,0,0,0,0,0,0,0,0,0,0,0,0,0,0,0,0,0,0,0,0,0,1,0,0,0,0,0,0,0,0,0,0,0,0,0,0,0,0,0,0,0,0,0,1,0,0,0,0,0,0,0,0,0,0,0,0,0,0,0,1,0,1,0,1,DO34648,0,0,0.5614035087719298,0.5833333333333333,alive,stable,0.5614035087719298,0.07029610631848915,553.0,True,False,False,False,False,False,False,False,True,False,NA,NA,NA,NA,NA,0.0061323199170841254,0.19612068965517243,0.030855539971949508,0.05196451204055766,0.4789005799002414,0.5468949761342701,0,1,0,1,1,1,0,1,0,1,1.0,NA,0,1,0,True,False
1,0,0,0,0,0,0,0,1,0,1,0,1,0,1,0,1,0,1,0,0,0,1,0,0,0,1,0,0,0,1,0,1,0,0,0,0,0,0,0,1,0,0,0,0,0,0,0,1,0,1,0,1,0,1,0,0,0,1,0,1,0,0,0,1,0,0,0,0,0,0,0,1,0,0,0,1,0,0,0,1,0,1,DO33312,0,0,0.3508771929824561,0.5833333333333333,deceased,progression,0.3508771929824561,0.07029610631848915,130.0,True,False,False,False,False,False,True,False,False,False,NA,NA,NA,NA,NA,0.007514251166004492,0.19612068965517243,0.03506311360448808,0.05196451204055766,0.4211262385379432,0.5468949761342701,0,1,0,1,0,1,0,1,0,1,0.0,NA,0,1,0,True,False
1,0,0,0,0,0,0,0,1,0,1,0,1,0,1,0,1,0,1,0,1,0,1,0,1,0,1,0,1,0,0,0,1,0,0,0,0,0,0,0,1,0,0,0,1,0,1,0,1,0,1,0,1,0,1,0,0,0,1,0,1,0,0,0,1,0,0,0,0,0,0,0,1,0,0,0,1,0,1,0,1,0,1,DO34640,0,0,0.2807017543859649,0.5833333333333333,deceased,progression,0.2807017543859649,0.07029610631848915,287.0,True,False,False,False,False,False,True,False,False,False,NA,NA,NA,NA,NA,0.04068060114009328,0.19612068965517243,0.025245441795231416,0.05196451204055766,0.33836490862729385,0.5468949761342701,0,1,0,1,0,1,0,1,0,1,0.0,NA,0,1,0,True,False
0,0,0,0,0,0,0,0,0,0,0,0,0,0,0,0,0,0,0,0,0,0,0,0,0,0,0,0,0,0,0,0,0,0,0,0,0,0,0,0,1,0,0,0,0,0,0,0,0,0,1,0,0,0,0,0,0,0,0,0,0,0,0,0,0,0,0,0,0,0,0,0,0,0,0,0,0,0,1,0,1,0,1,DO33328,0,0,0.5263157894736841,0.5833333333333333,alive,progression,0.5263157894736841,0.07029610631848915,906.0,False,True,False,False,False,False,True,False,False,False,NA,NA,NA,NA,NA,0.0018137847642079807,0.19612068965517243,0.030855539971949508,0.05196451204055766,0.17232403077944966,0.5468949761342701,0,1,0,1,1,1,0,1,0,1,0.0,NA,0,1,0,True,False
0,0,0,0,0,0,0,0,0,0,0,0,1,0,1,0,1,0,1,0,0,0,1,0,1,0,0,0,0,0,1,0,1,0,0,0,0,0,0,0,1,0,0,0,0,0,1,0,1,0,1,0,0,0,1,0,0,0,1,0,1,0,0,0,1,0,0,0,0,0,0,0,0,0,0,0,0,0,0,0,1,0,1,DO34656,0,0,0.49122807017543857,0.5833333333333333,alive,progression,0.49122807017543857,0.07029610631848915,834.0,True,False,False,False,False,False,True,False,False,False,NA,NA,NA,NA,NA,0.012437381240283296,0.19612068965517243,0.0,0.05196451204055766,0.4629240061887929,0.5468949761342701,0,1,0,1,0,1,0,1,0,1,0.0,NA,0,1,0,True,False
0,0,0,0,0,0,0,0,0,0,0,0,0,0,0,0,0,0,0,0,0,0,0,0,0,0,0,0,0,0,0,0,0,0,0,0,0,0,0,0,1,0,0,0,0,0,0,0,0,0,0,0,0,0,0,0,0,0,0,0,0,0,0,0,0,0,0,0,0,0,0,0,0,0,0,0,0,0,1,0,1,0,1,DO33320,0,0,0.5614035087719298,0.5833333333333333,deceased,progression,0.5614035087719298,0.07029610631848915,1122.0,True,False,False,False,False,False,True,False,False,False,NA,NA,NA,NA,NA,0.006305061323199171,0.19612068965517243,0.030855539971949508,0.05196451204055766,0.24618310791606693,0.5468949761342701,0,1,0,1,1,1,0,1,0,1,0.0,NA,0,1,0,True,False
0,0,0,0,0,0,0,0,0,0,0,0,0,0,0,0,0,0,0,0,0,0,1,0,0,0,0,0,0,0,0,0,0,0,0,0,0,0,0,0,1,0,0,0,0,0,0,0,0,0,0,0,0,0,0,0,0,0,0,0,0,0,0,0,0,0,0,0,0,0,0,0,0,0,0,0,0,0,1,0,1,0,1,DO34624,0,0,0.7017543859649122,0.5833333333333333,alive,stable,0.7017543859649122,0.07029610631848915,260.0,False,True,False,False,False,False,False,False,True,False,NA,NA,NA,NA,NA,0.012264639834168251,0.19612068965517243,0.030855539971949508,0.05196451204055766,0.2969158840666417,0.5468949761342701,0,1,0,1,1,1,0,1,0,1,1.0,NA,0,1,0,True,False
0,0,0,0,0,0,0,0,0,0,0,0,0,0,0,0,0,0,0,0,0,0,0,0,0,0,0,0,0,0,0,0,0,0,0,0,0,0,0,0,1,0,0,0,0,0,0,0,0,0,0,0,0,0,0,0,0,0,0,0,0,0,0,0,0,0,0,0,0,0,0,0,0,0,0,0,0,0,0,0,1,0,1,DO34632,0,0,0.4385964912280702,0.5833333333333333,alive,stable,0.4385964912280702,0.07029610631848915,523.0,False,True,False,False,False,False,False,False,True,False,NA,NA,NA,NA,NA,0.0012091898428053204,0.19612068965517243,0.030855539971949508,0.05196451204055766,0.18846732258574397,0.5468949761342701,0,1,0,1,1,1,0,1,0,1,1.0,NA,0,1,0,True,False
1,0,0,0,0,0,0,0,0,0,1,0,1,0,1,0,1,0,1,0,1,0,1,0,1,0,1,0,0,0,1,0,1,0,0,0,0,0,0,0,1,0,0,0,0,0,0,0,1,0,1,0,1,0,1,0,0,0,1,0,1,0,0,0,1,0,0,0,0,0,0,0,0,0,0,0,0,0,1,0,1,0,1,DO34608,0,0,0.6842105263157894,0.5833333333333333,deceased,progression,0.6842105263157894,0.08160410352063417,709.0,True,False,False,False,False,False,True,False,False,False,NA,NA,NA,NA,NA,0.024788391777509067,0.19612068965517243,0.030855539971949508,0.05196451204055766,0.5153224948040596,0.5468949761342701,0,0,0,1,1,1,0,1,0,1,0.0,NA,0,1,0,True,False
1,0,0,0,0,0,0,0,1,0,1,0,1,0,1,0,1,0,1,0,1,0,1,0,1,0,1,0,0,0,1,0,1,0,0,0,0,0,0,0,1,0,0,0,0,0,1,0,1,0,1,0,1,0,1,0,0,0,1,0,1,0,0,0,1,0,0,0,0,0,0,0,1,0,0,0,1,0,0,0,1,0,1,DO34600,0,0,0.7719298245614035,0.5833333333333333,deceased,progression,0.7719298245614035,0.10095593378409885,537.0,False,True,False,False,False,False,True,False,False,False,NA,NA,NA,NA,NA,0.012437381240283296,0.19612068965517243,0.015427769985974754,0.05196451204055766,0.2857280723080454,0.5468949761342701,0,0,0,1,0,1,0,1,0,1,0.0,NA,0,1,0,True,False
0,0,0,0,0,0,1,0,1,0,1,0,1,0,1,0,1,0,1,0,1,0,1,0,1,0,1,0,1,0,1,0,1,0,0,0,0,0,0,0,1,0,1,0,0,0,1,0,1,0,1,0,1,0,1,0,0,0,1,0,1,0,0,0,1,0,0,0,0,0,0,0,1,0,0,0,1,0,1,0,1,0,1,DO34616,0,0,0.6140350877192982,0.5833333333333333,alive,stable,0.6140350877192982,0.07029610631848915,666.0,True,False,False,False,False,False,False,False,True,False,NA,NA,NA,NA,NA,0.020901710139920537,0.19612068965517243,0.008415147265077139,0.05196451204055766,0.6206841462598873,0.5468949761342701,0,1,0,1,0,1,0,1,0,1,1.0,NA,0,1,0,True,False
0,0,0,0,1,0,0,0,0,0,0,0,0,0,0,0,0,0,0,0,0,0,0,0,0,0,0,0,0,0,0,0,0,0,0,0,0,0,0,0,1,0,0,0,0,0,0,0,0,0,0,0,0,0,0,0,0,0,0,0,0,0,0,0,0,0,0,0,0,0,0,0,0,0,0,0,0,0,0,0,1,0,1,DO34144,0,0,0.6666666666666665,0.5833333333333333,alive,stable,0.6666666666666665,0.07029610631848915,296.0,True,False,False,False,False,False,False,False,True,False,NA,NA,NA,NA,NA,0.009068923821039904,0.19612068965517243,0.030855539971949508,0.05196451204055766,0.4316358253819459,0.5468949761342701,0,1,0,1,1,1,0,1,0,1,1.0,NA,0,1,0,True,False
0,0,0,0,0,0,0,0,0,0,0,0,0,0,0,0,0,0,0,0,0,0,0,0,0,0,0,0,0,0,0,0,0,0,0,0,0,0,0,0,1,0,0,0,0,0,0,0,0,0,0,0,0,0,0,0,0,0,0,0,1,0,0,0,0,0,0,0,0,0,0,0,0,0,0,0,0,0,1,0,1,0,1,DO34160,0,0,0.4736842105263157,0.5833333333333333,alive,stable,0.4736842105263157,0.07029610631848915,290.0,True,False,False,False,False,False,False,False,True,False,NA,NA,NA,NA,NA,0.003022974607013301,0.19612068965517243,0.030855539971949508,0.05196451204055766,0.23076222594879467,0.5468949761342701,0,1,0,1,1,1,0,1,0,1,1.0,NA,0,1,0,True,False
1,0,0,0,0,0,1,0,1,0,1,0,1,0,1,0,1,0,1,0,1,0,1,0,1,0,1,0,1,0,1,0,1,0,0,0,0,0,0,0,1,0,0,0,1,0,1,0,1,0,1,0,1,0,1,0,1,0,1,0,1,0,0,0,1,0,0,0,1,0,0,0,1,0,0,0,1,0,1,0,1,0,1,DO34128,0,0,0.7543859649122806,0.5833333333333333,alive,stable,0.7543859649122806,0.07029610631848915,484.0,False,True,False,False,False,False,False,False,True,False,NA,NA,NA,NA,NA,0.03480739333218172,0.19612068965517243,0.1332398316970547,0.05196451204055766,0.47771141942599094,0.5468949761342701,0,1,0,1,0,1,0,1,0,1,1.0,NA,0,1,0,True,False
0,0,0,0,0,0,0,0,1,0,1,0,1,0,1,0,1,0,1,0,1,0,1,0,1,0,1,0,0,0,1,0,1,0,0,0,0,0,1,0,1,0,0,0,0,0,1,0,1,0,1,0,1,0,1,0,0,0,1,0,1,0,0,0,1,0,0,0,0,0,0,0,1,0,0,0,1,0,1,0,1,0,1,DO34120,0,0,0.6140350877192982,0.5833333333333333,alive,progression,0.6140350877192982,0.07029610631848915,480.0,True,False,False,False,False,False,True,False,False,False,NA,NA,NA,NA,NA,0.010191742960787701,0.19612068965517243,0.016830294530154277,0.05196451204055766,0.3603838031143387,0.5468949761342701,0,1,0,1,0,1,0,1,0,1,0.0,NA,0,1,0,True,False
0,0,0,0,0,0,0,0,0,0,0,0,0,0,0,0,0,0,0,0,0,0,0,0,0,0,0,0,0,0,0,0,0,0,0,0,0,0,0,0,1,0,0,0,0,0,0,0,0,0,0,0,0,0,0,0,0,0,0,0,0,0,0,0,0,0,0,0,0,0,0,0,0,0,0,0,0,0,0,0,1,0,1,DO34136,0,0,0.3157894736842104,0.5833333333333333,alive,stable,0.3157894736842104,0.07029610631848915,385.0,False,True,False,False,False,False,False,False,True,False,NA,NA,NA,NA,NA,0.021679046467438245,0.19612068965517243,0.030855539971949508,0.05196451204055766,0.34374262217322804,0.5468949761342701,0,1,0,1,1,1,0,1,0,1,1.0,NA,0,1,0,True,False
0,0,0,0,0,0,0,0,0,0,0,0,0,0,0,0,0,0,0,0,0,0,0,0,0,0,0,0,0,0,0,0,0,0,0,0,0,0,0,0,1,0,0,0,0,0,0,0,0,0,0,0,0,0,0,0,0,0,0,0,0,0,0,0,0,0,0,0,0,0,0,0,0,0,0,0,0,0,1,0,1,0,1,DO34112,0,0,0.3157894736842104,0.5833333333333333,alive,progression,0.3157894736842104,0.07029610631848915,492.0,True,False,False,False,False,False,True,False,False,False,NA,NA,NA,NA,NA,0.008550699602694766,0.19612068965517243,0.030855539971949508,0.05196451204055766,0.26831209638341635,0.5468949761342701,0,1,0,1,1,1,0,1,0,1,0.0,NA,0,1,0,True,False
0,0,1,0,0,0,0,0,0,0,0,0,0,0,0,0,1,0,0,0,0,0,0,0,0,0,0,0,0,0,0,0,0,0,0,0,0,0,1,0,1,0,0,0,0,0,0,0,0,0,0,0,0,0,0,0,0,0,0,0,0,0,0,0,1,0,0,0,0,0,0,0,0,0,0,0,0,0,1,0,1,0,1,DO34192,0,0,0.3859649122807016,0.5833333333333333,deceased,progression,0.3859649122807016,0.04126836092329214,478.0,False,True,False,False,False,False,True,False,False,False,NA,NA,NA,NA,NA,0.008637070305752288,0.19612068965517243,0.030855539971949508,0.05196451204055766,0.2964384524561483,0.5468949761342701,0,0,0,1,1,1,0,1,0,1,0.0,NA,0,1,0,True,False
0,0,0,0,0,0,0,0,0,0,0,0,0,0,0,0,0,0,0,0,0,0,0,0,0,0,0,0,0,0,0,0,0,0,0,0,0,0,0,0,1,0,0,0,0,0,0,0,0,0,0,0,0,0,0,0,0,0,0,0,0,0,0,0,0,0,0,0,0,0,0,0,0,0,0,0,0,0,0,0,1,0,1,DO34024,0,0,0.6842105263157894,0.5833333333333333,alive,stable,0.6842105263157894,0.07029610631848915,388.0,False,True,False,False,False,False,False,False,True,False,NA,NA,NA,NA,NA,0.012005527724995682,0.19612068965517243,0.030855539971949508,0.05196451204055766,0.3544612860889027,0.5468949761342701,0,1,0,1,1,1,0,1,0,1,1.0,NA,0,1,0,True,False
0,0,0,0,0,0,0,0,1,0,0,0,0,0,0,0,0,0,0,0,0,0,0,0,0,0,0,0,0,0,0,0,0,0,0,0,0,0,0,0,1,0,0,0,0,0,0,0,0,0,0,0,0,0,0,0,0,0,0,0,0,0,0,0,0,0,0,0,0,0,0,0,0,0,0,0,0,0,0,0,1,0,1,DO34032,0,0,0.3859649122807016,0.5833333333333333,alive,stable,0.3859649122807016,0.07029610631848915,592.0,True,False,False,False,False,False,False,False,True,False,NA,NA,NA,NA,NA,0.006909656244601831,0.19612068965517243,0.030855539971949508,0.05196451204055766,0.3463039242106841,0.5468949761342701,0,1,0,1,1,1,0,1,0,1,1.0,NA,0,1,0,True,False
0,0,0,0,0,0,0,0,0,0,0,0,0,0,0,0,0,0,0,0,0,0,0,0,0,0,0,0,0,0,0,0,0,0,0,0,0,0,0,0,1,0,0,0,0,0,0,0,0,0,0,0,0,0,0,0,0,0,0,0,0,0,0,0,0,0,0,0,0,0,0,0,0,0,0,0,0,0,0,0,1,0,1,DO34008,0,0,0.4385964912280702,0.5833333333333333,alive,stable,0.4385964912280702,0.07029610631848915,408.0,False,True,False,False,False,False,False,False,True,False,NA,NA,NA,NA,NA,0.0061323199170841254,0.19612068965517243,0.030855539971949508,0.05196451204055766,0.2648051694380702,0.5468949761342701,0,1,0,1,1,1,0,1,0,1,1.0,NA,0,1,0,True,False
0,0,0,0,0,0,0,0,0,0,0,0,0,0,0,0,0,0,0,0,0,0,0,0,0,0,0,0,0,0,0,0,0,0,0,0,0,0,0,0,1,0,0,0,0,0,0,0,0,0,0,0,0,0,0,0,0,0,0,0,0,0,0,0,0,0,0,0,0,0,0,0,0,0,0,0,0,0,0,0,1,0,1,DO34000,0,0,0.7368421052631577,0.5833333333333333,alive,stable,0.7368421052631577,0.07029610631848915,422.0,False,True,False,False,False,False,False,False,True,False,NA,NA,NA,NA,NA,0.0025047503886681637,0.19612068965517243,0.030855539971949508,0.05196451204055766,0.2448319937989524,0.5468949761342701,0,1,0,1,1,1,0,1,0,1,1.0,NA,0,1,0,True,False
0,0,0,0,0,0,0,0,0,0,0,0,0,0,0,0,0,0,0,0,0,0,0,0,0,0,0,0,0,0,0,0,0,0,0,0,0,0,0,0,1,0,0,0,0,0,0,0,0,0,0,0,0,0,0,0,0,0,0,0,0,0,0,0,0,0,0,0,0,0,0,0,0,0,0,0,0,0,1,0,1,0,1,DO34016,0,0,0.5964912280701753,0.5833333333333333,alive,stable,0.5964912280701753,0.07029610631848915,407.0,False,True,False,False,False,False,False,False,True,False,NA,NA,NA,NA,NA,0.00837795819657972,0.19612068965517243,0.030855539971949508,0.05196451204055766,0.26870769860240473,0.5468949761342701,0,1,0,1,1,1,0,1,0,1,1.0,NA,0,1,0,True,False
1,0,1,0,1,0,1,0,1,0,1,0,1,0,1,0,1,0,1,0,1,0,1,0,1,0,1,0,0,0,0,0,1,0,0,0,0,0,0,0,1,0,0,0,0,0,1,0,1,0,1,0,1,0,1,0,0,0,1,0,1,0,1,0,1,0,0,0,0,0,0,0,0,0,0,0,1,0,1,0,1,0,1,DO34088,0,0,0.7368421052631577,0.5833333333333333,deceased,NA,0.7368421052631577,0.07029610631848915,34.0,True,False,False,False,False,False,False,False,False,True,NA,NA,NA,NA,NA,0.014078424598376231,0.19612068965517243,0.011220196353436185,0.05196451204055766,0.5888727157748745,0.5468949761342701,0,1,0,1,0,1,0,1,0,1,NA,NA,0,1,0,True,False
0,0,0,0,0,0,0,0,0,0,0,0,0,0,0,0,1,0,0,0,0,0,0,0,0,0,0,0,0,0,0,0,0,0,0,0,0,0,0,0,0,0,0,0,0,0,0,0,0,0,0,0,0,0,0,0,0,0,0,0,0,0,0,0,0,0,0,0,0,0,0,0,0,0,0,0,0,0,0,0,1,0,1,DO34096,0,0,0.6666666666666665,0.5833333333333333,deceased,progression,0.6666666666666665,0.07029610631848915,333.0,False,True,False,False,False,False,True,False,False,False,NA,NA,NA,NA,NA,0.012955605458628434,0.19612068965517243,0.030855539971949508,0.05196451204055766,0.276239351816173,0.5468949761342701,0,1,0,1,1,1,0,1,0,1,0.0,NA,0,1,0,True,False
1,0,1,0,0,0,0,0,1,0,1,0,1,0,1,0,1,0,1,0,1,0,1,0,1,0,1,0,0,0,0,0,1,0,0,0,0,0,0,0,1,0,0,0,0,0,1,0,1,0,1,0,0,0,1,0,0,0,1,0,1,0,0,0,1,0,0,0,0,0,0,0,1,0,0,0,1,0,1,0,1,0,1,DO34072,0,0,0.631578947368421,0.5833333333333333,alive,stable,0.631578947368421,0.07029610631848915,337.0,True,False,False,False,False,False,False,False,True,False,NA,NA,NA,NA,NA,0.00958714803938504,0.19612068965517243,0.012622720897615708,0.05196451204055766,0.3982527373476573,0.5468949761342701,0,1,0,1,0,1,0,1,0,1,1.0,NA,0,1,0,True,False
0,0,0,0,0,0,0,0,0,0,0,0,0,0,0,0,0,0,0,0,0,0,0,0,0,0,0,0,0,0,0,0,0,0,0,0,0,0,0,0,1,0,0,0,0,0,0,0,1,0,0,0,0,0,1,0,1,0,0,0,0,0,0,0,0,0,0,0,0,0,0,0,0,0,0,0,0,0,1,0,1,0,1,DO34064,0,0,0.5614035087719298,0.5833333333333333,alive,stable,0.5614035087719298,0.07029610631848915,340.0,True,False,False,False,False,False,False,False,True,False,NA,NA,NA,NA,NA,0.012264639834168251,0.19612068965517243,0.030855539971949508,0.05196451204055766,0.34812920080891463,0.5468949761342701,0,1,0,1,1,1,0,1,0,1,1.0,NA,0,1,0,True,False
0,0,0,0,0,0,0,0,0,0,0,0,0,0,0,0,0,0,0,0,0,0,0,0,0,0,0,0,0,0,0,0,0,0,0,0,0,0,0,0,1,0,0,0,0,0,0,0,0,0,0,0,0,0,0,0,0,0,0,0,0,0,0,0,0,0,0,0,0,0,1,0,0,0,0,0,0,0,0,0,1,0,1,DO34048,0,0,0.6491228070175437,0.5833333333333333,alive,stable,0.6491228070175437,0.07029610631848915,351.0,False,True,False,False,False,False,False,False,True,False,NA,NA,NA,NA,NA,0.010364484366902746,0.19612068965517243,0.030855539971949508,0.05196451204055766,0.20600787208030255,0.5468949761342701,0,1,0,1,1,1,0,1,0,1,1.0,NA,0,1,0,True,False
0,0,0,0,0,0,0,0,0,0,0,0,0,0,0,0,0,0,0,0,0,0,0,0,0,0,0,0,0,0,0,0,0,0,0,0,0,0,0,0,1,0,0,0,0,0,0,0,0,0,0,0,0,0,0,0,0,0,0,0,0,0,0,0,0,0,0,0,0,0,0,0,0,0,0,0,0,0,1,0,1,0,1,DO34040,0,0,0.7894736842105261,0.5833333333333333,alive,stable,0.7894736842105261,0.07029610631848915,359.0,False,True,False,False,False,False,False,False,True,False,NA,NA,NA,NA,NA,0.004059423043703576,0.19612068965517243,0.030855539971949508,0.05196451204055766,0.22852184699903752,0.5468949761342701,0,1,0,1,1,1,0,1,0,1,1.0,NA,0,1,0,True,False
0,1,0,0,0,0,0,0,0,1,0,1,0,1,0,1,0,1,0,1,0,1,0,1,0,1,0,1,0,1,0,0,0,1,0,0,0,0,0,1,0,1,0,0,0,0,0,1,0,1,0,1,0,1,0,1,0,0,0,1,0,1,0,0,0,1,0,0,0,0,0,0,0,1,0,0,0,0,0,0,1,0,2,DO33056,0,0,0.5964912280701753,0.16666666666666674,deceased,NA,0.1578947368421052,0.07029610631848915,216.0,False,True,False,False,False,False,False,False,False,True,NA,NA,NA,NA,NA,0.012437381240283296,0.0,0.030855539971949508,0.0050697084917617225,0.3908980128066053,0.49554015028669474,0,1,1,0,1,0,1,0,1,0,NA,NA,1,0,0,False,True
0,0,0,0,0,0,0,0,0,0,0,0,0,0,0,0,0,0,0,0,0,0,0,0,0,0,0,0,0,0,0,0,0,0,0,0,0,0,0,0,1,0,0,0,0,0,0,0,0,0,0,0,0,0,0,0,0,0,0,0,0,0,0,0,0,0,0,0,0,0,0,0,0,0,0,0,0,0,1,0,1,0,1,DO34392,0,0,0.5263157894736841,0.5833333333333333,alive,progression,0.5263157894736841,0.07029610631848915,715.0,True,False,False,False,False,False,True,False,False,False,NA,NA,NA,NA,NA,0.0044049058559336675,0.19612068965517243,0.030855539971949508,0.05196451204055766,0.22937730603291098,0.5468949761342701,0,1,0,1,1,1,0,1,0,1,0.0,NA,0,1,0,True,False
1,0,0,0,0,0,0,0,1,0,1,0,1,0,1,0,1,0,1,0,1,0,1,0,1,0,1,0,0,0,1,0,1,0,1,0,0,0,1,0,1,0,0,0,0,0,1,0,1,0,1,0,1,0,1,0,0,0,1,0,1,0,0,0,1,0,0,0,0,0,0,0,1,0,0,0,1,0,1,0,1,0,1,DO34368,0,0,0.5438596491228069,0.5833333333333333,deceased,progression,0.5438596491228069,0.07973886686873397,537.0,True,False,False,False,False,False,True,False,False,False,NA,NA,NA,NA,NA,0.008205216790464674,0.19612068965517243,0.001402524544179523,0.05196451204055766,0.5336341012989644,0.5468949761342701,0,0,0,1,0,1,0,1,0,1,0.0,NA,0,1,0,True,False
1,0,0,0,0,0,0,0,1,0,1,0,1,0,1,0,1,0,1,0,1,0,1,0,1,0,1,0,0,0,1,0,1,0,0,0,0,0,1,0,1,0,0,0,0,0,1,0,1,0,1,0,1,0,1,0,1,0,1,0,1,0,0,0,1,0,0,0,1,0,0,0,1,0,0,0,0,0,1,0,1,0,1,DO33032,0,0,0.5438596491228069,0.5833333333333333,deceased,progression,0.5438596491228069,0.07029610631848915,495.0,False,True,False,False,False,False,True,False,False,False,NA,NA,NA,NA,NA,0.025133874589739157,0.19612068965517243,0.008415147265077139,0.05196451204055766,0.2509703570909333,0.5468949761342701,0,1,0,1,0,1,0,1,0,1,0.0,NA,0,1,0,True,False
0,1,0,0,0,0,0,0,0,0,0,1,0,1,0,1,0,1,0,1,0,1,0,1,0,1,0,1,0,1,0,1,0,1,0,0,0,0,0,1,0,1,0,0,0,1,0,1,0,1,0,1,0,1,0,1,0,0,0,1,0,1,0,0,0,1,0,0,0,0,0,0,0,1,0,0,0,1,0,1,1,0,2,DO33049,0,0,0.5964912280701753,0.41666666666666674,deceased,NA,0.36842105263157887,0.07029610631848915,324.0,False,True,False,False,False,False,False,False,False,True,NA,NA,NA,NA,NA,0.012437381240283296,0.022629310344827583,0.030855539971949508,0.029150823827629912,0.3908980128066053,0.29594663867653614,0,1,1,0,1,0,1,0,1,0,NA,NA,1,0,0,False,True
0,1,0,0,0,0,0,0,0,1,0,1,0,1,0,1,0,1,0,1,0,1,0,1,0,1,0,0,0,0,0,1,0,1,0,0,0,0,0,1,0,1,0,1,0,1,0,1,0,1,0,1,0,1,0,1,0,0,0,1,0,1,0,1,0,1,0,0,0,0,0,0,0,1,0,0,0,1,0,1,1,0,2,DO33043,0,0,0.5964912280701753,0.5416666666666667,deceased,progression,0.4736842105263157,0.04243413383072977,381.0,True,False,False,False,False,False,True,False,False,False,NA,NA,NA,NA,NA,0.012437381240283296,0.03771551724137931,0.030855539971949508,0.008871989860583015,0.3908980128066053,0.20039490111039981,0,0,1,0,1,0,1,0,1,0,NA,0.0,1,0,0,False,True
1,0,0,0,0,0,1,0,1,0,1,0,1,0,1,0,1,0,1,0,1,0,1,0,1,0,1,0,0,0,1,0,1,0,1,0,0,0,0,0,1,0,0,0,0,0,1,0,1,0,1,0,1,0,1,0,1,0,1,0,1,0,0,0,1,0,0,0,0,0,0,0,1,0,0,0,1,0,1,0,1,0,1,DO33042,0,0,0.7543859649122806,0.5833333333333333,alive,stable,0.7543859649122806,0.05735602704593145,1424.0,False,True,False,False,False,False,False,False,True,False,NA,NA,NA,NA,NA,0.03990326481257557,0.19612068965517243,0.009817671809256662,0.05196451204055766,0.27347518204825005,0.5468949761342701,0,0,0,1,0,1,0,1,0,1,1.0,NA,0,1,0,True,False
1,0,0,0,0,0,0,0,1,0,1,0,1,0,1,0,0,0,1,0,1,0,1,0,1,0,1,0,0,0,0,0,1,0,0,0,0,0,0,0,0,0,1,0,1,0,1,0,1,0,1,0,1,0,1,0,0,0,1,0,1,0,0,0,1,0,0,0,1,0,0,0,1,0,0,0,0,0,0,0,1,0,1,DO33016,0,0,0.36842105263157887,0.5833333333333333,alive,stable,0.36842105263157887,0.07029610631848915,1275.0,False,True,False,False,False,False,False,False,True,False,NA,NA,NA,NA,NA,0.024788391777509067,0.19612068965517243,0.008415147265077139,0.05196451204055766,0.5227498293048178,0.5468949761342701,0,1,0,1,0,1,0,1,0,1,1.0,NA,0,1,0,True,False
0,0,0,0,0,0,0,0,0,0,0,0,0,0,0,0,0,0,0,0,0,0,0,0,0,0,0,0,0,0,0,0,0,0,0,0,0,0,0,0,0,0,0,0,0,0,0,0,0,0,0,0,0,0,0,0,0,0,1,0,0,0,0,0,0,0,0,0,0,0,0,0,0,0,0,0,0,0,1,0,1,0,1,DO34344,0,0,0.6140350877192982,0.5833333333333333,alive,progression,0.6140350877192982,0.07973886686873397,749.0,True,False,False,False,False,False,True,False,False,False,NA,NA,NA,NA,NA,0.008637070305752288,0.19612068965517243,0.030855539971949508,0.05196451204055766,0.4435983757152405,0.5468949761342701,0,0,0,1,1,1,0,1,0,1,0.0,NA,0,1,0,True,False
1,0,0,0,0,0,0,0,0,0,1,0,1,0,1,0,1,0,1,0,1,0,1,0,1,0,1,0,0,0,1,0,1,0,0,0,0,0,0,0,1,0,0,0,1,0,0,0,1,0,1,0,1,0,1,0,1,0,1,0,1,0,1,0,1,0,0,0,0,0,0,0,1,0,1,0,1,0,0,0,1,0,1,DO33028,0,0,0.4385964912280702,0.5833333333333333,deceased,progression,0.4385964912280702,0.03660526929354162,311.0,False,True,False,False,False,False,True,False,False,False,NA,NA,NA,NA,NA,0.013646571083088617,0.19612068965517243,0.021037868162692847,0.05196451204055766,0.49859084618216887,0.5468949761342701,0,0,0,1,0,1,0,1,0,1,0.0,NA,0,1,0,True,False
0,0,0,0,0,0,0,0,0,0,0,0,0,0,0,0,0,0,0,0,0,0,0,0,0,0,0,0,0,0,0,0,0,0,0,0,0,0,0,0,1,0,0,0,0,0,0,0,0,0,0,0,0,0,0,0,0,0,0,0,0,0,0,0,0,0,0,0,0,0,0,0,0,0,0,0,0,0,0,0,1,0,1,DO33024,0,0,0.5263157894736841,0.5833333333333333,deceased,NA,0.5263157894736841,0.07029610631848915,127.0,False,True,False,False,False,False,False,False,False,True,NA,NA,NA,NA,NA,0.00958714803938504,0.19612068965517243,0.030855539971949508,0.05196451204055766,0.3942100285522321,0.5468949761342701,0,1,0,1,1,1,0,1,0,1,NA,NA,0,1,0,True,False
0,0,0,0,0,0,0,0,0,0,0,0,0,0,0,0,0,0,0,0,0,0,0,0,0,0,0,0,0,0,0,0,0,0,0,0,0,0,0,0,1,0,0,0,0,0,0,0,0,0,0,0,0,0,0,0,0,0,0,0,0,0,0,0,0,0,0,0,0,0,0,0,0,0,0,0,0,0,1,0,1,0,1,DO33020,0,0,0.7894736842105261,0.5833333333333333,deceased,progression,0.7894736842105261,0.07029610631848915,434.0,False,True,False,False,False,False,True,False,False,False,NA,NA,NA,NA,NA,0.005786837104854034,0.19612068965517243,0.030855539971949508,0.05196451204055766,0.3898736728535944,0.5468949761342701,0,1,0,1,1,1,0,1,0,1,0.0,NA,0,1,0,True,False
0,0,0,0,0,0,0,0,0,0,0,0,0,0,0,0,0,0,0,0,0,0,0,0,0,0,0,0,0,0,0,0,0,0,0,0,0,0,0,0,1,0,0,0,0,0,0,0,0,0,1,0,0,0,0,0,0,0,0,0,0,0,0,0,0,0,0,0,0,0,0,0,0,0,0,0,0,0,1,0,1,0,1,DO34328,0,0,0.5964912280701753,0.5833333333333333,deceased,progression,0.5964912280701753,0.07029610631848915,468.0,False,True,False,False,False,False,True,False,False,False,NA,NA,NA,NA,NA,0.009241665227154949,0.19612068965517243,0.030855539971949508,0.05196451204055766,0.37503173500588693,0.5468949761342701,0,1,0,1,1,1,0,1,0,1,0.0,NA,0,1,0,True,False
0,0,0,0,0,0,0,0,0,0,0,0,0,0,0,0,0,0,0,0,0,0,0,0,0,0,0,0,0,0,0,0,0,0,0,0,0,0,0,0,1,0,0,0,0,0,0,0,0,0,0,0,0,0,0,0,0,0,0,0,0,0,0,0,0,0,0,0,0,0,0,0,0,0,0,0,0,0,0,0,1,0,1,DO34320,0,0,0.5087719298245612,0.5833333333333333,alive,stable,0.5087719298245612,0.07029610631848915,947.0,True,False,False,False,False,False,False,False,True,False,NA,NA,NA,NA,NA,0.0026774917947832095,0.19612068965517243,0.030855539971949508,0.05196451204055766,0.15884487889505403,0.5468949761342701,0,1,0,1,1,1,0,1,0,1,1.0,NA,0,1,0,True,False
1,0,0,0,0,0,0,0,1,0,1,0,1,0,1,0,0,0,1,0,1,0,1,0,1,0,1,0,0,0,0,0,1,0,0,0,0,0,1,0,1,0,0,0,0,0,1,0,1,0,1,0,1,0,1,0,1,0,0,0,1,0,0,0,1,0,0,0,0,0,0,0,0,0,0,0,1,0,1,0,1,0,1,DO33008,0,0,0.4035087719298245,0.5833333333333333,deceased,progression,0.4035087719298245,0.023082303567265094,970.0,True,False,False,False,False,False,True,False,False,False,NA,NA,NA,NA,NA,0.03195716013128347,0.19612068965517243,0.008415147265077139,0.05196451204055766,0.4510268533380343,0.5468949761342701,0,0,0,1,0,1,0,1,0,1,0.0,NA,0,1,0,True,False
0,0,0,0,0,0,0,0,0,0,0,0,0,0,0,0,0,0,0,0,0,0,0,0,0,0,0,0,0,0,0,0,0,0,0,0,0,0,0,0,1,0,0,0,0,0,0,0,0,0,1,0,0,0,0,0,0,0,0,0,0,0,0,0,0,0,0,0,0,0,0,0,0,0,0,0,0,0,0,0,1,0,1,DO33004,0,0,0.24561403508771917,0.5833333333333333,alive,progression,0.24561403508771917,0.07029610631848915,596.0,False,True,False,False,False,False,True,False,False,False,NA,NA,NA,NA,NA,0.01105544999136293,0.19612068965517243,0.030855539971949508,0.05196451204055766,0.3082878699109465,0.5468949761342701,0,1,0,1,1,1,0,1,0,1,0.0,NA,0,1,0,True,False
1,0,0,0,0,0,0,0,1,0,1,0,1,0,1,0,1,0,1,0,1,0,1,0,1,0,1,0,0,0,1,0,1,0,0,0,0,0,0,0,1,0,0,0,0,0,1,0,1,0,1,0,1,0,1,0,0,0,1,0,1,0,0,0,1,0,0,0,0,0,0,0,0,0,0,0,1,0,1,0,1,0,1,DO34336,0,0,0.6491228070175437,0.5833333333333333,alive,stable,0.6491228070175437,0.07029610631848915,743.0,True,False,False,False,False,False,False,False,True,False,NA,NA,NA,NA,NA,0.017792364829849715,0.19612068965517243,0.012622720897615708,0.05196451204055766,0.45773038281000655,0.5468949761342701,0,1,0,1,0,1,0,1,0,1,1.0,NA,0,1,0,True,False
1,0,0,0,1,0,0,0,0,0,1,0,1,0,1,0,1,0,1,0,1,0,1,0,1,0,1,0,0,0,1,0,1,0,0,0,0,0,0,0,1,0,0,0,0,0,1,0,1,0,1,0,1,0,1,0,1,0,1,0,1,0,0,0,1,0,0,0,0,0,0,0,1,0,0,0,1,0,0,0,1,0,1,DO33000,0,0,0.6140350877192982,0.5833333333333333,alive,progression,0.6140350877192982,0.07029610631848915,1258.0,False,True,False,False,False,False,True,False,False,False,NA,NA,NA,NA,NA,0.03307997927103126,0.19612068965517243,0.02244039270687237,0.05196451204055766,0.4811991516590729,0.5468949761342701,0,1,0,1,0,1,0,1,0,1,0.0,NA,0,1,0,True,False
0,0,0,0,0,0,0,0,0,0,0,0,0,0,0,0,0,0,0,0,0,0,0,0,0,0,0,0,0,0,0,0,0,0,0,0,0,0,0,0,1,0,0,0,0,0,0,0,0,0,0,0,0,0,0,0,0,0,0,0,0,0,0,0,0,0,0,0,0,0,0,0,0,0,0,0,0,0,0,0,1,0,1,DO33098,0,0,0.6140350877192982,0.5833333333333333,deceased,progression,0.6140350877192982,0.10631848915831195,746.0,False,True,False,False,False,False,True,False,False,False,NA,NA,NA,NA,NA,0.0017274140611504578,0.19612068965517243,0.030855539971949508,0.05196451204055766,0.26437221310172254,0.5468949761342701,0,0,0,1,1,1,0,1,0,1,0.0,NA,0,1,0,True,False
1,0,0,0,0,0,0,0,1,0,1,0,1,0,1,0,1,0,1,0,1,0,1,0,1,0,1,0,0,0,1,0,1,0,0,0,0,0,0,0,0,0,0,0,1,0,1,0,1,0,1,0,1,0,1,0,0,0,1,0,0,0,0,0,1,0,0,0,0,0,0,0,1,0,0,0,0,0,0,0,1,0,1,DO33077,0,0,0.7543859649122806,0.5833333333333333,deceased,NA,0.7543859649122806,0.07029610631848915,476.0,True,False,False,False,False,False,False,False,False,True,NA,NA,NA,NA,NA,0.02003800310934531,0.19612068965517243,0.015427769985974754,0.05196451204055766,0.5987264035880222,0.5468949761342701,0,1,0,1,0,1,0,1,0,1,NA,NA,0,1,0,True,False
0,0,0,0,0,0,0,0,0,0,0,0,0,0,0,0,0,0,1,0,0,0,0,0,1,0,0,0,1,0,0,0,0,0,0,0,0,0,0,0,1,0,0,0,0,0,0,0,0,0,0,0,0,0,0,0,0,0,0,0,0,0,0,0,0,0,0,0,1,0,0,0,0,0,0,0,0,0,1,0,1,0,1,DO33084,0,0,0.6842105263157894,0.5833333333333333,deceased,NA,0.6842105263157894,0.07029610631848915,6.0,True,False,False,False,False,False,False,False,False,True,NA,NA,NA,NA,NA,0.0882708585247884,0.19612068965517243,0.030855539971949508,0.05196451204055766,0.16448008735774353,0.5468949761342701,0,1,0,1,1,1,0,1,0,1,NA,NA,0,1,0,True,False
1,0,0,0,0,0,0,0,0,0,1,0,1,0,1,0,1,0,1,0,1,0,1,0,1,0,1,0,0,0,1,0,1,0,0,0,0,0,0,0,1,0,0,0,0,0,1,0,1,0,1,0,1,0,1,0,0,0,1,0,1,0,0,0,1,0,0,0,0,0,0,0,1,0,0,0,1,0,1,0,1,0,1,DO34312,0,0,0.4385964912280702,0.5833333333333333,deceased,progression,0.4385964912280702,0.07029610631848915,226.0,True,False,False,False,False,False,True,False,False,False,NA,NA,NA,NA,NA,0.021160822249093107,0.19612068965517243,0.0070126227208976155,0.05196451204055766,0.40401770473628507,0.5468949761342701,0,1,0,1,0,1,0,1,0,1,0.0,NA,0,1,0,True,False
1,0,0,0,0,0,0,0,1,0,1,0,1,0,1,0,1,0,1,0,1,0,1,0,1,0,1,0,0,0,1,0,1,0,0,0,0,0,1,0,1,0,0,0,1,0,1,0,1,0,1,0,1,0,1,0,0,0,1,0,1,0,0,0,1,0,0,0,0,0,0,0,1,0,0,0,0,0,0,0,1,0,1,DO34264,0,0,0.5263157894736841,0.5833333333333333,deceased,progression,0.5263157894736841,0.1636745162042434,1144.0,True,False,False,False,False,False,True,False,False,False,NA,NA,NA,NA,NA,0.029193297633442736,0.19612068965517243,0.008415147265077139,0.05196451204055766,0.49024847937965155,0.5468949761342701,0,0,0,1,0,1,0,1,0,1,0.0,NA,0,1,0,True,False
1,0,0,0,0,0,0,0,0,0,0,0,1,0,0,0,0,0,0,0,0,0,0,0,0,0,0,0,0,0,0,0,0,0,0,0,0,0,0,0,1,0,0,0,0,0,0,0,0,0,0,0,0,0,0,0,0,0,0,0,0,0,0,0,0,0,0,0,0,0,0,0,0,0,0,0,0,0,1,0,1,0,1,DO34280,0,0,0.6842105263157894,0.5833333333333333,alive,stable,0.6842105263157894,0.07029610631848915,798.0,True,False,False,False,False,False,False,False,True,False,NA,NA,NA,NA,NA,0.006823285541544309,0.19612068965517243,0.030855539971949508,0.05196451204055766,0.2120596886406744,0.5468949761342701,0,1,0,1,1,1,0,1,0,1,1.0,NA,0,1,0,True,False
0,0,0,0,0,0,0,0,0,0,0,0,0,0,0,0,0,0,0,0,0,0,0,0,0,0,0,0,0,0,0,0,0,0,0,0,0,0,0,0,1,0,0,0,0,0,0,0,0,0,0,0,0,0,0,0,1,0,0,0,0,0,0,0,0,0,0,0,0,0,0,0,0,0,0,0,0,0,0,0,1,0,1,DO34272,0,0,0.22807017543859642,0.5833333333333333,alive,stable,0.22807017543859642,0.07029610631848915,713.0,False,True,False,False,False,False,False,False,True,False,NA,NA,NA,NA,NA,0.0009500777336327517,0.19612068965517243,0.030855539971949508,0.05196451204055766,0.24744073719624984,0.5468949761342701,0,1,0,1,1,1,0,1,0,1,1.0,NA,0,1,0,True,False
0,0,0,0,0,0,0,0,0,0,1,0,1,0,1,0,1,0,1,0,1,0,1,0,1,0,1,0,1,0,0,0,1,0,0,0,0,0,0,0,1,0,0,0,0,0,1,0,1,0,1,0,1,0,1,0,0,0,1,0,1,0,0,0,1,0,0,0,0,0,0,0,1,0,0,0,0,0,1,0,1,0,1,DO34240,0,0,0.6842105263157894,0.5833333333333333,deceased,progression,0.6842105263157894,0.011657729074376311,236.0,False,True,False,False,False,False,True,False,False,False,NA,NA,NA,NA,NA,0.01166004491276559,0.19612068965517243,0.015427769985974754,0.05196451204055766,0.4552513429670437,0.5468949761342701,0,0,0,1,0,1,0,1,0,1,0.0,NA,0,1,0,True,False
0,0,0,0,0,0,0,0,0,0,0,0,0,0,0,0,0,0,0,0,0,0,0,0,0,0,0,0,0,0,0,0,0,0,0,0,0,0,0,0,0,0,0,0,1,0,0,0,0,0,0,0,0,0,0,0,0,0,0,0,0,0,0,0,0,0,0,0,0,0,0,0,0,0,0,0,0,0,1,0,1,0,1,DO34256,0,0,0.33333333333333326,0.5833333333333333,alive,stable,0.33333333333333326,0.07029610631848915,685.0,True,False,False,False,False,False,False,False,True,False,NA,NA,NA,NA,NA,0.004577647262048713,0.19612068965517243,0.030855539971949508,0.05196451204055766,0.17132538817743057,0.5468949761342701,0,1,0,1,1,1,0,1,0,1,1.0,NA,0,1,0,True,False
0,0,0,0,0,0,0,0,0,0,0,0,0,0,0,0,0,0,0,0,0,0,0,0,0,0,0,0,0,0,0,0,0,0,0,0,0,0,0,0,1,0,0,0,0,0,0,0,0,0,0,0,0,0,0,0,0,0,0,0,0,0,0,0,0,0,0,0,0,0,0,0,0,0,0,0,0,0,0,0,1,0,1,DO34232,0,0,0.631578947368421,0.5833333333333333,alive,progression,0.631578947368421,0.07029610631848915,905.0,True,False,False,False,False,False,True,False,False,False,NA,NA,NA,NA,NA,0.007255139056831923,0.19612068965517243,0.030855539971949508,0.05196451204055766,0.24533954274853934,0.5468949761342701,0,1,0,1,1,1,0,1,0,1,0.0,NA,0,1,0,True,False
0,0,0,0,1,0,0,0,0,0,0,0,0,0,0,0,0,0,0,0,0,0,0,0,0,0,0,0,0,0,0,0,0,0,0,0,0,0,0,0,1,0,0,0,0,0,0,0,0,0,0,0,0,0,1,0,0,0,0,0,0,0,0,0,0,0,0,0,0,0,0,0,0,0,0,0,0,0,0,0,1,0,1,DO34208,0,0,0.5789473684210527,0.5833333333333333,deceased,progression,0.5789473684210527,0.029377477267428304,305.0,False,True,False,False,False,False,True,False,False,False,NA,NA,NA,NA,NA,0.017878735532907235,0.19612068965517243,0.030855539971949508,0.05196451204055766,0.21067130525851888,0.5468949761342701,0,0,0,1,1,1,0,1,0,1,0.0,NA,0,1,0,True,False
0,0,0,0,0,0,0,0,0,0,0,0,0,0,0,0,0,0,0,0,0,0,0,0,1,0,0,0,0,0,0,0,0,0,0,0,0,0,1,0,1,0,0,0,1,0,0,0,0,0,0,0,0,0,0,0,0,0,0,0,0,0,0,0,0,0,0,0,0,0,1,0,0,0,0,0,0,0,0,0,1,0,1,DO34200,0,0,0.6842105263157894,0.5833333333333333,alive,progression,0.6842105263157894,0.07029610631848915,985.0,True,False,False,False,False,False,True,False,False,False,NA,NA,NA,NA,NA,0.018828813266539988,0.19612068965517243,0.030855539971949508,0.05196451204055766,0.16201697372045712,0.5468949761342701,0,1,0,1,1,1,0,1,0,1,0.0,NA,0,1,0,True,False
0,0,0,0,0,0,0,0,0,0,0,0,0,0,0,0,0,0,0,0,0,0,0,0,0,0,0,0,0,0,0,0,0,0,0,0,0,0,0,0,0,0,0,0,0,0,0,0,0,0,0,0,0,0,0,0,0,0,0,0,0,0,0,0,0,0,1,0,0,0,0,0,0,0,0,0,0,0,0,0,1,0,1,DO34216,0,0,0.33333333333333326,0.5833333333333333,alive,progression,0.33333333333333326,0.05922126369783166,864.0,True,False,False,False,False,False,True,False,False,False,NA,NA,NA,NA,NA,0.0004318535152876144,0.19612068965517243,0.030855539971949508,0.05196451204055766,0.22970326201564975,0.5468949761342701,0,0,0,1,1,1,0,1,0,1,0.0,NA,0,1,0,True,False
1,0,0,0,0,0,1,0,1,0,1,0,1,0,1,0,1,0,1,0,1,0,1,0,1,0,1,0,0,0,1,0,1,0,0,0,0,0,1,0,1,0,0,0,0,0,1,0,1,0,1,0,1,0,1,0,0,0,1,0,1,0,0,0,1,0,0,0,0,0,1,0,0,0,1,0,0,0,1,0,1,0,1,DO34288,0,0,0.8771929824561402,0.5833333333333333,deceased,progression,0.8771929824561402,0.07029610631848915,220.0,True,False,False,False,False,False,True,False,False,False,NA,NA,NA,NA,NA,0.01286923475557091,0.19612068965517243,0.014025245441795231,0.05196451204055766,0.5960364266750842,0.5468949761342701,0,1,0,1,0,1,0,1,0,1,0.0,NA,0,1,0,True,False
0,0,0,0,0,0,0,0,0,0,0,0,0,0,0,0,0,0,0,0,0,0,0,0,0,0,0,0,0,0,0,0,0,0,0,0,0,0,0,0,1,0,0,0,0,0,0,0,0,0,0,0,0,0,0,0,0,0,0,0,0,0,0,0,0,0,0,0,0,0,0,0,0,0,0,0,0,0,1,0,1,0,1,DO33976,0,0,0.6666666666666665,0.5833333333333333,deceased,progression,0.6666666666666665,0.07029610631848915,113.0,False,True,False,False,False,False,True,False,False,False,NA,NA,NA,NA,NA,0.0028502332008982553,0.19612068965517243,0.030855539971949508,0.05196451204055766,0.22483537699436892,0.5468949761342701,0,1,0,1,1,1,0,1,0,1,0.0,NA,0,1,0,True,False
0,0,0,0,0,0,0,0,1,0,1,0,1,0,0,0,1,0,1,0,1,0,0,0,1,0,1,0,0,0,0,0,0,0,0,0,0,0,0,0,1,0,0,0,0,0,1,0,1,0,1,0,1,0,1,0,0,0,1,0,1,0,0,0,1,0,0,0,0,0,1,0,0,0,0,0,0,0,1,0,1,0,1,DO33984,0,0,0.5438596491228069,0.5833333333333333,alive,stable,0.5438596491228069,0.07029610631848915,847.0,False,True,False,False,False,False,False,False,True,False,NA,NA,NA,NA,NA,0.010969079288305407,0.19612068965517243,0.011220196353436185,0.05196451204055766,0.3960659031168786,0.5468949761342701,0,1,0,1,0,1,0,1,0,1,1.0,NA,0,1,0,True,False
0,0,0,0,0,0,0,0,0,0,0,0,0,0,0,0,0,0,0,0,0,0,0,0,1,0,0,0,0,0,0,0,0,0,0,0,0,0,0,0,1,0,0,0,0,0,0,0,0,0,0,0,1,0,0,0,0,0,0,0,0,0,0,0,0,0,0,0,0,0,0,0,0,0,0,0,0,0,0,0,1,0,1,DO33968,0,0,0.6140350877192982,0.5833333333333333,deceased,progression,0.6140350877192982,0.07029610631848915,152.0,True,False,False,False,False,False,True,False,False,False,NA,NA,NA,NA,NA,0.007686992572119538,0.19612068965517243,0.030855539971949508,0.05196451204055766,0.20996929549492702,0.5468949761342701,0,1,0,1,1,1,0,1,0,1,0.0,NA,0,1,0,True,False
1,0,0,0,0,0,0,0,0,0,1,0,1,0,1,0,1,0,1,0,1,0,1,0,1,0,1,0,1,0,0,0,1,0,0,0,0,0,1,0,1,0,0,0,0,0,1,0,1,0,1,0,1,0,1,0,0,0,1,0,1,0,0,0,1,0,0,0,0,0,0,0,1,0,0,0,1,0,1,0,1,0,1,DO33960,0,0,0.42105263157894735,0.5833333333333333,deceased,progression,0.42105263157894735,0.07029610631848915,616.0,False,True,False,False,False,False,True,False,False,False,NA,NA,NA,NA,NA,0.026688547244774572,0.19612068965517243,0.008415147265077139,0.05196451204055766,0.40292210941536455,0.5468949761342701,0,1,0,1,0,1,0,1,0,1,0.0,NA,0,1,0,True,False
0,0,0,0,0,0,0,0,0,0,0,0,0,0,0,0,0,0,0,0,0,0,0,0,0,0,0,0,0,0,0,0,0,0,0,0,0,0,0,0,1,0,0,0,0,0,0,0,0,0,0,0,0,0,0,0,0,0,0,0,0,0,0,0,0,0,0,0,0,0,0,0,0,0,0,0,0,0,1,0,1,0,1,DO33912,0,0,0.36842105263157887,0.5833333333333333,deceased,progression,0.36842105263157887,0.07029610631848915,1081.0,True,False,False,False,False,False,True,False,False,False,NA,NA,NA,NA,NA,0.006909656244601831,0.19612068965517243,0.030855539971949508,0.05196451204055766,0.18573792110405388,0.5468949761342701,0,1,0,1,1,1,0,1,0,1,0.0,NA,0,1,0,True,False
0,0,0,0,0,0,0,0,0,0,0,0,0,0,0,0,0,0,0,0,0,0,0,0,0,0,0,0,0,0,0,0,0,0,0,0,0,0,0,0,1,0,0,0,0,0,0,0,0,0,0,0,0,0,0,0,0,0,0,0,0,0,0,0,0,0,0,0,0,0,0,0,0,0,0,0,0,0,1,0,1,0,1,DO33920,0,0,0.6491228070175437,0.5833333333333333,deceased,progression,0.6491228070175437,0.07029610631848915,957.0,False,True,False,False,False,False,True,False,False,False,NA,NA,NA,NA,NA,0.005786837104854034,0.19612068965517243,0.030855539971949508,0.05196451204055766,0.3473683289295343,0.5468949761342701,0,1,0,1,1,1,0,1,0,1,0.0,NA,0,1,0,True,False
0,0,0,0,0,0,0,0,0,0,0,0,0,0,0,0,0,0,0,0,0,0,0,0,0,0,0,0,0,0,0,0,0,0,0,0,0,0,0,0,1,0,0,0,0,0,0,0,0,0,0,0,0,0,0,0,0,0,0,0,0,0,0,0,0,0,0,0,0,0,0,0,0,0,0,0,0,0,1,0,1,0,1,DO33992,0,0,0.5964912280701753,0.5833333333333333,deceased,progression,0.5964912280701753,0.07029610631848915,507.0,True,False,False,False,False,False,True,False,False,False,NA,NA,NA,NA,NA,0.007514251166004492,0.19612068965517243,0.030855539971949508,0.05196451204055766,0.18253346633770154,0.5468949761342701,0,1,0,1,1,1,0,1,0,1,0.0,NA,0,1,0,True,False
0,0,0,0,0,0,0,0,0,0,0,0,0,0,0,0,0,0,0,0,0,0,0,0,0,0,0,0,0,0,0,0,0,0,0,0,0,0,0,0,1,0,0,0,0,0,0,0,0,0,1,0,0,0,0,0,0,0,0,0,0,0,0,0,0,0,0,0,0,0,0,0,0,0,0,0,0,0,1,0,1,0,1,DO32988,0,0,0.49122807017543857,0.5833333333333333,alive,progression,0.49122807017543857,0.07029610631848915,1170.0,True,False,False,False,False,False,True,False,False,False,NA,NA,NA,NA,NA,0.010019001554672655,0.19612068965517243,0.030855539971949508,0.05196451204055766,0.2081900757617912,0.5468949761342701,0,1,0,1,1,1,0,1,0,1,0.0,NA,0,1,0,True,False
1,0,1,0,0,0,0,0,0,0,1,0,1,0,1,0,1,0,1,0,1,0,1,0,0,0,1,0,0,0,1,0,1,0,0,0,0,0,0,0,1,0,1,0,0,0,1,0,1,0,1,0,1,0,1,0,0,0,1,0,0,0,0,0,1,0,0,0,0,0,0,0,0,0,0,0,1,0,0,0,1,0,1,DO32984,0,0,0.49122807017543857,0.5833333333333333,deceased,progression,0.49122807017543857,0.024248076474702725,415.0,False,True,False,False,False,False,True,False,False,False,NA,NA,NA,NA,NA,0.01977889100017274,0.19612068965517243,0.001402524544179523,0.05196451204055766,0.4330353076305169,0.5468949761342701,0,0,0,1,0,1,0,1,0,1,0.0,NA,0,1,0,True,False
1,0,0,0,0,0,1,0,1,0,1,0,1,0,1,0,1,0,1,0,1,0,1,0,1,0,1,0,0,0,0,0,1,0,1,0,0,0,1,0,1,0,0,0,1,0,1,0,1,0,1,0,1,0,1,0,0,0,1,0,1,0,1,0,1,0,0,0,1,0,0,0,1,0,0,0,1,0,0,0,1,0,1,DO32980,0,0,0.6842105263157894,0.5833333333333333,deceased,progression,0.6842105263157894,0.07029610631848915,78.0,True,False,False,False,False,False,True,False,False,False,NA,NA,NA,NA,NA,0.03670754879944722,0.19612068965517243,0.004207573632538569,0.05196451204055766,0.3250534486440593,0.5468949761342701,0,1,0,1,0,1,0,1,0,1,0.0,NA,0,1,0,True,False
0,0,0,0,0,0,0,0,0,0,0,0,0,0,0,0,0,0,0,0,0,0,0,0,0,0,0,0,0,0,0,0,0,0,0,0,0,0,0,0,1,0,0,0,0,0,0,0,0,0,0,0,0,0,0,0,0,0,0,0,0,0,0,0,0,0,0,0,0,0,0,0,0,0,0,0,0,0,1,0,1,0,1,DO32996,0,0,0.45614035087719285,0.5833333333333333,deceased,progression,0.45614035087719285,0.053159244579155975,280.0,True,False,False,False,False,False,True,False,False,False,NA,NA,NA,NA,NA,0.01045085506996027,0.19612068965517243,0.030855539971949508,0.05196451204055766,0.15804994552616133,0.5468949761342701,0,0,0,1,1,1,0,1,0,1,0.0,NA,0,1,0,True,False
0,0,0,0,0,0,0,0,0,0,0,0,0,0,0,0,1,0,0,0,0,0,0,0,0,0,0,0,0,0,0,0,0,0,0,0,0,0,0,0,1,0,0,0,0,0,0,0,0,0,0,0,0,0,0,0,0,0,0,0,0,0,0,0,0,0,0,0,0,0,0,0,0,0,0,0,0,0,1,0,1,0,1,DO32992,0,0,0.5438596491228069,0.5833333333333333,deceased,progression,0.5438596491228069,0.01585451154115178,363.0,False,True,False,False,False,False,True,False,False,False,NA,NA,NA,NA,NA,0.006909656244601831,0.19612068965517243,0.030855539971949508,0.05196451204055766,0.268545943273478,0.5468949761342701,0,0,0,1,1,1,0,1,0,1,0.0,NA,0,1,0,True,False
0,0,0,0,0,0,0,0,1,0,1,0,1,0,1,0,1,0,1,0,0,0,0,0,0,0,1,0,0,0,0,0,1,0,0,0,0,0,0,0,1,0,0,0,0,0,1,0,0,0,1,0,1,0,1,0,0,0,1,0,1,0,0,0,1,0,0,0,0,0,0,0,0,0,0,0,0,0,1,0,1,0,1,DO32968,0,0,0.7894736842105261,0.5833333333333333,alive,progression,0.7894736842105261,0.045931452553042665,1456.0,False,True,False,False,False,False,True,False,False,False,NA,NA,NA,NA,NA,0.005614095698738988,0.19612068965517243,0.001402524544179523,0.05196451204055766,0.21073804303503843,0.5468949761342701,0,0,0,1,0,1,0,1,0,1,0.0,NA,0,1,0,True,False
0,0,0,0,0,0,0,0,0,0,0,0,0,0,0,0,0,0,0,0,0,0,0,0,1,0,0,0,0,0,0,0,0,0,0,0,0,0,0,0,1,0,0,0,0,0,0,0,0,0,0,0,0,0,0,0,0,0,0,0,0,0,0,0,0,0,0,0,0,0,0,0,0,0,0,0,0,0,0,0,1,0,1,DO32964,0,0,0.8771929824561402,0.5833333333333333,deceased,progression,0.8771929824561402,0.10445325250641174,516.0,False,True,False,False,False,False,True,False,False,False,NA,NA,NA,NA,NA,0.007859733978234583,0.19612068965517243,0.030855539971949508,0.05196451204055766,0.17836336583573445,0.5468949761342701,0,0,0,1,1,1,0,1,0,1,0.0,NA,0,1,0,True,False
1,0,0,0,1,0,0,0,0,0,1,0,1,0,0,0,1,0,1,0,1,0,0,0,1,0,1,0,0,0,0,0,1,0,0,0,0,0,0,0,1,0,0,0,0,0,1,0,1,0,1,0,0,0,1,0,0,0,1,0,0,0,0,0,1,0,0,0,0,0,0,0,1,0,0,0,1,0,0,0,1,0,1,DO32960,0,0,0.5614035087719298,0.5833333333333333,alive,stable,0.5614035087719298,0.07029610631848915,1258.0,True,False,False,False,False,False,False,False,True,False,NA,NA,NA,NA,NA,0.015719467956469165,0.19612068965517243,0.008415147265077139,0.05196451204055766,0.484449702002697,0.5468949761342701,0,1,0,1,0,1,0,1,0,1,1.0,NA,0,1,0,True,False
1,0,0,0,0,0,0,0,1,0,1,0,1,0,1,0,1,0,1,0,0,0,1,0,1,0,1,0,0,0,0,0,1,0,0,0,0,0,1,0,0,0,0,0,0,0,1,0,1,0,1,0,1,0,1,0,0,0,1,0,0,0,0,0,1,0,0,0,0,0,0,0,1,0,0,0,1,0,1,0,1,0,1,DO32976,0,0,0.7017543859649122,0.5833333333333333,deceased,progression,0.7017543859649122,0.10445325250641174,610.0,True,False,False,False,False,False,True,False,False,False,NA,NA,NA,NA,NA,0.019001554672655033,0.19612068965517243,0.009817671809256662,0.05196451204055766,0.274925709261831,0.5468949761342701,0,0,0,1,0,1,0,1,0,1,0.0,NA,0,1,0,True,False
1,0,0,0,0,0,0,0,0,0,0,0,1,0,1,0,1,0,0,0,0,0,0,0,0,0,1,0,0,0,0,0,1,0,0,0,0,0,1,0,1,0,0,0,0,0,1,0,1,0,1,0,1,0,0,0,0,0,1,0,1,0,0,0,1,0,0,0,0,0,0,0,0,0,0,0,1,0,0,0,1,0,1,DO32972,0,0,0.5789473684210527,0.5833333333333333,deceased,progression,0.5789473684210527,0.06831429237584519,605.0,False,True,False,False,False,False,True,False,False,False,NA,NA,NA,NA,NA,0.012091898428053204,0.19612068965517243,0.015427769985974754,0.05196451204055766,0.6685846715088551,0.5468949761342701,0,0,0,1,0,1,0,1,0,1,0.0,NA,0,1,0,True,False
0,0,0,0,1,0,0,0,0,0,0,0,0,0,0,0,0,0,0,0,0,0,0,0,0,0,0,0,0,0,0,0,0,0,0,0,0,0,0,0,1,0,0,0,0,0,0,0,0,0,0,0,0,0,0,0,0,0,0,0,0,0,0,0,0,0,0,0,0,0,0,0,0,0,0,0,0,0,0,0,1,0,1,DO32948,0,0,0.7543859649122806,0.5833333333333333,deceased,stable,0.7543859649122806,0.07029610631848915,28.0,False,True,False,False,False,False,False,False,True,False,NA,NA,NA,NA,NA,0.005786837104854034,0.19612068965517243,0.030855539971949508,0.05196451204055766,0.3625463279980812,0.5468949761342701,0,1,0,1,1,1,0,1,0,1,1.0,NA,0,1,0,True,False
0,0,0,0,0,0,0,0,0,0,0,0,0,0,0,0,0,0,0,0,0,0,0,0,1,0,0,0,0,0,0,0,0,0,0,0,0,0,1,0,1,0,0,0,0,0,0,0,0,0,0,0,0,0,0,0,0,0,0,0,0,0,0,0,0,0,0,0,0,0,0,0,0,0,0,0,0,0,1,0,1,0,1,DO32944,0,0,0.6842105263157894,0.5833333333333333,alive,stable,0.6842105263157894,0.07029610631848915,1424.0,True,False,False,False,False,False,False,False,True,False,NA,NA,NA,NA,NA,0.015719467956469165,0.19612068965517243,0.030855539971949508,0.05196451204055766,0.17889476933021684,0.5468949761342701,0,1,0,1,1,1,0,1,0,1,1.0,NA,0,1,0,True,False
0,0,0,0,0,0,0,0,0,0,0,0,0,0,0,0,0,0,0,0,0,0,0,0,0,0,1,0,0,0,0,0,0,0,0,0,0,0,0,0,1,0,0,0,0,0,0,0,0,0,0,0,0,0,0,0,0,0,0,0,0,0,0,0,0,0,0,0,0,0,0,0,0,0,0,0,0,0,0,0,1,0,1,DO32940,0,0,0.33333333333333326,0.5833333333333333,deceased,progression,0.33333333333333326,0.12590347400326415,717.0,False,True,False,False,False,False,True,False,False,False,NA,NA,NA,NA,NA,0.0069960269476593544,0.19612068965517243,0.030855539971949508,0.05196451204055766,0.2532806517106716,0.5468949761342701,0,0,0,1,1,1,0,1,0,1,0.0,NA,0,1,0,True,False
0,0,0,0,0,0,0,0,0,0,0,0,0,0,0,0,0,0,0,0,0,0,0,0,0,0,0,0,0,0,0,0,0,0,0,0,0,0,0,0,1,0,0,0,0,0,0,0,0,0,0,0,0,0,0,0,0,0,0,0,0,0,0,0,0,0,0,0,0,0,0,0,0,0,0,0,0,0,1,0,1,0,1,DO32956,0,0,0.6666666666666665,0.5833333333333333,alive,stable,0.6666666666666665,0.07029610631848915,1448.0,False,True,False,False,False,False,False,False,True,False,NA,NA,NA,NA,NA,0.006823285541544309,0.19612068965517243,0.030855539971949508,0.05196451204055766,0.31514218536217264,0.5468949761342701,0,1,0,1,1,1,0,1,0,1,1.0,NA,0,1,0,True,False
0,0,0,0,0,0,0,0,0,0,0,0,0,0,0,0,0,0,0,0,0,0,0,0,0,0,0,0,0,0,0,0,0,0,0,0,0,0,0,0,1,0,0,0,0,0,0,0,0,0,0,0,0,0,0,0,0,0,0,0,0,0,0,0,0,0,0,0,0,0,0,0,0,0,0,0,0,0,1,0,1,0,1,DO32952,0,0,0.6842105263157894,0.5833333333333333,deceased,progression,0.6842105263157894,0.0470972254604803,234.0,False,True,False,False,False,False,True,False,False,False,NA,NA,NA,NA,NA,0.017619623423734666,0.19612068965517243,0.030855539971949508,0.05196451204055766,0.24845598785555464,0.5468949761342701,0,0,0,1,1,1,0,1,0,1,0.0,NA,0,1,0,True,False
0,0,0,0,0,0,0,0,0,0,0,0,0,0,0,0,0,0,0,0,0,0,0,0,0,0,0,0,0,0,0,0,0,0,0,0,0,0,1,0,1,0,0,0,0,0,0,0,0,0,0,0,0,0,0,0,0,0,0,0,0,0,0,0,0,0,0,0,0,0,0,0,0,0,0,0,0,0,1,0,1,0,1,DO32924,0,0,0.5964912280701753,0.5833333333333333,deceased,progression,0.5964912280701753,0.05805549079039403,313.0,False,True,False,False,False,False,True,False,False,False,NA,NA,NA,NA,NA,0.0065641734323717395,0.19612068965517243,0.030855539971949508,0.05196451204055766,0.3107260032326311,0.5468949761342701,0,0,0,1,1,1,0,1,0,1,0.0,NA,0,1,0,True,False
0,0,0,0,0,0,0,0,0,0,0,0,0,0,0,0,0,0,0,0,0,0,0,0,0,0,0,0,0,0,0,0,0,0,0,0,0,0,0,0,1,0,0,0,0,0,0,0,0,0,0,0,0,0,0,0,0,0,0,0,0,0,0,0,0,0,0,0,0,0,0,0,0,0,0,0,0,0,0,0,1,0,1,DO32920,0,0,0.42105263157894735,0.5833333333333333,deceased,NA,0.42105263157894735,0.07029610631848915,201.0,False,True,False,False,False,False,False,False,False,True,NA,NA,NA,NA,NA,0.001554672655035412,0.19612068965517243,0.030855539971949508,0.05196451204055766,0.2538926842950002,0.5468949761342701,0,1,0,1,1,1,0,1,0,1,NA,NA,0,1,0,True,False
0,0,0,0,0,0,0,0,0,0,0,0,0,0,0,0,0,0,0,0,0,0,0,0,0,0,0,0,0,0,0,0,0,0,0,0,0,0,0,0,1,0,0,0,0,0,0,0,0,0,0,0,0,0,0,0,0,0,0,0,0,0,0,0,0,0,0,0,0,0,0,0,0,0,0,0,0,0,1,0,1,0,1,DO32936,0,0,0.6140350877192982,0.5833333333333333,deceased,progression,0.6140350877192982,0.11797621823268827,552.0,False,True,False,False,False,False,True,False,False,False,NA,NA,NA,NA,NA,0.011400932803593021,0.19612068965517243,0.030855539971949508,0.05196451204055766,0.22822240183337963,0.5468949761342701,0,0,0,1,1,1,0,1,0,1,0.0,NA,0,1,0,True,False
0,0,0,0,0,0,0,0,0,0,0,0,0,0,0,0,0,0,0,0,0,0,0,0,0,0,0,0,0,0,0,0,0,0,0,0,0,0,0,0,1,0,0,0,0,0,0,0,0,0,0,0,0,0,0,0,0,0,0,0,1,0,0,0,0,0,0,0,0,0,0,0,0,0,0,0,0,0,1,0,1,0,1,DO32932,0,0,0.7192982456140351,0.5833333333333333,alive,stable,0.7192982456140351,0.07029610631848915,1502.0,False,True,False,False,False,False,False,False,True,False,NA,NA,NA,NA,NA,0.008550699602694766,0.19612068965517243,0.030855539971949508,0.05196451204055766,0.2484426456077877,0.5468949761342701,0,1,0,1,1,1,0,1,0,1,1.0,NA,0,1,0,True,False
1,0,0,0,0,0,0,0,1,0,1,0,1,0,1,0,1,0,1,0,1,0,1,0,1,0,1,0,0,0,1,0,1,0,0,0,1,0,0,0,1,0,0,0,0,0,1,0,1,0,1,0,1,0,1,0,0,0,1,0,1,0,1,0,1,0,0,0,0,0,1,0,0,0,0,0,0,0,1,0,1,0,1,DO32908,0,0,0.7719298245614035,0.5833333333333333,alive,stable,0.7719298245614035,0.07029610631848915,1478.0,True,False,False,False,False,False,False,False,True,False,NA,NA,NA,NA,NA,0.016064950768699255,0.19612068965517243,0.021037868162692847,0.05196451204055766,0.4145994191759528,0.5468949761342701,0,1,0,1,0,1,0,1,0,1,1.0,NA,0,1,0,True,False
1,0,0,0,0,0,1,0,1,0,1,0,1,0,1,0,1,0,1,0,1,0,1,0,1,0,1,0,1,0,1,0,1,0,0,0,0,0,1,0,1,0,1,0,1,0,1,0,1,0,1,0,1,0,1,0,0,0,1,0,1,0,0,0,1,0,0,0,0,0,0,0,1,0,0,0,1,0,0,0,1,0,1,DO32904,0,0,0.7894736842105261,0.5833333333333333,deceased,progression,0.7894736842105261,0.07029610631848915,92.0,True,False,False,False,False,False,True,False,False,False,NA,NA,NA,NA,NA,0.04059423043703576,0.19612068965517243,0.1332398316970547,0.05196451204055766,0.9139712290234934,0.5468949761342701,0,1,0,1,0,1,0,1,0,1,0.0,NA,0,1,0,True,False
1,0,0,0,0,0,1,0,1,0,1,0,1,0,1,0,1,0,1,0,1,0,1,0,1,0,1,0,1,0,1,0,1,0,1,0,0,0,1,0,1,0,0,0,1,0,1,0,1,0,1,0,1,0,1,0,1,0,1,0,1,0,0,0,1,0,0,0,0,0,0,0,0,0,0,0,0,0,1,0,1,0,1,DO32916,0,0,0.7894736842105261,0.5833333333333333,deceased,progression,0.7894736842105261,0.02774539519701562,154.0,False,True,False,False,False,False,True,False,False,False,NA,NA,NA,NA,NA,0.049404042148903086,0.19612068965517243,0.023842917251051893,0.05196451204055766,0.47396463969378455,0.5468949761342701,0,0,0,1,0,1,0,1,0,1,0.0,NA,0,1,0,True,False
1,0,0,0,0,0,0,0,1,0,1,0,1,0,1,0,1,0,1,0,0,0,1,0,1,0,1,0,0,0,1,0,1,0,1,0,0,0,0,0,1,0,0,0,0,0,1,0,1,0,1,0,1,0,1,0,1,0,1,0,1,0,1,0,1,0,0,0,0,0,0,0,1,0,0,0,1,0,1,0,1,0,1,DO32912,0,0,0.5438596491228069,0.625,alive,stable,0.5438596491228069,0.056190254138493816,1253.0,False,True,False,False,False,False,False,False,True,False,NA,NA,NA,NA,NA,0.009673518742442563,0.19612068965517243,0.011220196353436185,0.05196451204055766,0.5370718257335462,0.5468949761342701,0,0,0,1,0,1,0,1,0,0,1.0,1.0,0,1,1,True,False
0,1,0,0,0,0,0,0,0,0,0,1,0,1,0,1,0,0,0,1,0,0,0,1,0,1,0,1,0,0,0,0,0,1,0,0,0,0,0,0,1,1,0,1,0,1,0,1,0,1,0,1,0,1,0,1,0,0,0,1,0,1,0,0,0,1,0,0,0,1,1,1,0,1,0,0,0,1,1,1,1,1,3,DO32887,0,0,0.807017543859649,0.9375,deceased,progression,0.807017543859649,0.0470972254604803,359.0,True,False,False,False,False,False,True,False,False,False,NA,NA,NA,NA,NA,0.011746415615823113,0.09267241379310345,0.030855539971949508,0.0063371356147021544,0.3535202484438936,0.1759726005637594,0,0,0,0,1,0,0,0,0,0,0.0,0.0,0,0,1,True,True
0,0,0,0,0,0,0,0,0,0,0,0,0,0,0,0,0,0,0,0,0,0,0,0,0,0,0,0,0,0,0,0,0,0,0,0,0,0,0,0,1,0,0,0,0,0,0,0,0,0,0,0,0,0,0,0,0,0,0,0,0,0,0,0,0,0,0,0,0,0,0,0,0,0,0,0,0,0,0,0,1,0,1,DO32884,0,0,0.3859649122807016,0.5833333333333333,deceased,progression,0.3859649122807016,0.1049195616693868,507.0,True,False,False,False,False,False,True,False,False,False,NA,NA,NA,NA,NA,0.002936603903955778,0.19612068965517243,0.030855539971949508,0.05196451204055766,0.1742204390040881,0.5468949761342701,0,0,0,1,1,1,0,1,0,1,0.0,NA,0,1,0,True,False
0,0,0,0,0,0,0,0,0,0,0,0,0,0,0,0,0,0,0,0,0,0,0,0,0,0,0,0,0,0,0,0,0,0,0,0,0,0,0,0,1,0,0,0,0,0,0,0,0,0,0,0,0,0,0,0,0,0,0,0,0,0,0,0,0,0,0,0,0,0,0,0,0,0,0,0,0,0,1,0,1,0,1,DO32881,0,0,0.5438596491228069,0.5833333333333333,deceased,progression,0.5438596491228069,0.04406621590114246,409.0,False,True,False,False,False,False,True,False,False,False,NA,NA,NA,NA,NA,0.004923130074278805,0.19612068965517243,0.030855539971949508,0.05196451204055766,0.22831420727879395,0.5468949761342701,0,0,0,1,1,1,0,1,0,1,0.0,NA,0,1,0,True,False
1,1,0,0,0,0,0,0,1,1,1,1,1,1,1,1,1,1,1,1,1,1,1,1,1,1,0,1,0,0,1,1,1,1,0,0,1,1,0,1,1,1,0,0,0,0,1,0,1,1,1,1,1,1,1,1,0,1,0,1,1,1,0,1,1,1,0,0,0,0,0,0,0,0,0,0,1,1,1,1,1,1,3,DO32893,0,0,0.49122807017543857,0.5625,deceased,progression,0.49122807017543857,0.10212170669153649,1077.0,True,False,False,False,False,False,True,False,False,False,NA,NA,NA,NA,NA,0.01615132147175678,0.19935344827586204,0.002805049088359046,0.04055766793409378,0.3490525958759829,0.0,0,0,0,0,0,0,0,0,0,0,0.0,0.0,0,0,1,True,True
0,0,0,0,0,0,0,0,0,0,0,0,0,0,0,0,0,0,0,0,0,0,0,0,0,0,0,0,0,0,0,0,0,0,0,0,0,0,0,0,1,0,0,0,0,0,0,0,0,0,0,0,0,0,0,0,0,0,0,0,0,0,0,0,0,0,0,0,0,0,0,0,0,0,0,0,0,0,1,0,1,0,1,DO32890,0,0,0.807017543859649,0.5833333333333333,deceased,NA,0.807017543859649,0.07029610631848915,199.0,True,False,False,False,False,False,False,False,False,True,NA,NA,NA,NA,NA,0.0074278804629469685,0.19612068965517243,0.030855539971949508,0.05196451204055766,0.28021384077990885,0.5468949761342701,0,1,0,1,1,1,0,1,0,1,NA,NA,0,1,0,True,False
0,0,0,0,0,0,0,0,0,0,0,0,0,0,0,0,0,0,0,0,0,0,0,0,0,0,0,0,0,0,0,0,0,0,0,0,0,0,0,0,1,0,0,0,0,0,0,0,0,0,0,0,0,0,0,0,0,0,0,0,0,0,0,0,0,0,0,0,0,0,0,0,0,0,0,0,0,0,1,0,1,0,1,DO32869,0,0,0.2807017543859649,0.5833333333333333,deceased,progression,0.2807017543859649,0.07029610631848915,942.0,False,True,False,False,False,False,True,False,False,False,NA,NA,NA,NA,NA,0.00535498358956642,0.19612068965517243,0.030855539971949508,0.05196451204055766,0.21171873039323294,0.5468949761342701,0,1,0,1,1,1,0,1,0,1,0.0,NA,0,1,0,True,False
0,0,0,0,0,0,0,0,0,0,0,0,0,0,0,0,0,0,0,0,0,0,0,0,0,0,0,0,0,0,0,0,0,0,0,0,0,0,0,0,1,0,0,0,0,0,0,0,0,0,0,0,0,0,0,0,0,0,0,0,0,0,0,0,0,0,0,0,0,0,0,0,0,0,0,0,0,0,0,0,1,0,1,DO32866,0,0,0.9473684210526314,0.5833333333333333,deceased,NA,0.9473684210526314,0.07029610631848915,36.0,True,False,False,False,False,False,False,False,False,True,NA,NA,NA,NA,NA,0.0005182242183451373,0.19612068965517243,0.030855539971949508,0.05196451204055766,0.3815679011537312,0.5468949761342701,0,1,0,1,1,1,0,1,0,1,NA,NA,0,1,0,True,False
1,0,0,0,0,0,0,0,1,0,1,0,1,0,1,0,1,0,1,0,1,0,1,0,1,0,1,0,0,0,1,0,1,0,0,0,0,0,0,0,1,0,0,0,0,0,1,0,1,0,1,0,1,0,1,0,1,0,1,0,1,0,0,0,1,0,0,0,0,0,0,0,1,0,0,0,1,0,1,0,1,0,1,DO32860,0,0,0.42105263157894735,0.5833333333333333,deceased,progression,0.42105263157894735,0.09815807880624854,1259.0,False,True,False,False,False,False,True,False,False,False,NA,NA,NA,NA,NA,0.02375194334081879,0.19612068965517243,0.030855539971949508,0.05196451204055766,0.4217296825587936,0.5468949761342701,0,0,0,1,1,1,0,1,0,1,0.0,NA,0,1,0,True,False
1,0,0,0,0,0,0,0,1,0,1,0,1,0,1,0,1,0,1,0,1,0,1,0,1,0,1,0,0,0,1,0,1,0,0,0,0,0,0,0,1,0,0,0,1,0,1,0,1,0,1,0,1,0,1,0,0,0,1,0,1,0,0,0,1,0,0,0,0,0,0,0,1,0,0,0,1,0,1,0,1,0,1,DO32863,0,0,0.4736842105263157,0.5833333333333333,deceased,progression,0.4736842105263157,0.08859874096525996,715.0,False,True,False,False,False,False,True,False,False,False,NA,NA,NA,NA,NA,0.032216272240456034,0.19612068965517243,0.030855539971949508,0.05196451204055766,0.4614757539682781,0.5468949761342701,0,0,0,1,1,1,0,1,0,1,0.0,NA,0,1,0,True,False
1,0,0,0,1,0,0,0,1,0,1,0,0,0,1,0,1,0,1,0,1,0,1,0,1,0,1,0,0,0,0,0,1,0,0,0,0,0,0,0,1,0,0,0,0,0,1,0,1,0,1,0,1,0,1,0,0,0,1,0,1,0,0,0,1,0,0,0,0,0,0,0,1,0,1,0,1,0,0,0,1,0,1,DO32875,0,0,0.631578947368421,0.5833333333333333,deceased,progression,0.631578947368421,0.03240848682676614,348.0,False,True,False,False,False,False,True,False,False,False,NA,NA,NA,NA,NA,0.020469856624632923,0.19612068965517243,0.0182328190743338,0.05196451204055766,0.4691584174708373,0.5468949761342701,0,0,0,1,0,1,0,1,0,1,0.0,NA,0,1,0,True,False
1,0,0,0,0,0,0,0,0,0,1,0,1,0,1,0,1,0,1,0,1,0,1,0,1,0,1,0,1,0,0,0,1,0,1,0,0,0,0,0,1,0,0,0,1,0,1,0,1,0,1,0,1,0,1,0,0,0,1,0,0,0,0,0,1,0,0,0,0,0,0,0,1,0,0,0,1,0,0,0,1,0,1,DO32878,0,0,0.631578947368421,0.5833333333333333,deceased,progression,0.631578947368421,0.05199347167171835,260.0,True,False,False,False,False,False,True,False,False,False,NA,NA,NA,NA,NA,0.023579201934703746,0.19612068965517243,0.015427769985974754,0.05196451204055766,0.7168983554565187,0.5468949761342701,0,0,0,1,0,1,0,1,0,1,0.0,NA,0,1,0,True,False
0,0,0,0,0,0,0,0,0,0,0,0,0,0,0,0,0,0,0,0,0,0,0,0,0,0,0,0,0,0,0,0,0,0,0,0,0,0,0,0,1,0,0,0,0,0,0,0,0,0,0,0,0,0,0,0,0,0,0,0,0,0,0,0,0,0,0,0,0,0,0,0,0,0,0,0,0,0,0,0,1,0,1,DO32872,0,0,0.631578947368421,0.5833333333333333,alive,stable,0.631578947368421,0.07029610631848915,1639.0,False,True,False,False,False,False,False,False,True,False,NA,NA,NA,NA,NA,0.002072896873380549,0.19612068965517243,0.030855539971949508,0.05196451204055766,0.19278782180624046,0.5468949761342701,0,1,0,1,1,1,0,1,0,1,1.0,NA,0,1,0,True,False
0,0,0,0,0,0,0,0,0,0,0,0,0,0,0,0,0,0,0,0,0,0,0,0,0,0,0,0,0,0,0,0,0,0,0,0,0,0,0,0,1,0,0,0,0,0,0,0,0,0,0,0,0,0,0,0,0,0,0,0,0,0,0,0,0,0,0,0,0,0,0,0,0,0,0,0,0,0,0,0,1,0,1,DO32849,0,0,0.5614035087719298,0.5833333333333333,deceased,progression,0.5614035087719298,0.06831429237584519,315.0,False,True,False,False,False,False,True,False,False,False,NA,NA,NA,NA,NA,0.004577647262048713,0.19612068965517243,0.030855539971949508,0.05196451204055766,0.2605708012680453,0.5468949761342701,0,0,0,1,1,1,0,1,0,1,0.0,NA,0,1,0,True,False
0,0,0,0,0,0,0,0,0,0,0,0,0,0,0,0,0,0,0,0,0,0,0,0,0,0,0,0,0,0,0,0,0,0,0,0,0,0,0,0,1,0,0,0,0,0,0,0,0,0,0,0,0,0,0,0,0,0,0,0,0,0,0,0,0,0,0,0,0,0,0,0,0,0,0,0,0,0,1,0,1,0,1,DO32843,0,0,0.4736842105263157,0.5833333333333333,deceased,progression,0.4736842105263157,0.08440195849848449,1048.0,True,False,False,False,False,False,True,False,False,False,NA,NA,NA,NA,NA,0.008809811711867335,0.19612068965517243,0.030855539971949508,0.05196451204055766,0.5243294710281454,0.5468949761342701,0,0,0,1,1,1,0,1,0,1,0.0,NA,0,1,0,True,False
0,0,0,0,0,0,0,0,0,0,0,0,0,0,0,0,0,0,0,0,0,0,0,0,1,0,0,0,0,0,0,0,0,0,0,0,0,0,0,0,1,0,0,0,0,0,0,0,0,0,0,0,0,0,0,0,0,0,0,0,0,0,0,0,0,0,0,0,0,0,0,0,0,0,0,0,0,0,1,0,1,0,1,DO32845,0,0,0.8421052631578947,0.5833333333333333,deceased,NA,0.8421052631578947,0.07029610631848915,135.0,False,True,False,False,False,False,False,False,False,True,NA,NA,NA,NA,NA,0.011228191397477976,0.19612068965517243,0.030855539971949508,0.05196451204055766,0.3171090115848544,0.5468949761342701,0,1,0,1,1,1,0,1,0,1,NA,NA,0,1,0,True,False
0,0,0,0,0,0,0,0,0,0,0,0,0,0,0,0,0,0,0,0,0,0,0,0,0,0,0,0,0,0,0,0,0,0,0,0,0,0,0,0,1,0,0,0,0,0,0,0,0,0,0,0,0,0,0,0,0,0,0,0,0,0,0,0,0,0,0,0,0,0,0,0,0,0,0,0,0,0,0,0,1,0,1,DO32841,0,0,0.5087719298245612,0.5833333333333333,alive,stable,0.5087719298245612,0.07029610631848915,1680.0,False,True,False,False,False,False,False,False,True,False,NA,NA,NA,NA,NA,0.0035411988253584385,0.19612068965517243,0.030855539971949508,0.05196451204055766,0.24521951838449244,0.5468949761342701,0,1,0,1,1,1,0,1,0,1,1.0,NA,0,1,0,True,False
0,0,0,0,0,0,0,0,0,0,0,0,0,0,0,0,0,0,0,0,0,0,0,0,0,0,0,0,0,0,0,0,0,0,0,0,0,0,0,0,1,0,0,0,0,0,0,0,0,0,0,0,0,0,0,0,0,0,0,0,0,0,0,0,0,0,0,0,0,0,0,0,0,0,0,0,0,0,1,0,1,0,1,DO32857,0,0,0.807017543859649,0.5833333333333333,deceased,progression,0.807017543859649,0.08789927722079738,858.0,True,False,False,False,False,False,True,False,False,False,NA,NA,NA,NA,NA,0.005614095698738988,0.19612068965517243,0.030855539971949508,0.05196451204055766,0.1892949289453398,0.5468949761342701,0,0,0,1,1,1,0,1,0,1,0.0,NA,0,1,0,True,False
0,0,0,0,0,0,0,0,0,0,0,0,0,0,0,0,0,0,0,0,0,0,0,0,0,0,0,0,0,0,0,0,0,0,0,0,0,0,0,0,1,0,0,0,0,0,0,0,0,0,0,0,0,0,0,0,0,0,0,0,0,0,0,0,0,0,0,0,0,0,0,0,0,0,0,0,0,0,0,0,1,0,1,DO32853,0,0,0.6842105263157894,0.5833333333333333,deceased,NA,0.6842105263157894,0.07029610631848915,111.0,True,False,False,False,False,False,False,False,False,True,NA,NA,NA,NA,NA,0.00535498358956642,0.19612068965517243,0.030855539971949508,0.05196451204055766,0.1179977868474146,0.5468949761342701,0,1,0,1,1,1,0,1,0,1,NA,NA,0,1,0,True,False
0,0,0,0,1,0,0,0,0,0,0,0,0,0,0,0,0,0,0,0,0,0,0,0,0,0,0,0,0,0,0,0,0,0,0,0,0,0,0,0,1,0,0,0,0,0,0,0,0,0,0,0,0,0,0,0,0,0,0,0,1,0,0,0,0,0,0,0,0,0,0,0,0,0,0,0,0,0,1,0,1,0,1,DO32855,0,0,0.5438596491228069,0.5833333333333333,deceased,progression,0.5438596491228069,0.07344369316857076,345.0,False,True,False,False,False,False,True,False,False,False,NA,NA,NA,NA,NA,0.015460355847296598,0.19612068965517243,0.030855539971949508,0.05196451204055766,0.2866580775564136,0.5468949761342701,0,0,0,1,1,1,0,1,0,1,0.0,NA,0,1,0,True,False
0,0,0,0,0,0,0,0,0,0,1,0,1,0,1,0,1,0,1,0,0,0,1,0,1,0,1,0,1,0,0,0,1,0,0,0,0,0,1,0,1,0,0,0,0,0,0,0,1,0,1,0,0,0,1,0,0,0,1,0,1,0,0,0,1,0,0,0,0,0,0,0,1,0,0,0,1,0,1,0,1,0,1,DO32829,0,0,0.7894736842105261,0.5833333333333333,deceased,progression,0.7894736842105261,0.07029610631848915,1874.0,True,False,False,False,False,False,True,False,False,False,NA,NA,NA,NA,NA,0.009414406633269996,0.19612068965517243,0.015427769985974754,0.05196451204055766,0.4482948304797786,0.5468949761342701,0,1,0,1,0,1,0,1,0,1,0.0,NA,0,1,0,True,False
1,0,0,0,1,0,1,0,1,0,1,0,1,0,1,0,1,0,1,0,1,0,1,0,1,0,1,0,1,0,0,0,1,0,0,0,0,0,0,0,1,0,0,0,0,0,1,0,1,0,1,0,1,0,1,0,0,0,1,0,1,0,0,0,1,0,1,0,1,0,0,0,1,0,0,0,0,0,1,0,1,0,1,DO32825,0,0,0.7719298245614035,0.5833333333333333,deceased,progression,0.7719298245614035,0.45558405222662623,2848.0,True,False,False,False,False,False,True,False,False,False,NA,NA,NA,NA,NA,0.017015028502332007,0.19612068965517243,0.0182328190743338,0.05196451204055766,0.3758118002860239,0.5468949761342701,0,0,0,1,0,1,0,1,0,1,0.0,NA,0,1,0,True,False
0,0,0,0,0,0,0,0,0,0,0,0,0,0,0,0,0,0,0,0,0,0,0,0,0,0,0,0,0,0,0,0,0,0,0,0,0,0,0,0,1,0,0,0,0,0,0,0,0,0,0,0,0,0,0,0,0,0,0,0,0,0,0,0,0,0,0,0,0,0,0,0,0,0,0,0,0,0,0,0,1,0,1,DO32827,0,0,0.4385964912280702,0.5833333333333333,alive,stable,0.4385964912280702,0.07029610631848915,1778.0,True,False,False,False,False,False,False,False,True,False,NA,NA,NA,NA,NA,0.0018137847642079807,0.19612068965517243,0.030855539971949508,0.05196451204055766,0.17745557453710478,0.5468949761342701,0,1,0,1,1,1,0,1,0,1,1.0,NA,0,1,0,True,False
0,0,0,0,0,0,0,0,0,0,0,0,0,0,0,0,0,0,0,0,0,0,0,0,0,0,0,0,0,0,0,0,0,0,0,0,0,0,0,0,1,0,0,0,0,0,0,0,0,0,0,0,0,0,0,0,0,0,0,0,0,0,0,0,0,0,0,0,0,0,0,0,0,0,0,0,0,0,0,0,1,0,1,DO32839,0,0,0.3859649122807016,0.5833333333333333,deceased,stable,0.3859649122807016,0.07029610631848915,487.0,False,True,False,False,False,False,False,False,True,False,NA,NA,NA,NA,NA,0.0025047503886681637,0.19612068965517243,0.030855539971949508,0.05196451204055766,0.4244674298080917,0.5468949761342701,0,1,0,1,1,1,0,1,0,1,1.0,NA,0,1,0,True,False
1,0,0,0,0,0,0,0,0,0,1,0,1,0,1,0,1,0,1,0,1,0,1,0,1,0,1,0,1,0,0,0,1,0,0,0,0,0,0,0,1,0,0,0,0,0,0,0,1,0,1,0,1,0,1,0,0,0,0,0,1,0,0,0,1,0,0,0,0,0,0,0,1,0,0,0,1,0,1,0,1,0,1,DO32837,0,0,0.01754385964912275,0.5833333333333333,deceased,progression,0.01754385964912275,0.026812776871065515,399.0,False,True,False,False,False,False,True,False,False,False,NA,NA,NA,NA,NA,0.01710139920538953,0.19612068965517243,0.005610098176718092,0.05196451204055766,0.5855070728032887,0.5468949761342701,0,0,0,1,0,1,0,1,0,1,0.0,NA,0,1,0,True,False
1,0,1,0,0,0,0,0,1,0,1,0,1,0,1,0,1,0,1,0,1,0,1,0,1,0,1,0,1,0,1,0,1,0,0,0,0,0,1,0,1,0,0,0,1,0,1,0,1,0,1,0,1,0,1,0,0,0,1,0,1,0,0,0,1,0,0,0,1,0,1,0,1,0,0,0,1,0,0,0,1,0,1,DO32831,0,0,0.2807017543859649,0.5833333333333333,alive,stable,0.2807017543859649,0.1210072277920261,1715.0,True,False,False,False,False,False,False,False,True,False,NA,NA,NA,NA,NA,0.07661081361202281,0.19612068965517243,0.047685834502103785,0.05196451204055766,0.36750830980920113,0.5468949761342701,0,0,0,1,0,1,0,1,0,1,1.0,NA,0,1,0,True,False
1,0,0,0,0,0,0,0,1,0,1,0,1,0,1,0,0,0,1,0,1,0,1,0,1,0,1,0,0,0,1,0,1,0,0,0,0,0,0,0,1,0,0,0,0,0,1,0,1,0,1,0,1,0,1,0,0,0,1,0,0,0,0,0,1,0,0,0,0,0,0,0,1,0,0,0,0,0,0,0,1,0,1,DO32833,0,0,0.7192982456140351,0.5833333333333333,deceased,NA,0.7192982456140351,0.07029610631848915,56.0,True,False,False,False,False,False,False,False,False,True,NA,NA,NA,NA,NA,0.01951977889100017,0.19612068965517243,0.0070126227208976155,0.05196451204055766,0.4304712050920857,0.5468949761342701,0,1,0,1,0,1,0,1,0,1,NA,NA,0,1,0,True,False
0,0,0,0,0,0,0,0,0,0,0,0,0,0,0,0,0,0,0,0,0,0,0,0,0,0,0,0,0,0,0,0,0,0,0,0,0,0,1,0,1,0,0,0,0,0,0,0,0,0,0,0,0,0,0,0,0,0,0,0,0,0,0,0,0,0,0,0,0,0,0,0,0,0,0,0,0,0,1,0,1,0,1,DO33616,0,0,0.7894736842105261,0.5833333333333333,deceased,NA,0.7894736842105261,0.07029610631848915,132.0,True,False,False,False,False,False,False,False,False,True,NA,NA,NA,NA,NA,0.005786837104854034,0.19612068965517243,0.030855539971949508,0.05196451204055766,0.28788299866287237,0.5468949761342701,0,1,0,1,1,1,0,1,0,1,NA,NA,0,1,0,True,False
0,1,0,0,0,0,0,0,0,1,0,1,0,1,0,1,0,1,0,1,0,1,0,1,0,1,0,1,0,0,0,0,0,1,0,0,0,0,0,1,0,1,0,0,0,0,0,1,0,1,0,1,0,1,0,1,0,0,0,1,0,1,0,0,0,1,0,0,0,0,0,0,0,0,0,0,0,0,0,0,1,0,2,DO34945,0,0,0.6140350877192982,0.7083333333333333,deceased,progression,0.6140350877192982,0.0391699696899044,189.0,False,True,False,False,False,False,True,False,False,False,NA,NA,NA,NA,NA,0.012437381240283296,0.022629310344827583,0.030855539971949508,0.0,0.3908980128066053,0.005364014255154315,0,0,1,0,1,0,1,0,0,0,0.0,0.0,1,0,1,False,True
0,0,0,0,0,0,0,0,0,0,0,0,0,0,0,0,0,0,0,0,0,0,0,0,0,0,0,0,0,0,0,0,0,0,0,0,0,0,1,0,1,0,0,0,0,0,0,0,0,0,0,0,0,0,0,0,0,0,0,0,0,0,0,0,0,0,0,0,0,0,0,0,0,0,0,0,0,0,0,0,1,0,1,DO33624,0,0,0.4736842105263157,0.5833333333333333,deceased,NA,0.4736842105263157,0.07029610631848915,82.0,True,False,False,False,False,False,False,False,False,True,NA,NA,NA,NA,NA,0.010709967179132838,0.19612068965517243,0.030855539971949508,0.05196451204055766,0.2968853170625242,0.5468949761342701,0,1,0,1,1,1,0,1,0,1,NA,NA,0,1,0,True,False
0,0,0,0,0,0,0,0,0,0,0,0,0,0,0,0,0,0,0,0,0,0,1,0,0,0,0,0,0,0,0,0,0,0,0,0,0,0,0,0,1,0,0,0,0,0,0,0,0,0,0,0,0,0,0,0,0,0,0,0,0,0,0,0,0,0,0,0,0,0,0,0,0,0,0,0,0,0,0,0,1,0,1,DO34953,0,0,0.21052631578947367,0.5833333333333333,deceased,progression,0.21052631578947367,0.07029610631848915,420.0,False,True,False,False,False,False,True,False,False,False,NA,NA,NA,NA,NA,0.0052686128865088964,0.19612068965517243,0.030855539971949508,0.05196451204055766,0.3400497059218006,0.5468949761342701,0,1,0,1,1,1,0,1,0,1,0.0,NA,0,1,0,True,False
0,0,0,0,0,0,0,0,0,0,0,0,0,0,0,0,0,0,0,0,0,0,0,0,0,0,0,0,0,0,0,0,0,0,0,0,0,0,0,0,1,0,0,0,0,0,0,0,0,0,0,0,0,0,0,0,0,0,0,0,0,0,0,0,0,0,0,0,0,0,0,0,0,0,0,0,0,0,1,0,1,0,1,DO34929,0,0,0.6842105263157894,0.5833333333333333,deceased,NA,0.6842105263157894,0.07029610631848915,447.0,True,False,False,False,False,False,False,False,False,True,NA,NA,NA,NA,NA,0.007341509759889446,0.19612068965517243,0.030855539971949508,0.05196451204055766,0.20859203680729874,0.5468949761342701,0,1,0,1,1,1,0,1,0,1,NA,NA,0,1,0,True,False
1,0,0,0,0,0,0,0,1,0,1,0,1,0,1,0,1,0,1,0,1,0,1,0,1,0,1,0,1,0,0,0,1,0,0,0,0,0,0,0,1,0,0,0,0,0,1,0,1,0,1,0,1,0,1,0,0,0,1,0,0,0,1,0,1,0,0,0,0,0,0,0,1,0,0,0,1,0,1,0,1,0,1,DO34921,0,0,0.5789473684210527,0.5833333333333333,deceased,progression,0.5789473684210527,0.029144322685940777,272.0,True,False,False,False,False,False,True,False,False,False,NA,NA,NA,NA,NA,0.006650544135429263,0.19612068965517243,0.004207573632538569,0.05196451204055766,0.2885663193137127,0.5468949761342701,0,0,0,1,0,1,0,1,0,1,0.0,NA,0,1,0,True,False
0,0,0,0,0,0,0,0,0,0,0,0,0,0,0,0,0,0,0,0,0,0,0,0,0,0,0,0,0,0,0,0,0,0,0,0,0,0,0,0,1,0,0,0,0,0,0,0,0,0,0,0,0,0,0,0,0,0,0,0,0,0,0,0,0,0,0,0,0,0,0,0,0,0,0,0,0,0,1,0,1,0,1,DO33608,0,0,0.6140350877192982,0.5833333333333333,alive,progression,0.6140350877192982,0.07029610631848915,761.0,True,False,False,False,False,False,True,False,False,False,NA,NA,NA,NA,NA,0.001554672655035412,0.19612068965517243,0.030855539971949508,0.05196451204055766,0.15085654195818268,0.5468949761342701,0,1,0,1,1,1,0,1,0,1,0.0,NA,0,1,0,True,False
1,0,0,0,0,0,0,0,1,0,1,0,1,0,1,0,1,0,1,0,1,0,1,0,1,0,1,0,0,0,0,0,1,0,0,0,0,0,0,0,1,0,0,0,0,0,0,0,1,0,1,0,1,0,1,0,0,0,0,0,1,0,0,0,1,0,0,0,0,0,0,0,1,0,0,0,1,0,0,0,1,0,1,DO33600,0,0,0.7719298245614035,0.5833333333333333,alive,progression,0.7719298245614035,0.07029610631848915,854.0,True,False,False,False,False,False,True,False,False,False,NA,NA,NA,NA,NA,0.026170323026429434,0.19612068965517243,0.02244039270687237,0.05196451204055766,0.36300120495027477,0.5468949761342701,0,1,0,1,0,1,0,1,0,1,0.0,NA,0,1,0,True,False
1,0,1,0,1,0,0,0,1,0,1,0,1,0,1,0,1,0,1,0,1,0,1,0,1,0,1,0,1,0,1,0,1,0,1,0,0,0,1,0,1,0,0,0,1,0,1,0,1,0,1,0,1,0,1,0,0,0,1,0,1,0,0,0,1,0,0,0,1,0,1,0,1,0,1,0,1,0,0,0,1,0,1,DO34905,0,0,0.5438596491228069,0.5833333333333333,alive,stable,0.5438596491228069,0.07029610631848915,1142.0,False,True,False,False,False,False,False,False,True,False,NA,NA,NA,NA,NA,0.06719640697875282,0.19612068965517243,0.0729312762973352,0.05196451204055766,0.48598779911069256,0.5468949761342701,0,1,0,1,0,1,0,1,0,1,1.0,NA,0,1,0,True,False
0,0,0,0,0,0,0,0,0,0,0,0,0,0,0,0,0,0,0,0,0,0,0,0,1,0,0,0,0,0,0,0,0,0,0,0,0,0,0,0,1,0,0,0,0,0,0,0,0,0,0,0,0,0,1,0,0,0,0,0,0,0,0,0,0,0,0,0,0,0,0,0,0,0,0,0,0,0,0,0,1,0,1,DO34913,0,0,0.6491228070175437,0.5833333333333333,alive,progression,0.6491228070175437,0.07029610631848915,794.0,False,True,False,False,False,False,True,False,False,False,NA,NA,NA,NA,NA,0.008723441008809812,0.19612068965517243,0.030855539971949508,0.05196451204055766,0.2485563722275976,0.5468949761342701,0,1,0,1,1,1,0,1,0,1,0.0,NA,0,1,0,True,False
0,0,0,0,0,0,0,0,0,0,0,0,0,0,0,0,0,0,0,0,0,0,0,0,0,0,0,0,0,0,0,0,0,0,0,0,0,0,0,0,1,0,0,0,0,0,0,0,0,0,0,0,0,0,0,0,0,0,0,0,0,0,0,0,0,0,0,0,0,0,0,0,0,0,0,0,0,0,1,0,1,0,1,DO33696,0,0,0.7017543859649122,0.5833333333333333,deceased,progression,0.7017543859649122,0.07029610631848915,937.0,True,False,False,False,False,False,True,False,False,False,NA,NA,NA,NA,NA,0.0018137847642079807,0.19612068965517243,0.030855539971949508,0.05196451204055766,0.2062359835829786,0.5468949761342701,0,1,0,1,1,1,0,1,0,1,0.0,NA,0,1,0,True,False
0,0,0,0,0,0,0,0,0,0,0,0,0,0,0,0,0,0,0,0,0,0,0,0,0,0,0,0,0,0,0,0,0,0,0,0,0,0,0,0,1,0,0,0,0,0,0,0,0,0,0,0,0,0,0,0,0,0,0,0,0,0,0,0,0,0,0,0,0,0,0,0,0,0,0,0,0,0,0,0,1,0,1,DO33672,0,0,0.7368421052631577,0.5833333333333333,deceased,progression,0.7368421052631577,0.07029610631848915,2423.0,True,False,False,False,False,False,True,False,False,False,NA,NA,NA,NA,NA,0.0011228191397477975,0.19612068965517243,0.030855539971949508,0.05196451204055766,0.17165194200071313,0.5468949761342701,0,1,0,1,1,1,0,1,0,1,0.0,NA,0,1,0,True,False
0,0,0,0,0,0,1,0,0,0,1,0,1,0,1,0,1,0,1,0,1,0,1,0,1,0,0,0,0,0,1,0,1,0,0,0,0,0,0,0,1,0,0,0,0,0,0,0,0,0,1,0,1,0,0,0,0,0,0,0,1,0,0,0,1,0,0,0,0,0,0,0,1,0,0,0,1,0,1,0,1,0,1,DO33688,0,0,0.6140350877192982,0.5833333333333333,deceased,progression,0.6140350877192982,0.07029610631848915,394.0,True,False,False,False,False,False,True,False,False,False,NA,NA,NA,NA,NA,0.008723441008809812,0.19612068965517243,0.021037868162692847,0.05196451204055766,0.5595468588186546,0.5468949761342701,0,1,0,1,0,1,0,1,0,1,0.0,NA,0,1,0,True,False
0,0,0,0,0,0,0,0,0,0,0,0,0,0,0,0,0,0,0,0,0,0,0,0,0,0,0,0,0,0,0,0,0,0,0,0,0,0,0,0,0,0,0,0,0,0,0,0,0,0,0,0,0,0,0,0,0,0,0,0,0,0,0,0,0,0,0,0,0,0,0,0,0,0,0,0,0,0,0,0,1,0,1,DO33680,0,0,0.8245614035087718,0.5833333333333333,alive,stable,0.8245614035087718,0.07029610631848915,1477.0,False,True,False,False,False,False,False,False,True,False,NA,NA,NA,NA,NA,0.004491276558991191,0.19612068965517243,0.030855539971949508,0.05196451204055766,0.18538682848869634,0.5468949761342701,0,1,0,1,1,1,0,1,0,1,1.0,NA,0,1,0,True,False
0,0,0,0,0,0,0,0,0,0,0,0,0,0,0,0,1,0,0,0,0,0,0,0,0,0,0,0,0,0,0,0,0,0,0,0,0,0,0,0,1,0,0,0,0,0,0,0,0,0,0,0,0,0,0,0,0,0,0,0,0,0,0,0,0,0,0,0,0,0,0,0,0,0,0,0,0,0,1,0,1,0,1,DO34985,0,0,0.49122807017543857,0.5833333333333333,deceased,progression,0.49122807017543857,0.07029610631848915,994.0,True,False,False,False,False,False,True,False,False,False,NA,NA,NA,NA,NA,0.003973052340646053,0.19612068965517243,0.030855539971949508,0.05196451204055766,0.1324907666291731,0.5468949761342701,0,1,0,1,1,1,0,1,0,1,0.0,NA,0,1,0,True,False
0,0,0,0,0,0,1,0,0,0,1,0,1,0,1,0,1,0,1,0,1,0,0,0,1,0,1,0,0,0,0,0,0,0,1,0,0,0,0,0,1,0,0,0,1,0,0,0,1,0,1,0,1,0,1,0,0,0,1,0,1,0,0,0,1,0,0,0,0,0,0,0,0,0,0,0,1,0,0,0,1,0,1,DO33664,0,0,0.6491228070175437,0.5833333333333333,deceased,progression,0.6491228070175437,0.07029610631848915,1352.0,True,False,False,False,False,False,True,False,False,False,NA,NA,NA,NA,NA,0.007946104681292107,0.19612068965517243,0.005610098176718092,0.05196451204055766,0.37187035539406943,0.5468949761342701,0,1,0,1,0,1,0,1,0,1,0.0,NA,0,1,0,True,False
0,0,0,0,0,0,0,0,0,0,0,0,0,0,0,0,0,0,0,0,0,0,0,0,0,0,0,0,0,0,0,0,0,0,0,0,0,0,0,0,1,0,0,0,0,0,0,0,0,0,0,0,0,0,0,0,0,0,0,0,0,0,0,0,0,0,0,0,0,0,0,0,0,0,0,0,0,0,0,0,1,0,1,DO34969,0,0,0.7368421052631577,0.5833333333333333,deceased,progression,0.7368421052631577,0.08113779435765912,579.0,False,True,False,False,False,False,True,False,False,False,NA,NA,NA,NA,NA,0.006045949214026602,0.19612068965517243,0.030855539971949508,0.05196451204055766,0.23517549999681572,0.5468949761342701,0,0,0,1,1,1,0,1,0,1,0.0,NA,0,1,0,True,False
1,0,0,0,1,0,1,0,1,0,1,0,1,0,1,0,1,0,1,0,1,0,1,0,1,0,1,0,0,0,0,0,1,0,0,0,0,0,0,0,0,0,0,0,1,0,1,0,1,0,1,0,1,0,1,0,0,0,1,0,0,0,0,0,1,0,0,0,0,0,0,0,1,0,0,0,1,0,0,0,1,0,1,DO34961,0,0,0.6666666666666665,0.5833333333333333,deceased,progression,0.6666666666666665,0.07029610631848915,639.0,False,True,False,False,False,False,True,False,False,False,NA,NA,NA,NA,NA,0.02988426325790292,0.19612068965517243,0.008415147265077139,0.05196451204055766,0.8432178016506878,0.5468949761342701,0,1,0,1,0,1,0,1,0,1,0.0,NA,0,1,0,True,False
0,0,1,0,0,0,0,0,0,0,0,0,0,0,0,0,0,0,0,0,0,0,0,0,0,0,0,0,0,0,0,0,1,0,0,0,0,0,0,0,1,0,0,0,0,0,0,0,0,0,0,0,0,0,0,0,0,0,0,0,0,0,0,0,0,0,0,0,0,0,1,0,0,0,0,0,0,0,1,0,1,0,1,DO34977,0,0,0.7894736842105261,0.5833333333333333,deceased,progression,0.7894736842105261,0.056190254138493816,307.0,True,False,False,False,False,False,True,False,False,False,NA,NA,NA,NA,NA,0.011487303506650543,0.19612068965517243,0.030855539971949508,0.05196451204055766,0.2630468483165891,0.5468949761342701,0,0,0,1,1,1,0,1,0,1,0.0,NA,0,1,0,True,False
0,0,0,0,0,0,0,0,0,0,0,0,0,0,0,0,0,0,0,0,0,0,0,0,0,0,0,0,0,0,0,0,0,0,0,0,0,0,0,0,0,0,0,0,0,0,0,0,0,0,0,0,0,0,0,0,0,0,0,0,0,0,0,0,0,0,1,0,0,0,0,0,0,0,0,0,0,0,0,0,1,0,1,DO33648,0,0,0.6842105263157894,0.5833333333333333,deceased,progression,0.6842105263157894,0.09722546048029844,517.0,True,False,False,False,False,False,True,False,False,False,NA,NA,NA,NA,NA,0.0,0.19612068965517243,0.030855539971949508,0.05196451204055766,0.3972552915494689,0.5468949761342701,0,0,0,1,1,1,0,1,0,1,0.0,NA,0,1,0,True,False
0,0,0,0,0,0,0,0,0,0,0,0,0,0,0,0,0,0,0,0,0,0,0,0,0,0,0,0,0,0,0,0,0,0,0,0,0,0,0,0,0,0,0,0,0,0,0,0,0,0,0,0,0,0,0,0,0,0,0,0,0,0,0,0,0,0,0,0,0,0,0,0,0,0,0,0,0,0,1,0,1,0,1,DO33640,0,0,0.6140350877192982,0.5833333333333333,deceased,progression,0.6140350877192982,0.028678013522965725,523.0,True,False,False,False,False,False,True,False,False,False,NA,NA,NA,NA,NA,0.007600621869062014,0.19612068965517243,0.030855539971949508,0.05196451204055766,0.1533243281232429,0.5468949761342701,0,0,0,1,1,1,0,1,0,1,0.0,NA,0,1,0,True,False
0,0,0,0,0,0,0,0,0,0,0,0,0,0,0,0,0,0,0,0,0,0,0,0,0,0,0,0,0,0,0,0,0,0,0,0,0,0,0,0,1,0,0,0,0,0,0,0,0,0,0,0,0,0,0,0,0,0,0,0,0,0,0,0,0,0,0,0,0,0,0,0,0,0,0,0,0,0,1,0,1,0,1,DO33592,0,0,0.49122807017543857,0.5833333333333333,deceased,NA,0.49122807017543857,0.07029610631848915,NA,False,True,False,False,False,False,False,False,False,True,NA,NA,NA,NA,NA,0.007859733978234583,0.19612068965517243,0.030855539971949508,0.05196451204055766,0.21188398475443224,0.5468949761342701,0,1,0,1,1,1,0,1,0,1,NA,NA,0,1,0,True,False
0,0,0,0,0,0,0,0,0,0,0,0,0,0,0,0,0,0,0,0,0,0,0,0,0,0,0,0,0,0,0,0,0,0,0,0,0,0,0,0,1,0,0,0,0,0,0,0,0,0,0,0,0,0,0,0,0,0,0,0,0,0,0,0,0,0,0,0,0,0,0,0,0,0,0,0,0,0,1,0,1,0,1,DO34825,0,0,0.5438596491228069,0.5833333333333333,deceased,progression,0.5438596491228069,0.07029610631848915,456.0,False,True,False,False,False,False,True,False,False,False,NA,NA,NA,NA,NA,0.007082397650716877,0.19612068965517243,0.030855539971949508,0.05196451204055766,0.22582245934031217,0.5468949761342701,0,1,0,1,1,1,0,1,0,1,0.0,NA,0,1,0,True,False
0,0,0,0,0,0,0,0,0,0,0,0,0,0,0,0,0,0,0,0,0,0,0,0,0,0,0,0,0,0,0,0,0,0,0,0,0,0,0,0,1,0,0,0,0,0,0,0,0,0,0,0,0,0,0,0,0,0,0,0,0,0,0,0,0,0,0,0,0,0,0,0,0,0,0,0,0,0,1,0,1,0,1,DO34833,0,0,0.7894736842105261,0.5833333333333333,alive,progression,0.7894736842105261,0.07029610631848915,596.0,False,True,False,False,False,False,True,False,False,False,NA,NA,NA,NA,NA,0.002159267576438072,0.19612068965517243,0.030855539971949508,0.05196451204055766,0.19862325720747623,0.5468949761342701,0,1,0,1,1,1,0,1,0,1,0.0,NA,0,1,0,True,False
1,0,0,0,0,0,0,0,1,0,1,0,1,0,1,0,1,0,1,0,1,0,1,0,1,0,1,0,0,0,1,0,1,0,1,0,0,0,0,0,1,0,0,0,0,0,1,0,1,0,1,0,1,0,1,0,0,0,1,0,1,0,1,0,1,0,0,0,0,0,0,0,1,0,0,0,1,0,0,0,1,0,1,DO34809,0,0,0.7192982456140351,0.5833333333333333,deceased,progression,0.7192982456140351,0.06038703660526929,297.0,True,False,False,False,False,False,True,False,False,False,NA,NA,NA,NA,NA,0.05087234410088098,0.19612068965517243,0.028050490883590462,0.05196451204055766,0.38691282636990965,0.5468949761342701,0,0,0,1,0,1,0,1,0,1,0.0,NA,0,1,0,True,False
1,0,1,0,0,0,0,0,0,0,1,0,1,0,1,0,1,0,1,0,1,0,1,0,1,0,1,0,0,0,1,0,1,0,1,0,0,0,1,0,1,0,0,0,0,0,1,0,1,0,1,0,1,0,1,0,1,0,1,0,1,0,0,0,1,0,0,0,0,0,0,0,1,0,0,0,1,0,0,0,1,0,1,DO34801,0,0,0.4736842105263157,0.5833333333333333,alive,stable,0.4736842105263157,0.07029610631848915,626.0,False,True,False,False,False,False,False,False,True,False,NA,NA,NA,NA,NA,0.024788391777509067,0.19612068965517243,0.001402524544179523,0.05196451204055766,0.4978094896309929,0.5468949761342701,0,1,0,1,0,1,0,1,0,1,1.0,NA,0,1,0,True,False
1,0,0,0,0,0,1,0,1,0,1,0,1,0,1,0,1,0,1,0,1,0,1,0,1,0,1,0,0,0,1,0,1,0,1,0,0,0,0,0,1,0,0,0,0,0,0,0,1,0,1,0,1,0,1,0,0,0,1,0,1,0,0,0,1,0,0,0,0,0,0,0,1,0,1,0,1,0,0,0,1,0,1,DO34817,0,0,0.6842105263157894,0.5833333333333333,alive,stable,0.6842105263157894,0.07029610631848915,540.0,True,False,False,False,False,False,False,False,True,False,NA,NA,NA,NA,NA,0.010796337882190362,0.19612068965517243,0.028050490883590462,0.05196451204055766,0.49897903767270213,0.5468949761342701,0,1,0,1,0,1,0,1,0,1,1.0,NA,0,1,0,True,False
0,0,0,0,0,0,0,0,0,0,0,0,0,0,0,0,0,0,0,0,0,0,0,0,0,0,0,0,0,0,0,0,0,0,0,0,0,0,0,0,1,0,0,0,0,0,0,0,0,0,0,0,0,0,0,0,0,0,0,0,0,0,0,0,0,0,0,0,0,0,0,0,0,0,0,0,0,0,1,0,1,0,1,DO33576,0,0,0.17543859649122795,0.5833333333333333,alive,stable,0.17543859649122795,0.07029610631848915,1170.0,True,False,False,False,False,False,False,False,True,False,NA,NA,NA,NA,NA,0.005441354292623942,0.19612068965517243,0.030855539971949508,0.05196451204055766,0.2788549163053865,0.5468949761342701,0,1,0,1,1,1,0,1,0,1,1.0,NA,0,1,0,True,False
0,0,0,0,0,0,0,0,0,0,0,0,0,0,0,0,0,0,0,0,0,0,0,0,0,0,0,0,0,0,0,0,0,0,0,0,0,0,0,0,1,0,0,0,0,0,0,0,0,0,0,0,0,0,0,0,0,0,0,0,0,0,0,0,0,0,0,0,0,0,0,0,0,0,0,0,0,0,0,0,1,0,1,DO33584,0,0,0.3859649122807016,0.5833333333333333,deceased,progression,0.3859649122807016,0.07029610631848915,506.0,True,False,False,False,False,False,True,False,False,False,NA,NA,NA,NA,NA,0.0025047503886681637,0.19612068965517243,0.030855539971949508,0.05196451204055766,0.14508182897077032,0.5468949761342701,0,1,0,1,1,1,0,1,0,1,0.0,NA,0,1,0,True,False
0,0,0,0,0,0,0,0,0,0,1,0,0,0,0,0,0,0,0,0,0,0,0,0,0,0,0,0,0,0,0,0,0,0,0,0,0,0,0,0,1,0,0,0,0,0,0,0,1,0,0,0,0,0,0,0,0,0,0,0,0,0,0,0,0,0,0,0,0,0,0,0,0,0,0,0,0,0,1,0,1,0,1,DO34889,0,0,1.0,0.5833333333333333,deceased,progression,1.0,0.07029610631848915,191.0,False,True,False,False,False,False,True,False,False,False,NA,NA,NA,NA,NA,0.009241665227154949,0.19612068965517243,0.030855539971949508,0.05196451204055766,0.17167215175113862,0.5468949761342701,0,1,0,1,1,1,0,1,0,1,0.0,NA,0,1,0,True,False
0,0,0,0,0,0,0,0,0,0,0,0,0,0,0,0,0,0,0,0,0,0,0,0,0,0,0,0,0,0,0,0,0,0,0,0,0,0,0,0,1,0,0,0,0,0,0,0,0,0,0,0,0,0,0,0,0,0,0,0,0,0,0,0,0,0,0,0,0,0,0,0,0,0,0,0,0,0,1,0,1,0,1,DO34881,0,0,0.6666666666666665,0.5833333333333333,alive,progression,0.6666666666666665,0.16484028911168103,1001.0,False,True,False,False,False,False,True,False,False,False,NA,NA,NA,NA,NA,0.002332008982553118,0.19612068965517243,0.030855539971949508,0.05196451204055766,0.16288363666099562,0.5468949761342701,0,0,0,1,1,1,0,1,0,1,0.0,NA,0,1,0,True,False
1,0,0,0,0,0,0,0,1,0,1,0,1,0,1,0,1,0,1,0,1,0,1,0,1,0,1,0,0,0,1,0,1,0,1,0,0,0,0,0,1,0,1,0,1,0,1,0,1,0,1,0,1,0,1,0,0,0,1,0,1,0,0,0,1,0,1,0,0,0,0,0,1,0,0,0,1,0,1,0,1,0,1,DO33552,0,0,0.6491228070175437,0.5833333333333333,alive,stable,0.6491228070175437,0.04243413383072977,873.0,True,False,False,False,False,False,False,False,True,False,NA,NA,NA,NA,NA,0.054413542926239414,0.19612068965517243,0.05329593267882188,0.05196451204055766,0.4881944771876471,0.5468949761342701,0,0,0,1,0,1,0,1,0,1,1.0,NA,0,1,0,True,False
0,0,0,0,0,0,0,0,0,0,0,0,0,0,0,0,0,0,0,0,0,0,0,0,0,0,0,0,0,0,0,0,0,0,0,0,0,0,0,0,0,0,0,0,0,0,0,0,0,0,0,0,0,0,0,0,0,0,0,0,0,0,0,0,0,0,0,0,0,0,0,0,0,0,0,0,0,0,0,0,1,0,1,DO33568,0,0,0.29824561403508765,0.5833333333333333,deceased,progression,0.29824561403508765,0.07029610631848915,233.0,True,False,False,False,False,False,True,False,False,False,NA,NA,NA,NA,NA,8.637070305752289e-05,0.19612068965517243,0.030855539971949508,0.05196451204055766,0.25436812017706134,0.5468949761342701,0,1,0,1,1,1,0,1,0,1,0.0,NA,0,1,0,True,False
0,0,0,0,0,0,0,0,0,0,0,0,0,0,0,0,1,0,0,0,0,0,0,0,0,0,0,0,0,0,0,0,0,0,0,0,0,0,0,0,1,0,0,0,0,0,0,0,0,0,0,0,0,0,0,0,0,0,0,0,0,0,0,0,0,0,0,0,0,0,0,0,0,0,0,0,0,0,1,0,1,0,1,DO34897,0,0,0.7719298245614035,0.5833333333333333,deceased,progression,0.7719298245614035,0.10515271625087433,664.0,False,True,False,False,False,False,True,False,False,False,NA,NA,NA,NA,NA,0.004577647262048713,0.19612068965517243,0.030855539971949508,0.05196451204055766,0.2666202670298983,0.5468949761342701,0,0,0,1,1,1,0,1,0,1,0.0,NA,0,1,0,True,False
0,0,0,0,0,0,0,0,1,0,1,0,1,0,1,0,1,0,0,0,0,0,1,0,1,0,1,0,0,0,0,0,1,0,0,0,0,0,0,0,1,0,0,0,1,0,0,0,1,0,1,0,1,0,1,0,0,0,1,0,1,0,0,0,1,0,0,0,0,0,0,0,1,0,0,0,0,0,1,0,1,0,1,DO33560,0,0,0.5263157894736841,0.5833333333333333,alive,progression,0.5263157894736841,0.07029610631848915,936.0,True,False,False,False,False,False,True,False,False,False,NA,NA,NA,NA,NA,0.0071687683537744,0.19612068965517243,0.008415147265077139,0.05196451204055766,0.321703859804952,0.5468949761342701,0,1,0,1,0,1,0,1,0,1,0.0,NA,0,1,0,True,False
0,0,0,0,1,0,0,0,0,0,0,0,0,0,0,0,0,0,0,0,0,0,0,0,0,0,0,0,0,0,0,0,0,0,0,0,0,0,0,0,1,0,0,0,0,0,0,0,0,0,0,0,0,0,0,0,0,0,0,0,0,0,0,0,0,0,0,0,0,0,0,0,0,0,0,0,0,0,0,0,1,0,1,DO33536,0,0,0.6666666666666665,0.5833333333333333,deceased,progression,0.6666666666666665,0.07087899277220797,482.0,False,True,False,False,False,False,True,False,False,False,NA,NA,NA,NA,NA,0.005873207807911556,0.19612068965517243,0.030855539971949508,0.05196451204055766,0.18001065277012354,0.5468949761342701,0,0,0,1,1,1,0,1,0,1,0.0,NA,0,1,0,True,False
0,0,0,0,0,0,0,0,0,0,0,0,0,0,0,0,0,0,0,0,0,0,0,0,0,0,0,0,0,0,0,0,0,0,0,0,0,0,0,0,1,0,0,0,0,0,0,0,0,0,0,0,0,0,0,0,0,0,0,0,0,0,0,0,0,0,1,0,0,0,0,0,0,0,0,0,0,0,0,0,1,0,1,DO34865,0,0,0.21052631578947367,0.5833333333333333,deceased,progression,0.21052631578947367,0.03170902308230356,363.0,True,False,False,False,False,False,True,False,False,False,NA,NA,NA,NA,NA,0.00777336327517706,0.19612068965517243,0.030855539971949508,0.05196451204055766,0.1948576032288963,0.5468949761342701,0,0,0,1,1,1,0,1,0,1,0.0,NA,0,1,0,True,False
0,0,0,0,0,0,0,0,0,0,0,0,0,0,0,0,0,0,0,0,0,0,0,0,0,0,0,0,0,0,0,0,0,0,0,0,0,0,0,0,1,0,0,0,0,0,0,0,1,0,1,0,0,0,0,0,0,0,0,0,0,0,0,0,0,0,0,0,0,0,0,0,0,0,0,0,0,0,1,0,1,0,1,DO34873,0,0,0.5438596491228069,0.5833333333333333,deceased,progression,0.5438596491228069,0.006528328281650734,578.0,False,True,False,False,False,False,True,False,False,False,NA,NA,NA,NA,NA,0.012437381240283296,0.19612068965517243,0.030855539971949508,0.05196451204055766,0.23213705382410202,0.5468949761342701,0,0,0,1,1,1,0,1,0,1,0.0,NA,0,1,0,True,False
1,0,0,0,0,0,0,0,1,0,1,0,1,0,1,0,1,0,1,0,1,0,1,0,1,0,1,0,0,0,1,0,1,0,0,0,0,0,0,0,1,0,0,0,0,0,1,0,1,0,1,0,1,0,1,0,1,0,1,0,1,0,0,0,1,0,0,0,0,0,1,0,1,0,0,0,0,0,1,0,1,0,1,DO33544,0,0,0.8771929824561402,0.5833333333333333,deceased,progression,0.8771929824561402,0.07029610631848915,412.0,True,False,False,False,False,False,True,False,False,False,NA,NA,NA,NA,NA,0.033511832786318876,0.19612068965517243,0.012622720897615708,0.05196451204055766,0.37375047409993667,0.5468949761342701,0,1,0,1,0,1,0,1,0,1,0.0,NA,0,1,0,True,False
1,0,0,0,0,0,0,0,1,0,1,0,1,0,1,0,1,0,1,0,1,0,1,0,1,0,1,0,1,0,1,0,1,0,0,0,0,0,1,0,1,0,0,0,0,0,1,0,1,0,1,0,1,0,1,0,0,0,1,0,1,0,1,0,1,0,0,0,0,0,0,0,1,0,0,0,1,0,1,0,1,0,1,DO34849,0,0,0.9298245614035086,0.5833333333333333,deceased,progression,0.9298245614035086,0.04033574259734204,272.0,True,False,False,False,False,False,True,False,False,False,NA,NA,NA,NA,NA,0.019433408187942647,0.19612068965517243,0.0182328190743338,0.05196451204055766,0.46010153562336376,0.5468949761342701,0,0,0,1,0,1,0,1,0,1,0.0,NA,0,1,0,True,False
0,0,0,0,0,0,0,0,0,0,0,0,0,0,0,0,0,0,0,0,1,0,0,0,0,0,0,0,0,0,0,0,0,0,1,0,0,0,0,0,1,0,0,0,0,0,0,0,1,0,0,0,0,0,0,0,0,0,0,0,0,0,0,0,0,0,0,0,0,0,0,0,0,0,0,0,0,0,0,0,1,0,1,DO34841,0,0,0.6666666666666665,0.5833333333333333,deceased,progression,0.6666666666666665,0.07029610631848915,506.0,False,True,False,False,False,False,True,False,False,False,NA,NA,NA,NA,NA,0.031093453100708237,0.19612068965517243,0.030855539971949508,0.05196451204055766,0.24764410939118683,0.5468949761342701,0,1,0,1,1,1,0,1,0,1,0.0,NA,0,1,0,True,False
1,0,0,0,0,0,1,0,1,0,1,0,1,0,1,0,1,0,1,0,1,0,1,0,1,0,1,0,0,0,1,0,1,0,0,0,0,0,1,0,1,0,0,0,0,0,1,0,1,0,1,0,1,0,1,0,0,0,1,0,1,0,0,0,1,0,0,0,0,0,0,0,1,0,0,0,1,0,1,0,1,0,1,DO33512,0,0,0.5964912280701753,0.5833333333333333,deceased,NA,0.5964912280701753,0.07029610631848915,499.0,True,False,False,False,False,False,False,False,False,True,NA,NA,NA,NA,NA,0.026861288650889617,0.19612068965517243,0.06311360448807854,0.05196451204055766,0.6322017846696568,0.5468949761342701,1,1,0,1,0,1,0,1,1,1,NA,NA,0,1,0,True,False
0,0,0,0,0,0,0,0,0,0,0,0,0,0,0,0,0,0,0,0,0,0,0,0,0,0,0,0,0,0,0,0,0,0,0,0,0,0,0,0,1,0,0,0,0,0,0,0,0,0,0,0,0,0,0,0,0,0,0,0,0,0,0,0,0,0,0,0,0,0,0,0,0,0,0,0,0,0,1,0,1,0,1,DO33520,0,0,0.5263157894736841,0.5833333333333333,deceased,progression,0.5263157894736841,0.03543949638610398,256.0,True,False,False,False,False,False,True,False,False,False,NA,NA,NA,NA,NA,0.008550699602694766,0.19612068965517243,0.030855539971949508,0.05196451204055766,0.24502577957923824,0.5468949761342701,0,0,0,1,1,1,0,1,0,1,0.0,NA,0,1,0,True,False
0,0,0,0,0,0,0,0,0,0,0,0,0,0,0,0,0,0,0,0,0,0,0,0,0,0,0,0,0,0,0,0,0,0,0,0,0,0,0,0,1,0,0,0,0,0,0,0,0,0,0,0,0,0,1,0,0,0,0,0,0,0,0,0,0,0,0,0,0,0,0,0,0,0,0,0,0,0,1,0,1,0,1,DO33904,0,0,0.6842105263157894,0.5833333333333333,deceased,progression,0.6842105263157894,0.07029610631848915,1737.0,True,False,False,False,False,False,True,False,False,False,NA,NA,NA,NA,NA,0.009068923821039904,0.19612068965517243,0.030855539971949508,0.05196451204055766,0.2088406210822101,0.5468949761342701,0,1,0,1,1,1,0,1,0,1,0.0,NA,0,1,0,True,False
0,0,0,0,0,0,0,0,0,0,0,0,0,0,0,0,0,0,0,0,0,0,0,0,0,0,0,0,0,0,0,0,1,0,0,0,0,0,0,0,1,0,0,0,1,0,0,0,0,0,0,0,0,0,0,0,0,0,0,0,0,0,0,0,0,0,0,0,0,0,0,0,0,0,0,0,0,0,1,0,1,0,1,DO33856,0,0,0.22807017543859642,0.5833333333333333,deceased,progression,0.22807017543859642,0.07029610631848915,650.0,False,True,False,False,False,False,True,False,False,False,NA,NA,NA,NA,NA,0.008291587493522197,0.19612068965517243,0.030855539971949508,0.05196451204055766,0.3675831338437511,0.5468949761342701,0,1,0,1,1,1,0,1,0,1,0.0,NA,0,1,0,True,False
0,0,0,0,0,0,0,0,0,0,0,0,0,0,0,0,0,0,0,0,0,0,0,0,0,0,0,0,0,0,0,0,0,0,0,0,0,0,0,0,1,0,0,0,0,0,0,0,0,0,0,0,0,0,0,0,0,0,0,0,0,0,0,0,0,0,0,0,0,0,0,0,0,0,0,0,0,0,0,0,1,0,1,DO33864,0,0,0.5964912280701753,0.5833333333333333,deceased,progression,0.5964912280701753,0.07029610631848915,890.0,True,False,False,False,False,False,True,False,False,False,NA,NA,NA,NA,NA,0.00034548281223009154,0.19612068965517243,0.030855539971949508,0.05196451204055766,0.11795721840444942,0.5468949761342701,0,1,0,1,1,1,0,1,0,1,0.0,NA,0,1,0,True,False
0,0,0,0,0,0,0,0,0,0,0,0,0,0,0,0,0,0,0,0,0,0,0,0,0,0,0,0,0,0,0,0,0,0,0,0,0,0,0,0,1,0,0,0,0,0,0,0,0,0,0,0,0,0,0,0,0,0,0,0,0,0,0,0,0,0,0,0,0,0,0,0,0,0,0,0,0,0,1,0,1,0,1,DO33832,0,0,0.4736842105263157,0.5833333333333333,deceased,progression,0.4736842105263157,0.07029610631848915,716.0,False,True,False,False,False,False,True,False,False,False,NA,NA,NA,NA,NA,0.006477802729314217,0.19612068965517243,0.030855539971949508,0.05196451204055766,0.2218286901195967,0.5468949761342701,0,1,0,1,1,1,0,1,0,1,0.0,NA,0,1,0,True,False
0,0,0,0,0,0,0,0,0,0,0,0,0,0,0,0,0,0,0,0,0,0,0,0,0,0,0,0,0,0,0,0,0,0,0,0,0,0,0,0,1,0,0,0,0,0,0,0,0,0,0,0,0,0,0,0,0,0,0,0,0,0,0,0,0,0,0,0,0,0,0,0,0,0,0,0,0,0,1,0,1,0,1,DO33816,0,0,0.5087719298245612,0.5833333333333333,deceased,progression,0.5087719298245612,0.07029610631848915,803.0,False,True,False,False,False,False,True,False,False,False,NA,NA,NA,NA,NA,0.0033684574192433927,0.19612068965517243,0.030855539971949508,0.05196451204055766,0.17467647805196132,0.5468949761342701,0,1,0,1,1,1,0,1,0,1,0.0,NA,0,1,0,True,False
0,0,1,0,0,0,0,0,0,0,0,0,0,0,0,0,0,0,0,0,0,0,0,0,0,0,0,0,0,0,0,0,0,0,0,0,0,0,0,0,0,0,0,0,0,0,0,0,0,0,0,0,0,0,1,0,0,0,0,0,0,0,0,0,0,0,0,0,0,0,0,0,0,0,0,0,0,0,1,0,1,0,1,DO33824,0,0,0.4035087719298245,0.5833333333333333,deceased,progression,0.4035087719298245,0.07029610631848915,274.0,False,True,False,False,False,False,True,False,False,False,NA,NA,NA,NA,NA,0.005873207807911556,0.19612068965517243,0.030855539971949508,0.05196451204055766,0.3263588092339822,0.5468949761342701,0,1,0,1,1,1,0,1,0,1,0.0,NA,0,1,0,True,False
1,0,0,0,0,0,0,0,1,0,1,0,1,0,1,0,1,0,1,0,1,0,1,0,1,0,1,0,1,0,1,0,1,0,0,0,0,0,0,0,0,0,0,0,0,0,1,0,1,0,1,0,1,0,1,0,0,0,1,0,0,0,0,0,1,0,0,0,1,0,0,0,0,0,0,0,0,0,0,0,1,0,1,DO33808,0,0,0.807017543859649,0.5833333333333333,deceased,NA,0.807017543859649,0.07029610631848915,14.0,False,True,False,False,False,False,False,False,False,True,NA,NA,NA,NA,NA,0.008896182414924857,0.19612068965517243,0.030855539971949508,0.05196451204055766,0.4061935780083872,0.5468949761342701,0,1,0,1,1,1,0,1,0,1,NA,NA,0,1,0,True,False
0,0,0,0,0,0,0,0,0,0,0,0,0,0,0,0,0,0,0,0,0,0,0,0,0,0,0,0,0,0,0,0,0,0,0,0,0,0,0,0,1,0,0,0,0,0,0,0,1,0,0,0,0,0,0,0,0,0,0,0,0,0,0,0,0,0,0,0,0,0,0,0,0,0,0,0,0,0,1,0,1,0,1,DO33800,0,0,0.631578947368421,0.5833333333333333,deceased,progression,0.631578947368421,0.07029610631848915,151.0,False,True,False,False,False,False,True,False,False,False,NA,NA,NA,NA,NA,0.017792364829849715,0.19612068965517243,0.030855539971949508,0.05196451204055766,0.2807955330979831,0.5468949761342701,0,1,0,1,1,1,0,1,0,1,0.0,NA,0,1,0,True,False
0,0,0,0,0,0,0,0,0,0,0,0,0,0,0,0,0,0,0,0,0,0,0,0,0,0,0,0,0,0,0,0,0,0,0,0,0,0,0,0,1,0,0,0,0,0,0,0,0,0,0,0,0,0,0,0,0,0,0,0,0,0,0,0,0,0,0,0,0,0,0,0,0,0,0,0,0,0,1,0,1,0,1,DO33872,0,0,0.0,0.5833333333333333,deceased,progression,0.0,0.07029610631848915,1009.0,False,True,False,False,False,False,True,False,False,False,NA,NA,NA,NA,NA,0.0019001554672655034,0.19612068965517243,0.030855539971949508,0.05196451204055766,0.21153284271615383,0.5468949761342701,0,1,0,1,1,1,0,1,0,1,0.0,NA,0,1,0,True,False
0,0,0,0,0,0,0,0,0,0,0,0,0,0,0,0,0,0,0,0,0,0,0,0,0,0,0,0,0,0,0,0,0,0,0,0,0,0,0,0,1,0,0,0,0,0,0,0,0,0,0,0,0,0,0,0,0,0,0,0,0,0,0,0,0,0,0,0,0,0,0,0,0,0,0,0,0,0,1,0,1,0,1,DO33888,0,0,0.7368421052631577,0.5833333333333333,deceased,progression,0.7368421052631577,0.07029610631848915,943.0,True,False,False,False,False,False,True,False,False,False,NA,NA,NA,NA,NA,0.0044049058559336675,0.19612068965517243,0.030855539971949508,0.05196451204055766,0.2367842553367371,0.5468949761342701,0,1,0,1,1,1,0,1,0,1,0.0,NA,0,1,0,True,False
0,0,0,0,0,0,0,0,0,0,0,0,0,0,0,0,0,0,0,0,0,0,0,0,0,0,0,0,0,0,0,0,0,0,0,0,0,0,0,0,1,0,0,0,0,0,0,0,0,0,0,0,0,0,0,0,0,0,0,0,0,0,0,0,0,0,0,0,0,0,0,0,0,0,0,0,0,0,0,0,1,0,1,DO33880,0,0,0.45614035087719285,0.5833333333333333,deceased,progression,0.45614035087719285,0.07029610631848915,159.0,True,False,False,False,False,False,True,False,False,False,NA,NA,NA,NA,NA,0.0006045949214026602,0.19612068965517243,0.030855539971949508,0.05196451204055766,0.2179315147772972,0.5468949761342701,0,1,0,1,1,1,0,1,0,1,0.0,NA,0,1,0,True,False
0,0,0,0,0,0,0,0,0,0,0,0,0,0,0,0,0,0,0,0,0,0,0,0,0,0,0,0,0,0,0,0,0,0,0,0,0,0,0,0,1,0,0,0,0,0,0,0,0,0,0,0,0,0,0,0,0,0,0,0,0,0,0,0,0,0,0,0,0,0,0,0,0,0,0,0,0,0,1,0,1,0,1,DO33712,0,0,0.5964912280701753,0.5833333333333333,deceased,progression,0.5964912280701753,0.07029610631848915,727.0,True,False,False,False,False,False,True,False,False,False,NA,NA,NA,NA,NA,0.011487303506650543,0.19612068965517243,0.030855539971949508,0.05196451204055766,0.3354108681431309,0.5468949761342701,0,1,0,1,1,1,0,1,0,1,0.0,NA,0,1,0,True,False
0,0,0,0,0,0,0,0,0,0,0,0,0,0,0,0,0,0,0,0,0,0,0,0,0,0,0,0,0,0,0,0,0,0,0,0,0,0,0,0,1,0,0,0,0,0,0,0,0,0,0,0,0,0,0,0,0,0,0,0,0,0,0,0,0,0,0,0,0,0,0,0,0,0,0,0,0,0,0,0,1,0,1,DO33728,0,0,0.3859649122807016,0.5833333333333333,deceased,progression,0.3859649122807016,0.07029610631848915,1284.0,False,True,False,False,False,False,True,False,False,False,NA,NA,NA,NA,NA,0.0006045949214026602,0.19612068965517243,0.030855539971949508,0.05196451204055766,0.07315183010095294,0.5468949761342701,0,1,0,1,1,1,0,1,0,1,0.0,NA,0,1,0,True,False
0,0,0,0,0,0,0,0,0,0,0,0,0,0,0,0,0,0,0,0,0,0,0,0,0,0,0,0,0,0,0,0,0,0,0,0,0,0,0,0,1,0,0,0,0,0,0,0,0,0,0,0,0,0,0,0,0,0,0,0,0,0,0,0,0,0,0,0,0,0,0,0,0,0,0,0,0,0,0,0,1,0,1,DO33720,0,0,0.5614035087719298,0.5833333333333333,deceased,progression,0.5614035087719298,0.07029610631848915,1169.0,False,True,False,False,False,False,True,False,False,False,NA,NA,NA,NA,NA,0.002936603903955778,0.19612068965517243,0.030855539971949508,0.05196451204055766,0.3002378543687122,0.5468949761342701,0,1,0,1,1,1,0,1,0,1,0.0,NA,0,1,0,True,False
0,0,0,0,0,0,0,0,0,0,0,0,0,0,0,0,0,0,0,0,0,0,0,0,0,0,0,0,0,0,0,0,0,0,0,0,0,0,0,0,1,0,0,0,0,0,0,0,0,0,0,0,0,0,0,0,0,0,0,0,0,0,0,0,0,0,0,0,0,0,1,0,0,0,0,0,0,0,0,0,1,0,1,DO33704,0,0,0.6666666666666665,0.5833333333333333,deceased,progression,0.6666666666666665,0.07029610631848915,153.0,False,True,False,False,False,False,True,False,False,False,NA,NA,NA,NA,NA,0.015201243738124029,0.19612068965517243,0.030855539971949508,0.05196451204055766,0.43769977127035875,0.5468949761342701,0,1,0,1,1,1,0,1,0,1,0.0,NA,0,1,0,True,False
1,0,0,0,1,0,0,0,1,0,1,0,1,0,1,0,0,0,1,0,1,0,1,0,1,0,1,0,0,0,0,0,1,0,0,0,0,0,0,0,1,0,0,0,0,0,0,0,1,0,1,0,1,0,1,0,0,0,1,0,0,0,0,0,1,0,0,0,0,0,1,0,0,0,0,0,0,0,1,0,1,0,1,DO33792,0,0,0.5438596491228069,0.5833333333333333,deceased,progression,0.5438596491228069,0.07029610631848915,1112.0,False,True,False,False,False,False,True,False,False,False,NA,NA,NA,NA,NA,0.005614095698738988,0.19612068965517243,0.002805049088359046,0.05196451204055766,0.41031598181472395,0.5468949761342701,0,1,0,1,0,1,0,1,0,1,0.0,NA,0,1,0,True,False
0,0,0,0,0,0,0,0,0,0,0,0,1,0,0,0,0,0,0,0,0,0,0,0,0,0,0,0,0,0,0,0,0,0,0,0,0,0,0,0,1,0,0,0,0,0,0,0,0,0,0,0,0,0,0,0,0,0,0,0,0,0,0,0,0,0,0,0,0,0,0,0,0,0,0,0,0,0,1,0,1,0,1,DO33776,0,0,0.6491228070175437,0.5833333333333333,deceased,progression,0.6491228070175437,0.07029610631848915,167.0,True,False,False,False,False,False,True,False,False,False,NA,NA,NA,NA,NA,0.005009500777336328,0.19612068965517243,0.030855539971949508,0.05196451204055766,0.344801373482547,0.5468949761342701,0,1,0,1,1,1,0,1,0,1,0.0,NA,0,1,0,True,False
0,0,0,0,0,0,0,0,0,0,0,0,0,0,0,0,0,0,0,0,0,0,0,0,0,0,0,0,0,0,0,0,0,0,0,0,0,0,0,0,1,0,0,0,0,0,0,0,0,0,0,0,0,0,0,0,0,0,0,0,0,0,0,0,0,0,0,0,0,0,0,0,0,0,0,0,0,0,0,0,1,0,1,DO33784,0,0,0.26315789473684204,0.5833333333333333,deceased,progression,0.26315789473684204,0.07029610631848915,895.0,False,True,False,False,False,False,True,False,False,False,NA,NA,NA,NA,NA,0.0013819312489203662,0.19612068965517243,0.030855539971949508,0.05196451204055766,0.20989382528759307,0.5468949761342701,0,1,0,1,1,1,0,1,0,1,0.0,NA,0,1,0,True,False
0,0,0,0,0,0,0,0,0,0,0,0,0,0,0,0,0,0,0,0,0,0,0,0,0,0,0,0,0,0,0,0,0,0,0,0,0,0,0,0,1,0,0,0,0,0,0,0,0,0,0,0,0,0,0,0,0,0,0,0,0,0,0,0,0,0,0,0,0,0,0,0,0,0,0,0,0,0,1,0,1,0,1,DO33768,0,0,0.5614035087719298,0.5833333333333333,deceased,progression,0.5614035087719298,0.07029610631848915,331.0,True,False,False,False,False,False,True,False,False,False,NA,NA,NA,NA,NA,0.01045085506996027,0.19612068965517243,0.030855539971949508,0.05196451204055766,0.31113672729361797,0.5468949761342701,0,1,0,1,1,1,0,1,0,1,0.0,NA,0,1,0,True,False
0,0,0,0,0,0,0,0,0,0,0,0,0,0,0,0,0,0,0,0,0,0,0,0,0,0,0,0,0,0,0,0,0,0,0,0,0,0,0,0,1,0,0,0,0,0,0,0,0,0,0,0,0,0,0,0,0,0,0,0,0,0,0,0,0,0,0,0,0,0,0,0,0,0,0,0,0,0,0,0,1,0,1,DO33760,0,0,0.5438596491228069,0.5833333333333333,deceased,progression,0.5438596491228069,0.07029610631848915,648.0,True,False,False,False,False,False,True,False,False,False,NA,NA,NA,NA,NA,0.0017274140611504578,0.19612068965517243,0.030855539971949508,0.05196451204055766,0.29189636058830315,0.5468949761342701,0,1,0,1,1,1,0,1,0,1,0.0,NA,0,1,0,True,False
1,0,1,0,1,0,1,0,1,0,1,0,1,0,1,0,1,0,1,0,1,0,1,0,1,0,1,0,1,0,1,0,1,0,1,0,0,0,1,0,1,0,1,0,1,0,1,0,1,0,1,0,1,0,1,0,0,0,1,0,1,0,1,0,1,0,1,0,1,0,1,0,1,0,1,0,1,0,1,0,0,0,0,DO35083,1,1,0.6140350877192982,0.5833333333333333,alive,complete remission,0.6140350877192982,0.07029610631848915,1264.0,True,False,False,True,False,False,False,False,False,False,True,False,False,False,False,0.5397305234064605,0.19612068965517243,0.0,0.05196451204055766,0.7162327843703773,0.5468949761342701,0,1,0,1,0,1,0,1,0,1,NA,NA,1,1,0,True,False
0,0,0,0,0,0,0,0,0,0,0,0,0,0,0,0,0,0,0,0,0,0,0,0,0,0,0,0,0,0,0,0,0,0,0,0,0,0,0,0,1,0,0,0,0,0,0,0,0,0,0,0,0,0,0,0,0,0,0,0,0,0,0,0,0,0,0,0,0,0,0,0,0,0,0,0,0,0,0,0,1,0,1,DO35084,0,0,0.7192982456140351,0.5833333333333333,deceased,complete remission,0.7192982456140351,0.07029610631848915,131.0,False,True,False,True,False,False,False,False,False,False,NA,NA,NA,NA,NA,0.004923130074278805,0.19612068965517243,0.030855539971949508,0.05196451204055766,0.07761576678082496,0.5468949761342701,0,1,0,1,1,1,0,1,0,1,NA,NA,0,1,0,True,False
1,0,0,0,1,0,1,0,1,0,1,0,1,0,1,0,1,0,1,0,1,0,1,0,0,0,1,0,0,0,1,0,1,0,0,0,0,0,1,0,1,0,1,0,0,0,1,0,1,0,1,0,1,0,1,0,0,0,1,0,1,0,0,0,1,0,0,0,0,0,0,0,1,0,0,0,1,0,0,0,0,0,0,DO35082,1,1,0.6140350877192982,0.5833333333333333,deceased,complete remission,0.6140350877192982,0.07029610631848915,342.0,False,True,False,True,False,False,False,False,False,False,True,False,False,False,False,0.06279150112281914,0.19612068965517243,0.20476858345021037,0.05196451204055766,0.4626462976473579,0.5468949761342701,0,1,0,1,0,1,0,1,0,1,NA,NA,1,1,0,True,False
0,0,0,0,0,0,0,0,0,0,0,0,0,0,0,0,0,0,0,0,0,0,0,0,0,0,0,0,0,0,0,0,0,0,0,0,0,0,0,0,1,0,0,0,0,0,0,0,0,0,0,0,0,0,0,0,0,0,0,0,0,0,0,0,0,0,0,0,0,0,0,0,0,0,0,0,0,0,0,0,1,0,1,DO35094,0,0,0.6140350877192982,0.5833333333333333,NA,complete remission,0.6140350877192982,0.07029610631848915,NA,True,False,False,True,False,False,False,False,False,False,NA,NA,NA,NA,NA,0.0057004664017965105,0.19612068965517243,0.030855539971949508,0.05196451204055766,0.12123760157616748,0.5468949761342701,0,1,0,1,1,1,0,1,0,1,NA,NA,0,1,0,True,False
0,0,0,0,0,0,0,0,0,0,1,0,0,0,0,0,0,0,0,0,0,0,0,0,0,0,0,0,0,0,0,0,0,0,0,0,0,0,0,0,1,0,0,0,0,0,0,0,0,0,0,0,0,0,0,0,0,0,0,0,0,0,0,0,0,0,0,0,0,0,0,0,0,0,0,0,0,0,0,0,1,0,1,DO35090,0,0,0.6842105263157894,0.5833333333333333,alive,partial remission,0.6842105263157894,0.07029610631848915,1287.0,False,True,False,False,False,True,False,False,False,False,NA,NA,NA,NA,NA,0.015373985144239074,0.19612068965517243,0.030855539971949508,0.05196451204055766,0.540471722828564,0.5468949761342701,0,1,0,1,1,1,0,1,0,1,NA,NA,0,1,0,True,False
0,0,0,0,0,0,0,0,0,0,0,0,1,0,0,0,0,0,0,0,0,0,0,0,0,0,0,0,0,0,0,0,0,0,0,0,0,0,0,0,1,0,0,0,0,0,0,0,0,0,0,0,0,0,0,0,0,0,0,0,0,0,0,0,0,0,0,0,0,0,0,0,0,0,0,0,0,0,1,0,1,0,1,DO35088,0,0,0.6666666666666665,0.5833333333333333,alive,complete remission,0.6666666666666665,0.07029610631848915,35.0,True,False,False,True,False,False,False,False,False,False,NA,NA,NA,NA,NA,0.011228191397477976,0.19612068965517243,0.030855539971949508,0.05196451204055766,0.9813262143781158,0.5468949761342701,0,1,0,1,1,1,0,1,0,1,NA,NA,0,1,0,True,False
1,0,0,0,0,0,0,0,1,0,1,0,1,0,0,0,1,0,1,0,1,0,1,0,1,0,1,0,0,0,0,0,1,0,1,0,0,0,0,0,1,0,0,0,0,0,1,0,1,0,1,0,1,0,1,0,0,0,0,0,1,0,0,0,1,0,0,0,0,0,0,0,0,0,1,0,1,0,1,0,1,0,1,DO35085,0,0,0.45614035087719285,0.5833333333333333,deceased,relapse,0.45614035087719285,0.04639776171601772,224.0,False,True,False,False,False,False,False,True,False,False,False,False,False,True,False,0.021506305061323196,0.19612068965517243,0.16690042075736325,0.05196451204055766,0.3884617082868971,0.5468949761342701,0,0,0,1,0,1,0,1,0,1,NA,NA,0,1,0,True,False
0,0,0,0,0,0,0,0,0,0,0,0,0,0,0,0,0,0,0,0,0,0,0,0,0,0,0,0,0,0,0,0,0,0,1,0,0,0,0,0,1,0,0,0,0,0,0,0,0,0,1,0,0,0,1,0,0,0,0,0,0,0,0,0,0,0,0,0,0,0,0,0,0,0,0,0,0,0,1,0,1,0,1,DO35086,0,0,0.5789473684210527,0.5833333333333333,deceased,NA,0.5789473684210527,0.07029610631848915,NA,True,False,False,False,False,False,False,False,False,True,NA,NA,NA,NA,NA,0.018742442563482464,0.19612068965517243,0.030855539971949508,0.05196451204055766,0.481520173867113,0.5468949761342701,0,1,0,1,1,1,0,1,0,1,NA,NA,0,1,0,True,False
0,0,0,0,0,0,0,0,0,0,0,0,0,0,0,0,0,0,0,0,0,0,0,0,0,0,0,0,0,0,0,0,0,0,0,0,0,0,0,0,1,0,0,0,0,0,0,0,0,0,0,0,0,0,0,0,0,0,0,0,0,0,0,0,0,0,0,0,0,0,0,0,0,0,0,0,0,0,1,0,0,0,0,DO35239,1,1,0.5964912280701753,0.5833333333333333,NA,NA,0.5964912280701753,0.07029610631848915,NA,False,False,True,False,False,False,False,False,False,True,False,False,False,False,True,0.012264639834168251,0.19612068965517243,0.030855539971949508,0.05196451204055766,0.2880275161520569,0.5468949761342701,1,1,0,1,1,1,0,1,1,1,NA,NA,1,1,0,True,False
1,0,0,0,0,0,0,0,1,0,1,0,1,0,1,0,1,0,1,0,1,0,1,0,1,0,1,0,0,0,1,0,1,0,0,0,0,0,1,0,1,0,0,0,0,0,1,0,1,0,1,0,1,0,1,0,0,0,1,0,1,0,0,0,1,0,0,0,0,0,0,0,1,0,0,0,1,0,1,0,1,0,1,DO35236,0,0,0.4385964912280702,0.5833333333333333,alive,progression,0.4385964912280702,0.24854278386570294,1343.0,True,False,False,False,False,False,True,False,False,False,True,False,False,False,False,0.036966660908619796,0.19612068965517243,0.04488078541374474,0.05196451204055766,0.4139197190411642,0.5468949761342701,0,0,0,1,0,1,0,1,0,1,0.0,NA,0,1,0,True,False
0,0,0,0,0,0,0,0,0,0,0,0,0,0,0,0,0,0,0,0,0,0,0,0,0,0,0,0,0,0,0,0,0,0,0,0,0,0,0,0,1,0,0,0,0,0,0,0,0,0,0,0,0,0,0,0,0,0,0,0,0,0,0,0,0,0,0,0,1,0,0,0,0,0,0,0,0,0,0,0,1,0,1,DO35234,0,0,0.894736842105263,0.5833333333333333,alive,complete remission,0.894736842105263,0.07029610631848915,91.0,True,False,False,True,False,False,False,False,False,False,NA,NA,NA,NA,NA,0.012696493349455865,0.19612068965517243,0.030855539971949508,0.05196451204055766,0.6848801665712003,0.5468949761342701,0,1,0,1,1,1,0,1,0,1,NA,NA,0,1,0,True,False
1,0,0,0,0,0,0,0,1,0,1,0,1,0,1,0,1,0,1,0,1,0,1,0,1,0,1,0,1,0,0,0,1,0,0,0,0,0,1,0,1,0,1,0,0,0,1,0,1,0,1,0,1,0,1,0,0,0,1,0,1,0,0,0,1,0,0,0,0,0,0,0,1,0,0,0,1,0,0,0,0,0,0,DO35230,1,1,0.33333333333333326,0.5833333333333333,deceased,complete remission,0.33333333333333326,0.07029610631848915,188.0,True,False,False,True,False,False,False,False,False,False,False,False,False,False,True,0.02245638279495595,0.19612068965517243,0.025245441795231416,0.05196451204055766,0.8008830627895789,0.5468949761342701,0,1,0,1,0,1,0,1,0,1,NA,NA,1,1,0,True,False
0,0,0,0,0,0,0,0,0,0,0,0,0,0,0,0,1,0,0,0,0,0,0,0,0,0,0,0,0,0,0,0,0,0,0,0,0,0,0,0,1,0,0,0,0,0,0,0,0,0,0,0,0,0,0,0,0,0,0,0,0,0,0,0,0,0,0,0,0,0,0,0,0,0,0,0,0,0,0,0,1,0,1,DO35245,0,0,0.7543859649122806,0.5833333333333333,deceased,NA,0.7543859649122806,0.07029610631848915,NA,False,True,False,False,False,False,False,False,False,True,NA,NA,NA,NA,NA,0.006736914838486785,0.19612068965517243,0.030855539971949508,0.05196451204055766,0.08349410298304122,0.5468949761342701,0,1,0,1,1,1,0,1,0,1,NA,NA,0,1,0,True,False
1,0,1,0,1,0,1,0,1,0,1,0,1,0,1,0,1,0,1,0,1,0,1,0,1,0,1,0,1,0,1,0,1,0,1,0,1,0,1,0,1,0,1,0,1,0,1,0,1,0,1,0,1,0,1,0,1,0,1,0,1,0,1,0,1,0,1,0,1,0,1,0,1,0,1,0,1,0,0,0,1,0,1,DO35242,0,0,0.3157894736842104,0.5833333333333333,deceased,relapse,0.3157894736842104,0.0,201.0,False,True,False,False,False,False,False,True,False,False,NA,NA,NA,NA,NA,0.2833822767317326,0.19612068965517243,0.043478260869565216,0.05196451204055766,0.8756313442468808,0.5468949761342701,0,0,0,1,0,1,0,1,0,1,NA,NA,0,1,0,True,False
0,0,0,0,0,0,0,0,0,0,0,0,0,0,0,0,1,0,0,0,0,0,1,0,0,0,0,0,0,0,0,0,0,0,0,0,0,0,0,0,1,0,0,0,0,0,0,0,0,0,0,0,0,0,0,0,1,0,1,0,0,0,0,0,0,0,0,0,0,0,0,0,0,0,0,0,0,0,1,0,1,0,1,DO35218,0,0,0.4035087719298245,0.5833333333333333,alive,partial remission,0.4035087719298245,0.08510142224294708,595.0,False,True,False,False,False,True,False,False,False,False,NA,NA,NA,NA,NA,0.017015028502332007,0.19612068965517243,0.030855539971949508,0.05196451204055766,0.5579851548593975,0.5468949761342701,0,0,0,1,1,1,0,1,0,1,NA,NA,0,1,0,True,False
1,0,0,0,0,0,0,0,0,0,1,0,1,0,1,0,1,0,1,0,1,0,1,0,1,0,1,0,0,0,0,0,1,0,0,0,0,0,0,0,1,0,0,0,0,0,1,0,1,0,1,0,1,0,1,0,0,0,1,0,0,0,0,0,1,0,0,0,0,0,0,0,1,0,0,0,1,0,0,0,1,0,1,DO35216,0,0,0.5263157894736841,0.5833333333333333,deceased,relapse,0.5263157894736841,0.19794823968290975,857.0,True,False,False,False,False,False,False,True,False,False,True,False,False,False,False,0.0203834859215754,0.19612068965517243,0.09957924263674614,0.05196451204055766,0.1985240516301189,0.5468949761342701,0,0,0,1,0,1,0,1,0,1,NA,NA,0,1,0,True,False
0,0,0,0,0,0,0,0,0,0,0,0,0,0,0,0,0,0,0,0,0,0,0,0,0,0,0,0,0,0,0,0,0,0,0,0,0,0,0,0,1,0,0,0,0,0,0,0,0,0,0,0,0,0,1,0,0,0,0,0,0,0,0,0,0,0,0,0,0,0,1,0,0,0,0,0,0,0,1,0,1,0,1,DO35212,0,0,0.17543859649122795,0.5833333333333333,deceased,NA,0.17543859649122795,0.07029610631848915,NA,False,True,False,False,False,False,False,False,False,True,NA,NA,NA,NA,NA,0.016583174987044393,0.19612068965517243,0.030855539971949508,0.05196451204055766,0.7205355523337618,0.5468949761342701,0,1,0,1,1,1,0,1,0,1,NA,NA,0,1,0,True,False
1,0,1,0,1,0,0,0,1,0,1,0,0,0,1,0,1,0,1,0,1,0,1,0,1,0,1,0,0,0,1,0,1,0,0,0,0,0,1,0,1,0,1,0,0,0,1,0,1,0,1,0,1,0,1,0,0,0,1,0,1,0,1,0,1,0,0,0,1,0,0,0,0,0,0,0,1,0,1,0,1,0,1,DO35210,0,0,0.7368421052631577,0.5833333333333333,deceased,NA,0.7368421052631577,0.07029610631848915,115.0,False,True,False,False,False,False,False,False,False,True,NA,NA,NA,NA,NA,0.03791673864225255,0.19612068965517243,0.0967741935483871,0.05196451204055766,0.6870730047215955,0.5468949761342701,0,1,0,1,0,1,0,1,0,1,NA,NA,0,1,0,True,False
1,0,1,0,0,0,0,0,1,0,1,0,1,0,1,0,1,0,1,0,1,0,1,0,1,0,1,0,0,0,1,0,1,0,0,0,0,0,0,0,1,0,0,0,0,0,1,0,1,0,1,0,1,0,1,0,0,0,1,0,1,0,0,0,1,0,0,0,0,0,0,0,0,0,1,0,1,0,1,0,0,0,0,DO35228,1,1,0.6140350877192982,0.5833333333333333,alive,complete remission,0.6140350877192982,0.07029610631848915,1623.0,False,True,False,True,False,False,False,False,False,False,True,False,False,False,False,0.04024874762480567,0.19612068965517243,0.03506311360448808,0.05196451204055766,0.5381141476799308,0.5468949761342701,0,1,0,1,0,1,0,1,0,1,NA,NA,1,1,0,True,False
1,0,0,0,0,0,0,0,0,0,0,0,0,0,1,0,1,0,1,0,1,0,1,0,1,0,1,0,0,0,0,0,1,0,0,0,0,0,1,0,1,0,0,0,0,0,1,0,1,0,1,0,1,0,1,0,0,0,1,0,1,0,1,0,1,0,0,0,0,0,0,0,0,0,0,0,0,0,1,0,1,0,1,DO35226,0,0,0.29824561403508765,0.5833333333333333,deceased,relapse,0.29824561403508765,0.08836558638377244,567.0,True,False,False,False,False,False,False,True,False,False,True,False,False,False,False,0.022715494904128518,0.19612068965517243,0.029453015427769985,0.05196451204055766,0.40808404656351926,0.5468949761342701,0,0,0,1,0,1,0,1,0,1,NA,NA,0,1,0,True,False
0,0,0,0,0,0,0,0,0,0,1,0,1,0,1,0,1,0,1,0,1,0,1,0,1,0,1,0,0,0,0,0,1,0,0,0,0,0,0,0,1,0,1,0,0,0,0,0,1,0,1,0,1,0,1,0,0,0,0,0,0,0,0,0,1,0,0,0,0,0,0,0,1,0,0,0,1,0,0,0,1,0,1,DO35222,0,0,0.3508771929824561,0.5833333333333333,deceased,progression,0.3508771929824561,0.14432268594077874,1170.0,False,True,False,False,False,False,True,False,False,False,True,False,False,False,False,0.029797892554845395,0.19612068965517243,0.091164095371669,0.05196451204055766,0.8057482438444642,0.5468949761342701,0,0,0,1,0,1,0,1,0,1,0.0,NA,0,1,0,True,False
0,0,0,0,0,0,0,0,0,0,0,0,0,0,0,0,1,0,0,0,0,0,0,0,0,0,0,0,0,0,0,0,0,0,0,0,1,0,0,0,1,0,0,0,0,0,0,0,0,0,0,0,1,0,0,0,0,0,1,0,0,0,0,0,0,0,0,0,0,0,0,0,0,0,0,0,0,0,1,0,1,0,1,DO35206,0,0,0.8596491228070176,0.5833333333333333,alive,complete remission,0.8596491228070176,0.07029610631848915,772.0,True,False,False,True,False,False,False,False,False,False,NA,NA,NA,NA,NA,0.045430989808257036,0.19612068965517243,0.030855539971949508,0.05196451204055766,0.5933336870096395,0.5468949761342701,0,1,0,1,1,1,0,1,0,1,NA,NA,0,1,0,True,False
0,0,0,0,0,0,0,0,0,0,0,0,0,0,0,0,0,0,0,0,0,0,0,0,0,0,0,0,0,0,0,0,0,0,0,0,0,0,0,0,1,0,0,0,0,0,0,0,0,0,0,0,0,0,0,0,0,0,0,0,0,0,0,0,0,0,0,0,0,0,0,0,0,0,0,0,0,0,0,0,0,0,0,DO35204,1,1,0.49122807017543857,0.5833333333333333,deceased,relapse,0.49122807017543857,0.07029610631848915,NA,False,True,False,False,False,False,False,True,False,False,False,False,False,True,False,0.009500777336327518,0.19612068965517243,0.030855539971949508,0.05196451204055766,0.2994119862914635,0.5468949761342701,0,1,0,1,1,1,0,1,0,1,NA,NA,1,1,0,True,False
1,0,0,0,0,0,0,0,1,0,1,0,1,0,1,0,1,0,1,0,0,0,1,0,1,0,1,0,0,0,1,0,1,0,0,0,0,0,0,0,1,0,0,0,0,0,1,0,1,0,1,0,1,0,1,0,0,0,1,0,1,0,0,0,1,0,0,0,0,0,0,0,0,0,0,0,0,0,1,0,1,0,1,DO35200,0,0,0.5087719298245612,0.5833333333333333,alive,complete remission,0.5087719298245612,0.07029610631848915,320.0,True,False,False,True,False,False,False,False,False,False,True,False,False,False,False,0.013041976161685957,0.19612068965517243,0.030855539971949508,0.05196451204055766,0.1033543462424111,0.5468949761342701,0,1,0,1,1,1,0,1,0,1,NA,NA,0,1,0,True,False
0,0,0,0,0,0,0,0,0,0,0,0,0,0,0,0,0,0,0,0,0,0,0,0,0,0,0,0,0,0,0,0,0,0,0,0,0,0,0,0,1,0,0,0,0,0,0,0,0,0,0,0,0,0,0,0,0,0,0,0,0,0,0,0,0,0,0,0,0,0,0,0,0,0,0,0,0,0,1,0,1,0,1,DO35275,0,0,0.5438596491228069,0.5833333333333333,deceased,progression,0.5438596491228069,0.0,415.0,False,True,False,False,False,False,True,False,False,False,NA,NA,NA,NA,NA,0.023147348419416132,0.19612068965517243,0.030855539971949508,0.05196451204055766,0.47455625568216475,0.5468949761342701,0,0,0,1,1,1,0,1,0,1,0.0,NA,0,1,0,True,False
0,0,0,0,0,0,0,0,1,0,1,0,1,0,1,0,1,0,1,0,1,0,1,0,1,0,1,0,1,0,1,0,1,0,0,0,0,0,1,0,1,0,0,0,0,0,1,0,0,0,1,0,1,0,1,0,0,0,1,0,1,0,0,0,1,0,1,0,0,0,0,0,0,0,0,0,1,0,1,0,1,0,1,DO35290,0,0,0.5614035087719298,0.5833333333333333,deceased,relapse,0.5614035087719298,0.07041268360923292,651.0,False,True,False,False,False,False,False,True,False,False,False,True,False,False,False,0.04767662808775263,0.19612068965517243,0.04488078541374474,0.05196451204055766,0.45189405868888166,0.5468949761342701,0,0,0,1,0,1,0,1,0,1,NA,NA,0,1,0,True,False
1,0,0,0,0,0,0,0,0,0,1,0,1,0,1,0,1,0,1,0,1,0,1,0,1,0,1,0,0,0,1,0,1,0,0,0,0,0,1,0,1,0,0,0,0,0,1,0,1,0,1,0,1,0,1,0,0,0,1,0,1,0,0,0,1,0,0,0,0,0,0,0,1,0,0,0,0,0,1,0,1,0,1,DO35258,0,0,0.8596491228070176,0.5833333333333333,deceased,progression,0.8596491228070176,0.04569829797155514,314.0,False,True,False,False,False,False,True,False,False,False,False,False,True,False,False,0.05121782691311107,0.19612068965517243,0.11640953716690042,0.05196451204055766,0.3455627027849921,0.5468949761342701,0,0,0,1,0,1,0,1,0,1,0.0,NA,0,1,0,True,False
0,0,0,0,0,0,0,0,0,0,0,0,0,0,0,0,0,0,0,0,0,0,0,0,0,0,0,0,0,0,0,0,1,0,0,0,0,0,0,0,1,0,0,0,0,0,0,0,0,0,0,0,0,0,0,0,0,0,0,0,1,0,0,0,0,0,0,0,0,0,0,0,0,0,0,0,0,0,0,0,1,0,1,DO35254,0,0,0.2807017543859649,0.5833333333333333,deceased,NA,0.24561403508771917,0.07029610631848915,NA,False,True,False,False,False,False,False,False,False,True,NA,NA,NA,NA,NA,0.01105544999136293,0.19612068965517243,0.030855539971949508,0.05196451204055766,0.839059166333653,0.5468949761342701,0,1,0,1,1,1,0,1,0,1,NA,NA,0,1,0,True,False
0,0,0,0,0,0,0,0,0,0,0,0,1,0,0,0,1,0,0,0,0,0,0,0,0,0,0,0,0,0,0,0,0,0,1,0,0,0,0,0,1,0,0,0,0,0,0,0,0,0,0,0,0,0,0,0,0,0,0,0,0,0,0,0,0,0,0,0,0,0,0,0,0,0,0,0,0,0,1,0,1,0,1,DO35270,0,0,0.7017543859649122,0.5833333333333333,deceased,relapse,0.7017543859649122,0.009093028678013523,205.0,False,True,False,False,False,False,False,True,False,False,NA,NA,NA,NA,NA,0.012005527724995682,0.19612068965517243,0.030855539971949508,0.05196451204055766,0.8169821144954204,0.5468949761342701,0,0,0,1,1,1,0,1,0,1,NA,NA,0,1,0,True,False
0,0,0,0,0,0,0,0,0,0,0,0,0,0,0,0,0,0,0,0,0,0,0,0,0,0,0,0,0,0,0,0,0,0,0,0,0,0,0,0,0,0,0,0,0,0,0,0,0,0,0,0,0,0,0,0,0,0,0,0,0,0,0,0,0,0,0,0,0,0,0,0,0,0,0,0,0,0,0,0,1,0,1,DO35266,0,0,0.807017543859649,0.5833333333333333,alive,complete remission,0.807017543859649,0.07029610631848915,24.0,False,True,False,True,False,False,False,False,False,False,NA,NA,NA,NA,NA,0.001468301951977889,0.19612068965517243,0.030855539971949508,0.05196451204055766,0.09671410821265652,0.5468949761342701,0,1,0,1,1,1,0,1,0,1,NA,NA,0,1,0,True,False
1,0,1,0,0,0,0,0,0,0,1,0,1,0,1,0,1,0,1,0,1,0,1,0,1,0,1,0,0,0,0,0,1,0,1,0,0,0,0,0,1,0,1,0,0,0,1,0,1,0,1,0,1,0,1,0,0,0,1,0,1,0,0,0,1,0,0,0,0,0,0,0,1,0,0,0,1,0,0,0,1,0,1,DO35118,0,0,0.807017543859649,0.5833333333333333,deceased,NA,0.807017543859649,0.060853345768244346,NA,True,False,False,False,False,False,False,False,False,True,False,False,False,False,True,0.035843841768871995,0.19612068965517243,0.030855539971949508,0.05196451204055766,0.199727614292149,0.5468949761342701,0,0,0,1,1,1,0,1,0,1,NA,NA,0,1,0,True,False
1,0,0,0,0,0,0,0,1,0,1,0,1,0,1,0,1,0,1,0,1,0,1,0,1,0,1,0,1,0,1,0,1,0,0,0,0,0,1,0,1,0,0,0,0,0,1,0,1,0,1,0,1,0,1,0,0,0,1,0,1,0,0,0,1,0,0,0,0,0,0,0,1,0,0,0,1,0,0,0,0,0,0,DO35116,1,1,0.7543859649122806,0.5833333333333333,alive,complete remission,0.7543859649122806,0.07029610631848915,1646.0,True,False,False,True,False,False,False,False,False,False,False,False,False,False,True,0.04448091207462428,0.19612068965517243,0.0546984572230014,0.05196451204055766,0.6497459798262565,0.5468949761342701,0,1,0,1,0,1,0,1,0,1,NA,NA,1,1,0,True,False
1,0,0,0,0,0,0,0,1,0,0,0,1,0,1,0,1,0,1,0,0,0,1,0,1,0,1,0,0,0,0,0,1,0,0,0,0,0,0,0,1,0,0,0,1,0,1,0,1,0,1,0,1,0,1,0,0,0,1,0,1,0,1,0,1,0,0,0,0,0,0,0,1,0,0,0,0,0,0,0,1,0,1,DO35114,0,0,0.5614035087719298,0.5833333333333333,deceased,NA,0.5614035087719298,0.4052226626253206,NA,True,False,False,False,False,False,False,False,False,True,False,False,False,False,True,0.02522024529279668,0.19612068965517243,0.030855539971949508,0.05196451204055766,0.1715591092009577,0.5468949761342701,0,0,0,1,1,1,0,1,0,1,NA,NA,0,1,0,True,False
0,0,0,0,0,0,0,0,0,0,0,0,0,0,0,0,0,0,0,0,0,0,0,0,0,0,0,0,0,0,0,0,0,0,0,0,0,0,0,0,1,0,0,0,0,0,0,0,0,0,1,0,0,0,1,0,0,0,0,0,0,0,0,0,0,0,0,0,0,0,1,0,0,0,0,0,0,0,1,0,1,0,1,DO35110,0,0,0.9649122807017543,0.5833333333333333,NA,NA,0.9649122807017543,0.07029610631848915,NA,True,False,False,False,False,False,False,False,False,True,NA,NA,NA,NA,NA,0.013992053895318707,0.19612068965517243,0.030855539971949508,0.05196451204055766,0.38799659474089787,0.5468949761342701,0,1,0,1,1,1,0,1,0,1,NA,NA,0,1,0,True,False
1,0,0,0,0,0,0,0,0,0,1,0,1,0,1,0,1,0,1,0,1,0,1,0,1,0,1,0,1,0,0,0,1,0,0,0,0,0,0,0,1,0,1,0,0,0,1,0,1,0,1,0,1,0,1,0,0,0,1,0,0,0,0,0,1,0,0,0,0,0,0,0,1,0,0,0,0,0,1,0,1,0,1,DO35128,0,0,0.8771929824561402,0.5833333333333333,deceased,progression,0.8771929824561402,0.034973187223128935,350.0,True,False,False,False,False,False,True,False,False,False,False,False,False,True,False,0.04404905855933667,0.19612068965517243,0.09537166900420757,0.05196451204055766,0.6619571283818989,0.5468949761342701,0,0,0,1,0,1,0,1,0,1,0.0,NA,0,1,0,True,False
1,0,0,0,0,0,0,0,0,0,1,0,1,0,1,0,1,0,1,0,1,0,1,0,1,0,1,0,0,0,1,0,1,0,0,0,0,0,1,0,1,0,0,0,0,0,1,0,1,0,1,0,1,0,1,0,0,0,1,0,1,0,0,0,1,0,0,0,0,0,0,0,1,0,0,0,1,0,0,0,0,0,0,DO35126,1,1,0.3859649122807016,0.5833333333333333,deceased,complete remission,0.3859649122807016,0.07029610631848915,190.0,True,False,False,True,False,False,False,False,False,False,False,False,False,False,True,0.04465365348073933,0.19612068965517243,0.030855539971949508,0.05196451204055766,0.5011627559661207,0.5468949761342701,0,1,0,1,0,1,0,1,0,1,NA,NA,1,1,0,True,False
1,0,0,0,0,0,0,0,0,0,0,0,0,0,0,0,0,0,0,0,0,0,0,0,0,0,0,0,0,0,0,0,0,0,0,0,0,0,0,0,1,0,0,0,0,0,0,0,0,0,0,0,0,0,0,0,0,0,0,0,0,0,0,0,0,0,0,0,0,0,0,0,0,0,0,0,0,0,0,0,0,0,0,DO35122,1,1,0.3508771929824561,0.5833333333333333,alive,complete remission,0.3508771929824561,0.07029610631848915,2356.0,True,False,False,True,False,False,False,False,False,False,True,False,False,False,False,0.0203834859215754,0.19612068965517243,0.030855539971949508,0.05196451204055766,0.8623098457912459,0.5468949761342701,0,1,0,1,1,1,0,1,0,1,NA,NA,1,1,0,True,False
0,0,1,0,0,0,0,0,0,0,0,0,0,0,0,0,0,0,0,0,0,0,0,0,0,0,0,0,0,0,0,0,0,0,0,0,0,0,0,0,1,0,0,0,0,0,0,0,0,0,1,0,0,0,0,0,0,0,0,0,0,0,0,0,1,0,0,0,0,0,0,0,0,0,0,0,0,0,0,0,1,0,1,DO35120,0,0,0.8245614035087718,0.5833333333333333,alive,relapse,0.8245614035087718,0.11074842620657495,641.0,False,True,False,False,False,False,False,True,False,False,NA,NA,NA,NA,NA,0.020642598030747968,0.19612068965517243,0.030855539971949508,0.05196451204055766,0.632971316721811,0.5468949761342701,0,0,0,1,1,1,0,1,0,1,NA,NA,0,1,0,True,False
0,0,0,0,0,0,0,0,0,0,0,0,0,0,0,0,0,0,0,0,0,0,0,0,0,0,0,0,0,0,0,0,0,0,0,0,0,0,0,0,1,0,0,0,0,0,0,0,0,0,0,0,0,0,0,0,0,0,0,0,0,0,0,0,0,0,0,0,0,0,0,0,0,0,0,0,0,0,0,0,1,0,1,DO35106,0,0,0.5789473684210527,0.5833333333333333,NA,complete remission,0.5789473684210527,0.07029610631848915,14.0,False,True,False,True,False,False,False,False,False,False,NA,NA,NA,NA,NA,0.01822421834513733,0.19612068965517243,0.030855539971949508,0.05196451204055766,0.5555341549511866,0.5468949761342701,0,1,0,1,1,1,0,1,0,1,NA,NA,0,1,0,True,False
0,0,0,0,1,0,0,0,0,0,0,0,0,0,0,0,0,0,0,0,0,0,0,0,0,0,0,0,0,0,0,0,0,0,0,0,0,0,0,0,1,0,0,0,0,0,0,0,0,0,0,0,0,0,0,0,0,0,0,0,0,0,0,0,0,0,0,0,0,0,0,0,0,0,0,0,0,0,1,0,1,0,1,DO35102,0,0,0.1929824561403508,0.5833333333333333,deceased,relapse,0.1929824561403508,0.07029610631848915,272.0,False,True,False,False,False,False,False,True,False,False,NA,NA,NA,NA,NA,0.0044049058559336675,0.19612068965517243,0.030855539971949508,0.05196451204055766,0.06518522577437247,0.5468949761342701,0,1,0,1,1,1,0,1,0,1,NA,NA,0,1,0,True,False
0,0,0,0,0,0,0,0,0,0,0,0,0,0,0,0,0,0,0,0,0,0,0,0,1,0,1,0,0,0,1,0,0,0,0,0,0,0,0,0,1,0,0,0,1,0,0,0,0,0,0,0,0,0,0,0,0,0,0,0,0,0,0,0,0,0,0,0,0,0,0,0,0,0,0,0,0,0,1,0,1,0,1,DO35100,0,0,0.7894736842105261,0.5833333333333333,deceased,NA,0.7894736842105261,0.07029610631848915,NA,False,True,False,False,False,False,False,False,False,True,NA,NA,NA,NA,NA,0.0479357401969252,0.19612068965517243,0.030855539971949508,0.05196451204055766,0.4946618346491102,0.5468949761342701,0,1,0,1,1,1,0,1,0,1,NA,NA,0,1,0,True,False
1,0,0,0,1,0,0,0,1,0,1,0,1,0,0,0,1,0,1,0,1,0,1,0,1,0,1,0,0,0,1,0,1,0,0,0,1,0,0,0,1,0,0,0,0,0,1,0,1,0,1,0,1,0,1,0,0,0,1,0,1,0,0,0,1,0,0,0,0,0,0,0,0,0,1,0,1,0,0,0,0,0,0,DO35198,1,1,0.6491228070175437,0.5833333333333333,deceased,complete remission,0.6491228070175437,0.07029610631848915,427.0,True,False,False,True,False,False,False,False,False,False,True,False,False,False,False,0.06512351010537226,0.19612068965517243,0.03225806451612903,0.05196451204055766,0.6282277296453976,0.5468949761342701,0,1,0,1,0,1,0,1,0,1,NA,NA,1,1,0,True,False
0,0,0,0,0,0,0,0,0,0,0,0,0,0,0,0,0,0,0,0,0,0,0,0,0,0,0,0,0,0,0,0,0,0,1,0,0,0,0,0,1,0,0,0,0,0,0,0,0,0,0,0,0,0,0,0,0,0,0,0,0,0,0,0,0,0,0,0,0,0,0,0,0,0,0,0,0,0,1,0,1,0,1,DO35196,0,0,0.6666666666666665,0.5833333333333333,deceased,NA,0.6666666666666665,0.07029610631848915,NA,False,True,False,False,False,False,False,False,False,True,NA,NA,NA,NA,NA,0.018656071860424943,0.19612068965517243,0.030855539971949508,0.05196451204055766,0.7096520303583154,0.5468949761342701,0,1,0,1,1,1,0,1,0,1,NA,NA,0,1,0,True,False
0,0,0,0,0,0,0,0,0,0,0,0,0,0,0,0,0,0,0,0,0,0,0,0,0,0,0,0,0,0,0,0,0,0,0,0,0,0,0,0,1,0,0,0,0,0,0,0,0,0,0,0,0,0,0,0,0,0,0,0,0,0,0,0,0,0,0,0,0,0,0,0,0,0,0,0,0,0,0,0,1,0,1,DO35178,0,0,0.45614035087719285,0.5833333333333333,deceased,NA,0.45614035087719285,0.07029610631848915,NA,False,True,False,False,False,False,False,False,False,True,NA,NA,NA,NA,NA,0.012351010537225773,0.19612068965517243,0.030855539971949508,0.05196451204055766,0.5483915916928991,0.5468949761342701,0,1,0,1,1,1,0,1,0,1,NA,NA,0,1,0,True,False
0,0,0,0,0,0,0,0,0,0,0,0,0,0,0,0,0,0,0,0,0,0,0,0,0,0,0,0,0,0,0,0,0,0,1,0,0,0,0,0,1,0,0,0,0,0,0,0,0,0,0,0,0,0,0,0,0,0,0,0,0,0,0,0,0,0,0,0,0,0,0,0,0,0,0,0,0,0,1,0,1,0,1,DO35176,0,0,0.6842105263157894,0.5833333333333333,alive,complete remission,0.6842105263157894,0.07029610631848915,182.0,False,True,False,True,False,False,False,False,False,False,NA,NA,NA,NA,NA,0.0044049058559336675,0.19612068965517243,0.030855539971949508,0.05196451204055766,0.0,0.5468949761342701,0,1,0,1,1,1,0,1,0,1,NA,NA,0,1,0,True,False
0,0,0,0,0,0,0,0,0,0,0,0,0,0,0,0,0,0,0,0,0,0,0,0,0,0,0,0,0,0,0,0,0,0,0,0,0,0,0,0,1,0,0,0,0,0,0,0,0,0,0,0,0,0,0,0,0,0,0,0,0,0,0,0,0,0,0,0,0,0,0,0,0,0,0,0,0,0,1,0,1,0,1,DO35174,0,0,0.894736842105263,0.5833333333333333,NA,complete remission,0.894736842105263,0.07029610631848915,720.0,False,True,False,True,False,False,False,False,False,False,NA,NA,NA,NA,NA,0.002072896873380549,0.19612068965517243,0.030855539971949508,0.05196451204055766,0.04898120845043272,0.5468949761342701,0,1,0,1,1,1,0,1,0,1,NA,NA,0,1,0,True,False
0,0,0,0,0,0,0,0,0,0,0,0,0,0,0,0,0,0,0,0,0,0,0,0,0,0,0,0,0,0,0,0,0,0,0,0,0,0,0,0,1,0,0,0,0,0,0,0,1,0,0,0,0,0,0,0,0,0,0,0,0,0,0,0,0,0,0,0,0,0,0,0,0,0,0,0,0,0,1,0,1,0,1,DO35192,0,0,0.01754385964912275,0.5833333333333333,deceased,relapse,0.01754385964912275,0.0382373513639543,388.0,False,True,False,False,False,False,False,True,False,False,NA,NA,NA,NA,NA,0.02418379685610641,0.19612068965517243,0.030855539971949508,0.05196451204055766,0.4606723899143925,0.5468949761342701,0,0,0,1,1,1,0,1,0,1,NA,NA,0,1,0,True,False
0,0,0,0,0,0,0,0,0,0,0,0,0,0,0,0,0,0,0,0,0,0,0,0,0,0,0,0,0,0,0,0,0,0,0,0,0,0,0,0,1,0,0,0,0,0,0,0,0,0,0,0,0,0,0,0,0,0,0,0,0,0,0,0,0,0,0,0,0,0,0,0,0,0,0,0,0,0,0,0,1,0,1,DO35188,0,0,0.4385964912280702,0.5833333333333333,alive,complete remission,0.4385964912280702,0.07029610631848915,111.0,True,False,False,True,False,False,False,False,False,False,NA,NA,NA,NA,NA,0.0009500777336327517,0.19612068965517243,0.030855539971949508,0.05196451204055766,0.07048737295842991,0.5468949761342701,0,1,0,1,1,1,0,1,0,1,NA,NA,0,1,0,True,False
1,0,0,0,0,0,1,0,1,0,1,0,1,0,1,0,1,0,1,0,1,0,1,0,1,0,1,0,1,0,0,0,1,0,0,0,0,0,0,0,1,0,0,0,0,0,1,0,1,0,1,0,1,0,1,0,0,0,1,0,1,0,1,0,1,0,0,0,0,0,0,0,1,0,0,0,1,0,1,0,1,0,1,DO35186,0,0,0.7543859649122806,0.5833333333333333,deceased,relapse,0.7543859649122806,0.07029610631848915,NA,True,False,False,False,False,False,False,True,False,False,False,False,False,True,False,0.043444463637934014,0.19612068965517243,0.030855539971949508,0.05196451204055766,0.14231760148937764,0.5468949761342701,0,1,0,1,1,1,0,1,0,1,NA,NA,0,1,0,True,False
1,0,0,0,0,0,1,0,1,0,1,0,1,0,1,0,1,0,1,0,1,0,1,0,1,0,1,0,0,0,1,0,1,0,0,0,0,0,0,0,1,0,1,0,1,0,1,0,1,0,1,0,1,0,1,0,1,0,1,0,1,0,1,0,1,0,0,0,0,0,1,0,1,0,0,0,1,0,0,0,0,0,0,DO35184,1,1,0.7368421052631577,0.5833333333333333,deceased,complete remission,0.7368421052631577,0.07029610631848915,102.0,False,True,False,True,False,False,False,False,False,False,False,False,False,False,True,0.026774917947832093,0.19612068965517243,0.10238429172510519,0.05196451204055766,0.40376724572381895,0.5468949761342701,0,1,0,1,0,1,0,1,0,1,NA,NA,1,1,0,True,False
0,0,0,0,0,0,0,0,0,0,0,0,0,0,0,0,0,0,0,0,0,0,0,0,0,0,0,0,0,0,1,0,0,0,0,0,0,0,0,0,1,0,0,0,0,0,0,0,0,0,0,0,0,0,0,0,0,0,0,0,0,0,0,0,0,0,0,0,0,0,0,0,0,0,0,0,0,0,0,0,1,0,1,DO35158,0,0,0.7543859649122806,0.5833333333333333,deceased,relapse,0.7543859649122806,0.07029610631848915,695.0,True,False,False,False,False,False,False,True,False,False,NA,NA,NA,NA,NA,0.013041976161685957,0.19612068965517243,0.030855539971949508,0.05196451204055766,0.6512869792268804,0.5468949761342701,0,1,0,1,1,1,0,1,0,1,NA,NA,0,1,0,True,False
0,0,0,0,0,0,0,0,0,0,0,0,0,0,0,0,0,0,0,0,0,0,0,0,0,0,0,0,0,0,0,0,0,0,0,0,0,0,0,0,1,0,0,0,0,0,0,0,0,0,0,0,0,0,0,0,0,0,0,0,0,0,0,0,0,0,0,0,1,0,0,0,0,0,0,0,0,0,0,0,1,0,1,DO35156,0,0,0.7543859649122806,0.5833333333333333,deceased,relapse,0.7543859649122806,0.08160410352063417,383.0,False,True,False,False,False,False,False,True,False,False,NA,NA,NA,NA,NA,0.010537225773017793,0.19612068965517243,0.030855539971949508,0.05196451204055766,0.8385532580773627,0.5468949761342701,0,0,0,1,1,1,0,1,0,1,NA,NA,0,1,0,True,False
0,0,0,0,0,0,0,0,0,0,0,0,0,0,0,0,0,0,0,0,1,0,0,0,0,0,0,0,0,0,0,0,0,0,0,0,0,0,0,0,1,0,0,0,0,0,0,0,0,0,0,0,0,0,0,0,0,0,0,0,0,0,0,0,0,0,0,0,0,0,0,0,0,0,0,0,0,0,0,0,1,0,1,DO35154,0,0,0.6842105263157894,0.5833333333333333,alive,complete remission,0.6842105263157894,0.19072044765679644,818.0,True,False,False,True,False,False,False,False,False,False,NA,NA,NA,NA,NA,0.010019001554672655,0.19612068965517243,0.030855539971949508,0.05196451204055766,0.11485661562834248,0.5468949761342701,0,0,0,1,1,1,0,1,0,1,NA,NA,0,1,0,True,False
1,0,0,0,0,0,1,0,0,0,1,0,0,0,1,0,1,0,1,0,1,0,1,0,1,0,1,0,0,0,0,0,1,0,0,0,0,0,1,0,1,0,0,0,0,0,1,0,1,0,1,0,1,0,1,0,0,0,1,0,1,0,0,0,1,0,0,0,0,0,0,0,1,0,0,0,1,0,1,0,1,0,1,DO35152,0,0,0.3859649122807016,0.5833333333333333,deceased,progression,0.3859649122807016,0.04056889717882956,314.0,False,True,False,False,False,False,True,False,False,False,False,True,False,False,False,0.051563309725341164,0.19612068965517243,0.11781206171107994,0.05196451204055766,0.5753733933631521,0.5468949761342701,0,0,0,1,0,1,0,1,0,1,0.0,NA,0,1,0,True,False
0,0,0,0,0,0,0,0,0,0,0,0,0,0,0,0,0,0,0,0,0,0,0,0,0,0,0,0,0,0,0,0,0,0,0,0,0,0,0,0,1,0,0,0,0,0,0,0,0,0,0,0,0,0,0,0,0,0,0,0,0,0,0,0,0,0,0,0,0,0,0,0,0,0,0,0,0,0,1,0,1,0,1,DO35172,0,0,0.5614035087719298,0.5833333333333333,NA,relapse,0.5614035087719298,0.0069946374446257864,411.0,False,False,True,False,False,False,False,True,False,False,NA,NA,NA,NA,NA,0.02029711521851788,0.19612068965517243,0.030855539971949508,0.05196451204055766,0.2844197908207643,0.5468949761342701,0,0,0,1,1,1,0,1,0,1,NA,NA,0,1,0,True,False
0,0,0,0,0,0,0,0,0,0,0,0,0,0,0,0,0,0,0,0,0,0,0,0,0,0,0,0,0,0,0,0,0,0,0,0,0,0,0,0,1,0,0,0,0,0,0,0,0,0,0,0,0,0,0,0,0,0,0,0,0,0,0,0,0,0,0,0,1,0,1,0,0,0,0,0,0,0,1,0,1,0,1,DO35166,0,0,0.5789473684210527,0.5833333333333333,alive,partial remission,0.5789473684210527,0.018885521100489622,181.0,False,True,False,False,False,True,False,False,False,False,NA,NA,NA,NA,NA,0.011573674209708068,0.19612068965517243,0.030855539971949508,0.05196451204055766,0.8919351222687437,0.5468949761342701,0,0,0,1,1,1,0,1,0,1,NA,NA,0,1,0,True,False
0,0,0,0,0,0,0,0,0,0,0,0,0,0,0,0,0,0,0,0,0,0,0,0,0,0,0,0,0,0,0,0,0,0,0,0,0,0,0,0,1,0,0,0,0,0,0,0,0,0,0,0,0,0,0,0,0,0,0,0,0,0,0,0,0,0,0,0,0,0,0,0,0,0,0,0,0,0,0,0,1,0,1,DO35162,0,0,0.7368421052631577,0.5833333333333333,deceased,NA,0.7368421052631577,0.07029610631848915,NA,True,False,False,False,False,False,False,False,False,True,NA,NA,NA,NA,NA,0.0061323199170841254,0.19612068965517243,0.030855539971949508,0.05196451204055766,0.45350278515357,0.5468949761342701,0,1,0,1,1,1,0,1,0,1,NA,NA,0,1,0,True,False
0,0,0,0,0,0,0,0,1,0,1,0,1,0,1,0,1,0,1,0,0,0,1,0,1,0,1,0,0,0,0,0,1,0,0,0,0,0,0,0,0,0,0,0,0,0,1,0,1,0,1,0,1,0,1,0,0,0,1,0,1,0,1,0,1,0,0,0,0,0,0,0,1,0,0,0,1,0,0,0,1,0,1,DO35138,0,0,0.631578947368421,0.5833333333333333,deceased,relapse,0.631578947368421,0.056190254138493816,247.0,True,False,False,False,False,False,False,True,False,False,True,False,False,False,False,0.008550699602694766,0.19612068965517243,0.019635343618513323,0.05196451204055766,0.23203065660760944,0.5468949761342701,0,0,0,1,0,1,0,1,0,1,NA,NA,0,1,0,True,False
1,0,0,0,0,0,0,0,0,0,1,0,0,0,1,0,1,0,1,0,1,0,1,0,1,0,1,0,1,0,0,0,1,0,0,0,0,0,1,0,1,0,0,0,0,0,1,0,1,0,1,0,1,0,1,0,0,0,1,0,1,0,0,0,1,0,0,0,0,0,0,0,0,0,0,0,0,0,0,0,0,0,0,DO35136,1,1,0.49122807017543857,0.5833333333333333,alive,complete remission,0.49122807017543857,0.07029610631848915,1347.0,True,False,False,True,False,False,False,False,False,False,True,False,False,False,False,0.029538780445672826,0.19612068965517243,0.10659186535764376,0.05196451204055766,0.6988053278261656,0.5468949761342701,0,1,0,1,0,1,0,1,0,1,NA,NA,1,1,0,True,False
0,0,0,0,0,0,0,0,0,0,0,0,0,0,0,0,0,0,0,0,0,0,0,0,0,0,0,0,0,0,0,0,0,0,0,0,0,0,0,0,1,0,0,0,0,0,0,0,0,0,1,0,0,0,0,0,0,0,0,0,0,0,0,0,0,0,0,0,0,0,0,0,0,0,0,0,0,0,0,0,1,0,1,DO35134,0,0,0.22807017543859642,0.5833333333333333,alive,complete remission,0.22807017543859642,0.07029610631848915,28.0,False,True,False,True,False,False,False,False,False,False,NA,NA,NA,NA,NA,0.009328035930212471,0.19612068965517243,0.030855539971949508,0.05196451204055766,0.5733075098911891,0.5468949761342701,0,1,0,1,1,1,0,1,0,1,NA,NA,0,1,0,True,False
1,0,0,0,0,0,0,0,1,0,0,0,1,0,1,0,1,0,1,0,1,0,1,0,0,0,1,0,0,0,1,0,1,0,0,0,0,0,0,0,1,0,0,0,0,0,1,0,1,0,1,0,1,0,1,0,0,0,1,0,1,0,0,0,1,0,0,0,0,0,0,0,1,0,0,0,1,0,1,0,1,0,1,DO35132,0,0,0.631578947368421,0.5833333333333333,deceased,NA,0.631578947368421,0.07029610631848915,40.0,False,True,False,False,False,False,False,False,False,True,False,False,False,False,True,0.009241665227154949,0.19612068965517243,0.030855539971949508,0.05196451204055766,0.1320269702583371,0.5468949761342701,0,1,0,1,1,1,0,1,0,1,NA,NA,0,1,0,True,False
0,0,0,0,0,0,0,0,0,0,0,0,0,0,0,0,0,0,0,0,0,0,0,0,0,0,0,0,0,0,0,0,0,0,0,0,0,0,0,0,1,0,0,0,0,0,0,0,0,0,0,0,0,0,0,0,0,0,0,0,0,0,0,0,0,0,0,0,0,0,0,0,0,0,0,0,0,0,0,0,1,0,1,DO35150,0,0,0.26315789473684204,0.5833333333333333,alive,relapse,0.26315789473684204,0.07134530193518303,1304.0,False,True,False,False,False,False,False,True,False,False,NA,NA,NA,NA,NA,0.005873207807911556,0.19612068965517243,0.030855539971949508,0.05196451204055766,0.16841768487496603,0.5468949761342701,0,0,0,1,1,1,0,1,0,1,NA,NA,0,1,0,True,False
0,0,0,0,0,0,1,0,0,0,1,0,1,0,1,0,1,0,1,0,1,0,1,0,1,0,0,0,0,0,0,0,1,0,0,0,0,0,0,0,1,0,0,0,0,0,1,0,1,0,0,0,1,0,1,0,0,0,1,0,1,0,0,0,1,0,0,0,0,0,0,0,0,0,1,0,1,0,1,0,1,0,1,DO35148,0,0,0.7719298245614035,0.5833333333333333,deceased,relapse,0.7719298245614035,0.17813010025647003,944.0,True,False,False,False,False,False,False,True,False,False,False,False,False,True,False,0.01770599412679219,0.19612068965517243,0.021037868162692847,0.05196451204055766,0.27980632204833067,0.5468949761342701,0,0,0,1,0,1,0,1,0,1,NA,NA,0,1,0,True,False
0,0,0,0,0,0,0,0,0,0,0,0,0,0,0,0,0,0,1,0,0,0,0,0,0,0,0,0,0,0,0,0,0,0,0,0,0,0,0,0,1,0,0,0,0,0,0,0,0,0,0,0,0,0,0,0,0,0,0,0,0,0,0,0,0,0,0,0,0,0,0,0,0,0,0,0,0,0,1,0,1,0,1,DO35146,0,0,0.49122807017543857,0.5833333333333333,NA,relapse,0.49122807017543857,0.034740032641641404,149.0,False,False,True,False,False,False,False,True,False,False,NA,NA,NA,NA,NA,0.007859733978234583,0.19612068965517243,0.030855539971949508,0.05196451204055766,0.07294308696191276,0.5468949761342701,0,0,0,1,1,1,0,1,0,1,NA,NA,0,1,0,True,False
1,0,1,0,0,0,0,0,1,0,1,0,1,0,1,0,1,0,1,0,1,0,1,0,1,0,1,0,0,0,1,0,1,0,1,0,0,0,0,0,1,0,0,0,0,0,0,0,1,0,1,0,1,0,1,0,0,0,1,0,1,0,0,0,1,0,0,0,0,0,0,0,1,0,0,0,1,0,1,0,1,0,1,DO35144,0,0,0.631578947368421,0.5833333333333333,deceased,relapse,0.631578947368421,0.034740032641641404,311.0,False,True,False,False,False,False,False,True,False,False,False,True,False,False,False,0.05380894800483676,0.19612068965517243,0.06311360448807854,0.05196451204055766,0.4990499309831927,0.5468949761342701,0,0,0,1,0,1,0,1,0,1,NA,NA,0,1,0,True,False
1,0,0,0,0,0,1,0,1,0,1,0,1,0,1,0,1,0,1,0,1,0,1,0,1,0,1,0,1,0,0,0,1,0,0,0,0,0,0,0,1,0,1,0,0,0,1,0,1,0,1,0,1,0,1,0,0,0,1,0,1,0,0,0,1,0,0,0,0,0,0,0,1,0,0,0,0,0,1,0,1,0,1,DO35140,0,0,0.36842105263157887,0.5833333333333333,deceased,progression,0.36842105263157887,0.08696665889484728,1253.0,True,False,False,False,False,False,True,False,False,False,True,False,False,False,False,0.036016583174987044,0.19612068965517243,0.08835904628330996,0.05196451204055766,0.3920058812566335,0.5468949761342701,0,0,0,1,0,1,0,1,0,1,0.0,NA,0,1,0,True,False
1,0,0,0,0,0,0,0,0,0,1,0,1,0,1,0,1,0,1,0,0,0,1,0,1,0,1,0,1,0,1,0,1,0,0,0,0,0,1,0,1,0,0,0,0,0,1,0,1,0,1,0,1,0,1,0,0,0,1,0,0,0,0,0,1,0,0,0,0,0,0,0,0,0,0,0,1,0,0,0,1,0,1,DO35098,0,0,0.5263157894736841,0.5833333333333333,deceased,progression,0.5263157894736841,0.17230123571928188,1485.0,False,True,False,False,False,False,True,False,False,False,True,False,False,False,False,0.021160822249093107,0.19612068965517243,0.019635343618513323,0.05196451204055766,0.5559464182400993,0.5468949761342701,0,0,0,1,0,1,0,1,0,1,0.0,NA,0,1,0,True,False
1,0,0,0,0,0,0,0,0,0,1,0,1,0,1,0,1,0,1,0,1,0,1,0,1,0,1,0,0,0,0,0,1,0,0,0,0,0,0,0,1,0,0,0,0,0,0,0,1,0,1,0,0,0,1,0,0,0,1,0,1,0,0,0,1,0,0,0,0,0,0,0,1,0,0,0,0,0,1,0,0,0,0,DO230464,1,1,0.5964912280701753,0.5833333333333333,deceased,NA,0.5964912280701753,0.07029610631848915,NA,True,False,False,False,False,False,False,False,False,True,False,False,False,False,True,0.00777336327517706,0.19612068965517243,0.037868162692847124,0.05196451204055766,0.9407783411257291,0.5468949761342701,1,1,0,1,0,1,0,1,1,1,NA,NA,1,1,0,True,False
0,1,0,0,0,0,1,1,1,1,1,1,1,1,1,1,1,1,1,1,1,1,1,1,1,1,1,1,1,1,1,1,1,1,0,0,0,0,0,1,1,1,0,0,0,1,1,1,1,1,1,1,1,1,1,1,0,0,1,1,1,1,0,0,1,1,0,0,1,0,0,0,1,1,0,0,1,1,1,1,1,2,3,DO230463,0,0,0.5964912280701753,0.5833333333333333,deceased,NA,0.5964912280701753,0.07029610631848915,NA,False,True,False,False,False,False,False,False,False,True,NA,NA,NA,NA,NA,0.00777336327517706,1.0,0.004207573632538569,1.0,0.2214391671853431,0.9625880957328043,1,1,0,0,0,0,0,0,1,1,NA,NA,0,0,1,True,True
1,0,0,0,0,0,0,0,1,0,1,0,1,0,1,0,1,0,1,0,1,0,1,0,1,0,1,0,0,0,0,0,1,0,0,0,0,0,0,0,1,0,0,0,0,0,1,0,1,0,1,0,1,0,1,0,0,0,1,0,1,0,0,0,1,0,0,0,0,0,0,0,1,0,0,0,0,0,1,0,0,0,0,DO51546,1,1,0.7017543859649122,0.5833333333333333,deceased,complete remission,0.7017543859649122,0.07029610631848915,220.0,True,False,False,True,False,False,False,False,False,False,False,False,False,False,True,0.027984107790637414,0.19612068965517243,0.0070126227208976155,0.05196451204055766,0.19358789179276112,0.5468949761342701,0,1,0,1,0,1,0,1,0,1,NA,NA,1,1,0,True,False
1,0,0,0,0,0,1,0,1,0,1,0,1,0,1,0,1,0,1,0,1,0,1,0,1,0,1,0,0,0,1,0,1,0,0,0,0,0,0,0,1,0,0,0,1,0,1,0,1,0,1,0,1,0,1,0,0,0,1,0,1,0,1,0,1,0,0,0,0,0,0,0,1,0,0,0,1,0,0,0,0,0,0,DO51548,1,1,0.3859649122807016,0.5833333333333333,alive,complete remission,0.3859649122807016,0.07029610631848915,2177.0,True,False,False,True,False,False,False,False,False,False,True,False,False,False,False,0.037657626533079976,0.19612068965517243,0.019635343618513323,0.05196451204055766,0.5186929282616431,0.5468949761342701,0,1,0,1,0,1,0,1,0,1,NA,NA,1,1,0,True,False
1,0,1,0,0,0,0,0,1,0,1,0,1,0,1,0,1,0,1,0,1,0,1,0,1,0,1,0,1,0,1,0,1,0,0,0,0,0,0,0,1,0,0,0,0,0,1,0,1,0,1,0,1,0,1,0,0,0,1,0,1,0,1,0,1,0,0,0,0,0,0,0,1,0,0,0,1,0,0,0,0,0,0,DO51549,1,1,0.7543859649122806,0.5833333333333333,alive,complete remission,0.7543859649122806,0.07029610631848915,229.0,True,False,False,True,False,False,False,False,False,False,True,False,False,False,False,0.03290723786491622,0.19612068965517243,0.004207573632538569,0.05196451204055766,0.24921151826265384,0.5468949761342701,0,1,0,1,0,1,0,1,0,1,NA,NA,1,1,0,True,False
1,0,1,0,0,0,1,0,0,0,1,0,1,0,1,0,1,0,1,0,1,0,1,0,0,0,1,0,0,0,0,0,1,0,0,0,0,0,0,0,1,0,0,0,0,0,1,0,1,0,1,0,1,0,1,0,0,0,1,0,1,0,0,0,1,0,0,0,0,0,0,0,0,0,0,0,1,0,1,0,1,0,1,DO51540,0,0,0.631578947368421,0.5833333333333333,deceased,relapse,0.631578947368421,0.0328747959897412,146.0,True,False,False,False,False,False,False,True,False,False,True,False,False,False,False,0.022715494904128518,0.19612068965517243,0.043478260869565216,0.05196451204055766,0.7216181023897696,0.5468949761342701,0,0,0,1,0,1,0,1,0,1,NA,NA,0,1,0,True,False
1,0,0,0,0,0,1,0,1,0,1,0,1,0,1,0,1,0,1,0,1,0,1,0,1,0,1,0,0,0,1,0,1,0,0,0,0,0,1,0,1,0,1,0,0,0,1,0,1,0,1,0,1,0,1,0,0,0,1,0,1,0,1,0,1,0,0,0,0,0,0,0,1,0,1,0,1,0,1,0,1,0,1,DO51541,0,0,0.8421052631578947,0.5833333333333333,deceased,relapse,0.8421052631578947,0.05362555374213103,326.0,False,True,False,False,False,False,False,True,False,False,True,False,False,False,False,0.03575747106581447,0.19612068965517243,0.16690042075736325,0.05196451204055766,0.4724761387954075,0.5468949761342701,0,0,0,1,0,1,0,1,0,1,NA,NA,0,1,0,True,False
1,0,1,0,0,0,1,0,1,0,1,0,1,0,1,0,1,0,1,0,1,0,1,0,1,0,1,0,1,0,1,0,1,0,1,0,0,0,1,0,1,0,0,0,0,0,1,0,1,0,1,0,1,0,1,0,0,0,1,0,1,0,0,0,1,0,0,0,0,0,0,0,0,0,0,0,0,0,1,0,1,0,1,DO51542,0,0,0.36842105263157887,0.5833333333333333,deceased,progression,0.36842105263157887,0.030310095593378408,318.0,True,False,False,False,False,False,True,False,False,False,False,True,False,False,False,0.026947659353947138,0.19612068965517243,0.08274894810659186,0.05196451204055766,0.5481217157200258,0.5468949761342701,0,0,0,1,0,1,0,1,0,1,0.0,NA,0,1,0,True,False
1,0,0,0,0,0,0,0,1,0,1,0,0,0,1,0,1,0,1,0,1,0,1,0,1,0,1,0,0,0,1,0,1,0,0,0,1,0,0,0,1,0,0,0,0,0,1,0,1,0,1,0,1,0,1,0,0,0,1,0,1,0,0,0,1,0,1,0,1,0,0,0,1,0,0,0,0,0,1,0,0,0,0,DO51543,1,1,0.7543859649122806,0.5833333333333333,deceased,complete remission,0.7543859649122806,0.07029610631848915,1311.0,True,False,False,True,False,False,False,False,False,False,True,False,False,False,False,0.03670754879944722,0.19612068965517243,0.008415147265077139,0.05196451204055766,0.6018082426875178,0.5468949761342701,0,1,0,1,0,1,0,1,0,1,NA,NA,1,1,0,True,False
1,0,1,0,0,0,0,0,1,0,1,0,1,0,0,0,1,0,1,0,1,0,1,0,1,0,1,0,0,0,0,0,1,0,0,0,0,0,1,0,1,0,0,0,0,0,1,0,1,0,1,0,1,0,1,0,0,0,1,0,1,0,0,0,1,0,0,0,1,0,0,0,1,0,0,0,0,0,1,0,1,0,1,DO51544,0,0,0.631578947368421,0.5833333333333333,deceased,NA,0.631578947368421,0.05152716250874329,233.0,False,True,False,False,False,False,False,False,False,True,True,False,False,False,False,0.012782864052513387,0.19612068965517243,0.07012622720897616,0.05196451204055766,0.5650025803237254,0.5468949761342701,0,0,0,1,0,1,0,1,0,1,NA,NA,0,1,0,True,False
1,0,1,0,0,0,1,0,0,0,1,0,1,0,1,0,1,0,1,0,1,0,1,0,1,0,1,0,0,0,0,0,1,0,0,0,0,0,0,0,1,0,0,0,1,0,1,0,1,0,1,0,1,0,0,0,0,0,1,0,0,0,0,0,1,0,0,0,0,0,0,0,1,0,0,0,0,0,0,0,0,0,0,DO51545,1,1,0.7368421052631577,0.5833333333333333,deceased,complete remission,0.7368421052631577,0.07029610631848915,190.0,True,False,False,True,False,False,False,False,False,False,True,False,False,False,False,0.010105372257730179,0.19612068965517243,0.014025245441795231,0.05196451204055766,0.9999999999999998,0.5468949761342701,0,1,0,1,0,1,0,1,0,1,NA,NA,1,1,0,True,False
1,0,0,0,0,0,0,0,1,0,1,0,1,0,1,0,1,0,1,0,1,0,1,0,1,0,1,0,0,0,1,0,1,0,1,0,0,0,0,0,1,0,0,0,0,0,1,0,1,0,1,0,1,0,1,0,0,0,1,0,1,0,0,0,1,0,0,0,1,0,0,0,1,0,1,0,0,0,1,0,1,0,1,DO51535,0,0,0.894736842105263,0.5833333333333333,deceased,progression,0.894736842105263,0.1049195616693868,757.0,False,True,False,False,False,False,True,False,False,False,True,False,False,False,False,0.019001554672655033,0.19612068965517243,0.07433380084151472,0.05196451204055766,0.24707132034571447,0.5468949761342701,0,0,0,1,0,1,0,1,0,1,0.0,NA,0,1,0,True,False
1,0,1,0,1,0,0,0,1,0,1,0,1,0,1,0,1,0,1,0,1,0,1,0,1,0,1,0,0,0,1,0,1,0,0,0,0,0,1,0,1,0,0,0,0,0,1,0,1,0,1,0,1,0,1,0,0,0,1,0,1,0,1,0,1,0,0,0,0,0,0,0,1,0,0,0,1,0,1,0,1,0,1,DO51536,0,0,0.8596491228070176,0.5833333333333333,deceased,relapse,0.8596491228070176,0.038004196782466776,446.0,True,False,False,False,False,False,False,True,False,False,False,False,False,False,True,0.038434962860597686,0.19612068965517243,0.06591865357643759,0.05196451204055766,0.42627140746096637,0.5468949761342701,0,0,0,1,0,1,0,1,0,1,NA,NA,0,1,0,True,False
1,0,0,0,0,0,0,0,0,0,1,0,1,0,1,0,1,0,1,0,1,0,1,0,1,0,1,0,0,0,1,0,1,0,0,0,0,0,0,0,1,0,0,0,0,0,1,0,1,0,1,0,1,0,1,0,0,0,1,0,1,0,0,0,1,0,0,0,0,0,1,0,0,0,0,0,1,0,1,0,1,0,1,DO51537,0,0,0.7017543859649122,0.5833333333333333,deceased,relapse,0.7017543859649122,0.1058521799953369,503.0,False,True,False,False,False,False,False,True,False,False,True,False,False,False,False,0.016064950768699255,0.19612068965517243,0.037868162692847124,0.05196451204055766,0.9218660992653933,0.5468949761342701,0,0,0,1,0,1,0,1,0,1,NA,NA,0,1,0,True,False
1,0,0,0,0,0,1,0,1,0,1,0,1,0,1,0,1,0,1,0,1,0,1,0,1,0,1,0,0,0,1,0,1,0,0,0,0,0,1,0,1,0,0,0,0,0,1,0,1,0,1,0,1,0,1,0,1,0,1,0,1,0,0,0,1,0,0,0,0,0,0,0,1,0,0,0,1,0,1,0,1,0,1,DO51538,0,0,0.7543859649122806,0.5833333333333333,deceased,relapse,0.7543859649122806,0.048962462112380506,322.0,True,False,False,False,False,False,False,True,False,False,True,False,False,False,False,0.02159267576438072,0.19612068965517243,0.09537166900420757,0.05196451204055766,0.6100965679046138,0.5468949761342701,0,0,0,1,0,1,0,1,0,1,NA,NA,0,1,0,True,False
1,0,0,0,0,0,0,0,1,0,1,0,1,0,1,0,1,0,1,0,1,0,1,0,1,0,1,0,1,0,1,0,1,0,1,0,0,0,1,0,1,0,1,0,0,0,1,0,1,0,1,0,1,0,1,0,1,0,1,0,1,0,1,0,1,0,0,0,0,0,1,0,1,0,0,0,1,0,0,0,1,0,1,DO51530,0,0,0.17543859649122795,0.5833333333333333,deceased,relapse,0.17543859649122795,0.07507577523898344,363.0,True,False,False,False,False,False,False,True,False,False,False,False,False,False,True,0.04137156676455346,0.19612068965517243,0.13464235624123422,0.05196451204055766,0.49856625796415277,0.5468949761342701,0,0,0,1,0,1,0,1,0,1,NA,NA,0,1,0,True,False
1,0,0,0,1,0,1,0,1,0,1,0,1,0,1,0,1,0,1,0,1,0,1,0,1,0,1,0,0,0,1,0,1,0,1,0,0,0,0,0,1,0,0,0,0,0,1,0,1,0,1,0,1,0,1,0,0,0,1,0,1,0,0,0,1,0,0,0,0,0,0,0,1,0,0,0,1,0,1,0,1,0,1,DO51531,0,0,0.26315789473684204,0.5833333333333333,deceased,relapse,0.26315789473684204,0.1191419911401259,1273.0,False,True,False,False,False,False,False,True,False,False,True,False,False,False,False,0.03264812575574365,0.19612068965517243,0.021037868162692847,0.05196451204055766,0.5618892110089703,0.5468949761342701,0,0,0,1,0,1,0,1,0,1,NA,NA,0,1,0,True,False
1,0,0,0,0,0,1,0,1,0,1,0,1,0,1,0,1,0,1,0,0,0,1,0,1,0,1,0,0,0,1,0,1,0,0,0,0,0,0,0,1,0,0,0,0,0,1,0,1,0,1,0,1,0,1,0,0,0,0,0,1,0,1,0,1,0,1,0,0,0,0,0,0,0,0,0,0,0,1,0,1,0,1,DO51532,0,0,0.45614035087719285,0.5833333333333333,alive,relapse,0.45614035087719285,0.3306131965493122,1761.0,True,False,False,False,False,False,False,True,False,False,True,False,False,False,False,0.017533252720677146,0.19612068965517243,0.028050490883590462,0.05196451204055766,0.4543256547432628,0.5468949761342701,0,0,0,1,0,1,0,1,0,1,NA,NA,0,1,0,True,False
1,0,0,0,0,0,0,0,1,0,1,0,1,0,1,0,1,0,1,0,1,0,1,0,1,0,1,0,0,0,1,0,1,0,0,0,0,0,1,0,1,0,0,0,0,0,1,0,1,0,1,0,1,0,1,0,0,0,1,0,1,0,1,0,1,0,0,0,0,0,0,0,1,0,0,0,0,0,1,0,1,0,1,DO51533,0,0,0.5964912280701753,0.5833333333333333,alive,complete remission,0.5964912280701753,0.9729540685474469,4173.0,False,True,False,True,False,False,False,False,False,False,True,False,False,False,False,0.021419934358265676,0.19612068965517243,0.05750350631136045,0.05196451204055766,0.29551397423813075,0.5468949761342701,0,0,0,1,0,1,0,1,0,1,NA,NA,0,1,0,True,False
1,0,0,0,0,0,0,0,1,0,1,0,1,0,1,0,1,0,1,0,1,0,1,0,1,0,1,0,0,0,1,0,1,0,0,0,0,0,0,0,1,0,0,0,0,0,1,0,1,0,1,0,1,0,1,0,0,0,1,0,1,0,0,0,1,0,0,0,0,0,0,0,0,0,0,0,0,0,0,0,1,0,1,DO51534,0,0,0.807017543859649,0.5833333333333333,deceased,relapse,0.807017543859649,0.03683842387502914,278.0,True,False,False,False,False,False,False,True,False,False,False,True,False,False,False,0.02185178787355329,0.19612068965517243,0.012622720897615708,0.05196451204055766,0.7993517646049968,0.5468949761342701,0,0,0,1,0,1,0,1,0,1,NA,NA,0,1,0,True,False
1,0,1,0,1,0,1,0,1,0,1,0,1,0,1,0,1,0,1,0,1,0,1,0,1,0,1,0,0,0,1,0,1,0,0,0,0,0,1,0,1,0,0,0,0,0,1,0,1,0,1,0,1,0,1,0,0,0,1,0,1,0,0,0,1,0,0,0,1,0,0,0,1,0,0,0,1,0,1,0,0,0,0,DO51524,1,1,0.807017543859649,0.5833333333333333,alive,complete remission,0.807017543859649,0.07029610631848915,1251.0,False,True,False,True,False,False,False,False,False,False,True,False,False,False,False,0.02599758162031439,0.19612068965517243,0.051893408134642355,0.05196451204055766,0.6218958447019213,0.5468949761342701,0,1,0,1,0,1,0,1,0,1,NA,NA,1,1,0,True,False
0,0,0,0,0,0,1,0,1,0,1,0,1,0,1,0,1,0,1,0,0,0,1,0,1,0,1,0,0,0,0,0,1,0,0,0,0,0,0,0,1,0,0,0,0,0,0,0,1,0,1,0,1,0,1,0,0,0,1,0,0,0,1,0,1,0,0,0,0,0,0,0,0,0,0,0,0,0,1,0,1,0,1,DO51525,0,0,0.08771929824561397,0.5833333333333333,deceased,relapse,0.08771929824561397,0.10422009792492422,623.0,False,True,False,False,False,False,False,True,False,False,True,False,False,False,False,0.012955605458628434,0.19612068965517243,0.030855539971949508,0.05196451204055766,0.23595446381271315,0.5468949761342701,0,0,0,1,0,1,0,1,0,1,NA,NA,0,1,0,True,False
1,0,0,0,0,0,0,0,1,0,0,0,1,0,1,0,1,0,1,0,0,0,1,0,1,0,0,0,0,0,1,0,1,0,1,0,0,0,0,0,1,0,0,0,1,0,1,0,0,0,1,0,1,0,1,0,0,0,1,0,1,0,0,0,1,0,0,0,0,0,0,0,0,0,0,0,1,0,0,0,1,0,1,DO51526,0,0,0.8596491228070176,0.5833333333333333,deceased,relapse,0.8596491228070176,0.3217533224527862,1380.0,True,False,False,False,False,False,False,True,False,False,NA,NA,NA,NA,NA,0.008637070305752288,0.19612068965517243,0.0182328190743338,0.05196451204055766,0.2996905490804579,0.5468949761342701,0,0,0,1,0,1,0,1,0,1,NA,NA,0,1,0,True,False
1,0,0,0,1,0,0,0,1,0,1,0,1,0,1,0,1,0,1,0,1,0,1,0,1,0,1,0,0,0,1,0,1,0,1,0,0,0,1,0,1,0,0,0,0,0,1,0,1,0,1,0,1,0,1,0,0,0,1,0,1,0,0,0,1,0,0,0,1,0,0,0,1,0,0,0,1,0,1,0,0,0,0,DO51527,1,1,0.9298245614035086,0.5833333333333333,deceased,complete remission,0.9298245614035086,0.07029610631848915,197.0,True,False,False,True,False,False,False,False,False,False,False,False,False,False,True,0.03290723786491622,0.19612068965517243,0.11360448807854137,0.05196451204055766,0.6980370549079237,0.5468949761342701,0,1,0,1,0,1,0,1,0,1,NA,NA,1,1,0,True,False
1,0,0,0,0,0,1,0,0,0,1,0,1,0,1,0,1,0,1,0,1,0,1,0,1,0,1,0,1,0,1,0,1,0,0,0,0,0,1,0,1,0,0,0,1,0,1,0,1,0,1,0,1,0,1,0,0,0,1,0,1,0,1,0,1,0,0,0,0,0,1,0,1,0,0,0,1,0,1,0,1,0,1,DO51528,0,0,0.5087719298245612,0.5833333333333333,alive,complete remission,0.5087719298245612,0.5255304266728841,2325.0,False,True,False,True,False,False,False,False,False,False,True,False,False,False,False,0.02789773708757989,0.19612068965517243,0.015427769985974754,0.05196451204055766,0.27394201736230583,0.5468949761342701,0,0,0,1,0,1,0,1,0,1,NA,NA,0,1,0,True,False
1,0,1,0,0,0,0,0,1,0,1,0,1,0,1,0,1,0,1,0,1,0,1,0,1,0,1,0,1,0,1,0,1,0,1,0,0,0,0,0,1,0,0,0,0,0,1,0,1,0,1,0,1,0,1,0,0,0,1,0,1,0,1,0,1,0,0,0,1,0,0,0,1,0,0,0,1,0,1,0,1,0,1,DO51529,0,0,0.9473684210526314,0.5833333333333333,deceased,relapse,0.9473684210526314,0.030543250174865935,259.0,False,True,False,False,False,False,False,True,False,False,False,True,False,False,False,0.03705303161167732,0.19612068965517243,0.07433380084151472,0.05196451204055766,0.4587753713026168,0.5468949761342701,0,0,0,1,0,1,0,1,0,1,NA,NA,0,1,0,True,False
1,0,0,0,0,0,0,0,1,0,1,0,1,0,1,0,1,0,1,0,1,0,1,0,1,0,1,0,1,0,1,0,1,0,0,0,0,0,0,0,1,0,0,0,0,0,1,0,1,0,1,0,1,0,1,0,0,0,1,0,1,0,1,0,1,0,0,0,0,0,1,0,1,0,0,0,1,0,0,0,0,0,0,DO51520,1,1,0.7017543859649122,0.5833333333333333,deceased,complete remission,0.7017543859649122,0.07029610631848915,117.0,False,False,True,True,False,False,False,False,False,False,False,False,False,False,True,0.05726377612713767,0.19612068965517243,0.17952314165497896,0.05196451204055766,0.6676072434754321,0.5468949761342701,0,1,0,1,0,1,0,1,0,1,NA,NA,1,1,0,True,False
0,0,0,0,0,0,0,0,0,0,1,0,0,0,0,0,0,0,0,0,0,0,0,0,0,0,0,0,0,0,0,0,0,0,0,0,0,0,0,0,0,0,0,0,0,0,0,0,1,0,0,0,0,0,1,0,0,0,1,0,0,0,0,0,1,0,1,0,0,0,0,0,0,0,0,0,0,0,0,0,0,0,0,DO51521,1,1,0.7894736842105261,0.5833333333333333,NA,NA,0.7894736842105261,0.07029610631848915,272.0,True,False,False,False,False,False,False,False,False,True,True,False,False,False,False,0.0013819312489203662,0.19612068965517243,0.0,0.05196451204055766,0.20575180781617444,0.5468949761342701,0,1,0,1,0,1,0,1,0,1,NA,NA,1,1,0,True,False
1,0,1,0,0,0,1,0,1,0,1,0,1,0,1,0,1,0,1,0,0,0,1,0,1,0,1,0,0,0,1,0,1,0,0,0,0,0,1,0,1,0,0,0,1,0,0,0,1,0,1,0,1,0,1,0,0,0,1,0,1,0,0,0,1,0,0,0,0,0,0,0,1,0,0,0,0,0,0,0,1,0,1,DO51522,0,0,0.29824561403508765,0.5833333333333333,deceased,relapse,0.29824561403508765,0.03520634180461646,197.0,True,False,False,False,False,False,False,True,False,False,False,False,False,True,False,0.015978580065641734,0.19612068965517243,0.025245441795231416,0.05196451204055766,0.5613583234262853,0.5468949761342701,0,0,0,1,0,1,0,1,0,1,NA,NA,0,1,0,True,False
1,0,0,0,0,0,0,0,1,0,1,0,1,0,1,0,1,0,1,0,1,0,1,0,1,0,1,0,1,0,0,0,1,0,0,0,0,0,0,0,1,0,0,0,0,0,1,0,1,0,1,0,1,0,1,0,0,0,1,0,1,0,0,0,1,0,0,0,0,0,0,0,1,0,0,0,1,0,1,0,1,0,1,DO51523,0,0,0.26315789473684204,0.5833333333333333,deceased,relapse,0.26315789473684204,0.07414315691303333,317.0,False,True,False,False,False,False,False,True,False,False,True,False,False,False,False,0.018483330454309898,0.19612068965517243,0.0182328190743338,0.05196451204055766,0.25921221319036303,0.5468949761342701,0,0,0,1,0,1,0,1,0,1,NA,NA,0,1,0,True,False
1,0,0,0,0,0,1,0,0,0,1,0,1,0,1,0,1,0,1,0,1,0,1,0,1,0,1,0,0,0,0,0,1,0,0,0,0,0,0,0,1,0,0,0,1,0,1,0,0,0,1,0,1,0,1,0,0,0,1,0,1,0,0,0,1,0,0,0,0,0,0,0,1,0,0,0,1,0,1,0,0,0,0,DO51513,1,1,0.9122807017543859,0.5833333333333333,alive,complete remission,0.9122807017543859,0.07029610631848915,400.0,True,False,False,True,False,False,False,False,False,False,True,False,False,False,False,0.009759889445500087,0.19612068965517243,0.02244039270687237,0.05196451204055766,0.5541788618238221,0.5468949761342701,0,1,0,1,0,1,0,1,0,1,NA,NA,1,1,0,True,False
1,0,0,0,0,0,1,0,1,0,1,0,1,0,1,0,1,0,1,0,1,0,1,0,1,0,1,0,1,0,1,0,1,0,0,0,0,0,0,0,1,0,0,0,0,0,1,0,1,0,1,0,1,0,1,0,0,0,1,0,1,0,0,0,1,0,0,0,0,0,0,0,1,0,0,0,1,0,0,0,1,0,1,DO51514,0,0,0.49122807017543857,0.5833333333333333,deceased,progression,0.49122807017543857,0.09652599673583585,1163.0,False,True,False,False,False,False,True,False,False,False,True,False,False,False,False,0.033339091380203835,0.19612068965517243,0.04908835904628331,0.05196451204055766,0.44009071898689167,0.5468949761342701,0,0,0,1,0,1,0,1,0,1,0.0,NA,0,1,0,True,False
1,0,0,0,0,0,0,0,1,0,1,0,1,0,1,0,1,0,1,0,1,0,1,0,1,0,1,0,1,0,1,0,1,0,1,0,0,0,0,0,1,0,0,0,0,0,1,0,1,0,1,0,1,0,1,0,0,0,1,0,1,0,0,0,1,0,0,0,0,0,0,0,1,0,0,0,1,0,1,0,0,0,0,DO51515,1,1,0.7017543859649122,0.5833333333333333,alive,complete remission,0.7017543859649122,0.07029610631848915,1799.0,False,True,False,True,False,False,False,False,False,False,False,False,False,False,True,0.02582484021419934,0.19612068965517243,0.021037868162692847,0.05196451204055766,0.6508721891405218,0.5468949761342701,0,1,0,1,0,1,0,1,0,1,NA,NA,1,1,0,True,False
1,0,1,0,0,0,1,0,1,0,1,0,1,0,1,0,1,0,1,0,1,0,1,0,1,0,1,0,0,0,1,0,1,0,0,0,0,0,1,0,0,0,0,0,0,0,1,0,1,0,1,0,1,0,1,0,0,0,1,0,1,0,1,0,1,0,0,0,0,0,0,0,0,0,0,0,1,0,0,0,1,0,1,DO51517,0,0,0.33333333333333326,0.5833333333333333,deceased,relapse,0.33333333333333326,0.32385171368617394,1389.0,False,True,False,False,False,False,False,True,False,False,NA,NA,NA,NA,NA,0.018137847642079805,0.19612068965517243,0.04908835904628331,0.05196451204055766,0.40147533404625835,0.5468949761342701,0,0,0,1,0,1,0,1,0,1,NA,NA,0,1,0,True,False
1,0,1,0,0,0,0,0,1,0,1,0,1,0,1,0,1,0,1,0,1,0,1,0,1,0,1,0,1,0,0,0,1,0,0,0,0,0,1,0,1,0,0,0,0,0,1,0,1,0,1,0,1,0,1,0,1,0,1,0,1,0,0,0,1,0,0,0,0,0,0,0,0,0,0,0,1,0,1,0,1,0,1,DO51518,0,0,0.5789473684210527,0.5833333333333333,deceased,relapse,0.5789473684210527,0.013056656563301468,129.0,True,False,False,False,False,False,False,True,False,False,False,False,False,False,True,0.021160822249093107,0.19612068965517243,0.0967741935483871,0.05196451204055766,0.7644488869578058,0.5468949761342701,0,0,0,1,0,1,0,1,0,1,NA,NA,0,1,0,True,False
1,0,0,0,0,0,1,0,1,0,1,0,1,0,1,0,1,0,1,0,1,0,1,0,1,0,1,0,0,0,0,0,1,0,0,0,0,0,1,0,1,0,0,0,0,0,1,0,1,0,1,0,1,0,1,0,0,0,1,0,0,0,1,0,1,0,0,0,1,0,0,0,1,0,0,0,0,0,0,0,1,0,1,DO51519,0,0,0.6491228070175437,0.5833333333333333,deceased,progression,0.6491228070175437,0.10118908836558638,579.0,True,False,False,False,False,False,True,False,False,False,True,False,False,False,False,0.01831058904819485,0.19612068965517243,0.02664796633941094,0.05196451204055766,0.40532566406310566,0.5468949761342701,0,0,0,1,0,1,0,1,0,1,0.0,NA,0,1,0,True,False
1,0,0,0,1,0,0,0,1,0,1,0,1,0,1,0,1,0,1,0,1,0,1,0,1,0,1,0,1,0,1,0,1,0,0,0,0,0,0,0,1,0,1,0,0,0,1,0,1,0,1,0,1,0,1,0,0,0,1,0,1,0,1,0,1,0,0,0,0,0,0,0,0,0,0,0,1,0,0,0,0,0,0,DO51510,1,1,0.17543859649122795,0.5833333333333333,deceased,complete remission,0.17543859649122795,0.07029610631848915,216.0,False,True,False,True,False,False,False,False,False,False,True,False,False,False,False,0.05052686128865089,0.19612068965517243,0.15427769985974754,0.05196451204055766,0.7829441272392456,0.5468949761342701,0,1,0,1,0,1,0,1,0,1,NA,NA,1,1,0,True,False
1,0,0,0,0,0,0,0,0,0,1,0,1,0,1,0,1,0,1,0,1,0,1,0,1,0,1,0,0,0,1,0,1,0,0,0,0,0,0,0,1,0,0,0,0,0,1,0,1,0,1,0,1,0,1,0,1,0,1,0,0,0,0,0,1,0,1,0,0,0,0,0,1,0,1,0,1,0,1,0,0,0,0,DO51511,1,1,0.5964912280701753,0.5833333333333333,deceased,complete remission,0.5964912280701753,0.07029610631848915,592.0,True,False,False,True,False,False,False,False,False,False,True,False,False,False,False,0.03161167731905337,0.19612068965517243,0.1640953716690042,0.05196451204055766,0.9489987781752782,0.5468949761342701,0,1,0,1,0,1,0,1,0,1,NA,NA,1,1,0,True,False
1,0,0,0,0,0,0,0,1,0,1,0,1,0,1,0,1,0,1,0,1,0,1,0,1,0,1,0,0,0,0,0,0,0,0,0,0,0,0,0,1,0,0,0,0,0,1,0,1,0,1,0,1,0,1,0,1,0,1,0,1,0,0,0,1,0,0,0,0,0,0,0,0,0,0,0,0,0,1,0,1,0,1,DO51512,0,0,0.1578947368421052,0.5833333333333333,deceased,progression,0.1578947368421052,0.016787129867101888,184.0,False,True,False,False,False,False,True,False,False,False,False,True,False,False,False,0.017360511314562097,0.19612068965517243,0.10659186535764376,0.05196451204055766,0.8493122141296143,0.5468949761342701,0,0,0,1,0,1,0,1,0,1,0.0,NA,0,1,0,True,False
1,0,0,0,0,0,0,0,1,0,1,0,1,0,1,0,1,0,1,0,1,0,1,0,1,0,1,0,0,0,1,0,1,0,0,0,1,0,1,0,0,0,0,0,1,0,1,0,1,0,1,0,0,0,1,0,0,0,1,0,1,0,1,0,1,0,0,0,0,0,0,0,1,0,1,0,1,0,1,0,1,0,1,DO51502,0,0,0.24561403508771917,0.5833333333333333,deceased,relapse,0.24561403508771917,0.04243413383072977,310.0,False,True,False,False,False,False,False,True,False,False,False,False,False,True,False,0.019692520297115216,0.19612068965517243,0.014025245441795231,0.05196451204055766,0.2969168106435438,0.5468949761342701,0,0,0,1,0,1,0,1,0,1,NA,NA,0,1,0,True,False
0,0,0,0,0,0,0,0,0,0,1,0,1,0,1,0,1,0,1,0,1,0,1,0,1,0,1,0,0,0,0,0,1,0,0,0,0,0,0,0,0,0,0,0,0,0,1,0,1,0,1,0,1,0,1,0,0,0,1,0,1,0,0,0,1,0,0,0,0,0,1,0,0,0,0,0,0,0,1,0,1,0,1,DO51503,0,0,0.22807017543859642,0.5833333333333333,deceased,relapse,0.22807017543859642,0.19515038470505944,827.0,True,False,False,False,False,False,False,True,False,False,True,False,False,False,False,0.015373985144239074,0.19612068965517243,0.04207573632538569,0.05196451204055766,0.731371053313949,0.5468949761342701,0,0,0,1,0,1,0,1,0,1,NA,NA,0,1,0,True,False
1,0,0,0,0,0,0,0,1,0,1,0,1,0,1,0,1,0,1,0,1,0,1,0,1,0,1,0,0,0,1,0,1,0,0,0,0,0,0,0,1,0,0,0,0,0,1,0,1,0,1,0,1,0,1,0,0,0,1,0,1,0,0,0,1,0,0,0,0,0,0,0,1,0,0,0,1,0,1,0,1,0,1,DO51504,0,0,0.5964912280701753,0.5833333333333333,deceased,relapse,0.5964912280701753,0.05922126369783166,473.0,True,False,False,False,False,False,False,True,False,False,True,False,False,False,False,0.01831058904819485,0.19612068965517243,0.051893408134642355,0.05196451204055766,0.5333037381392557,0.5468949761342701,0,0,0,1,0,1,0,1,0,1,NA,NA,0,1,0,True,False
1,0,0,0,0,0,1,0,0,0,1,0,1,0,1,0,1,0,1,0,1,0,1,0,1,0,1,0,0,0,1,0,1,0,1,0,0,0,0,0,1,0,0,0,0,0,1,0,1,0,1,0,1,0,1,0,0,0,1,0,1,0,0,0,1,0,0,0,0,0,0,0,0,0,0,0,1,0,1,0,1,0,1,DO51505,0,0,0.5438596491228069,0.5833333333333333,deceased,relapse,0.5438596491228069,0.05875495453485661,286.0,True,False,False,False,False,False,False,True,False,False,False,True,False,False,False,0.019001554672655033,0.19612068965517243,0.019635343618513323,0.05196451204055766,0.6489594747703764,0.5468949761342701,0,0,0,1,0,1,0,1,0,1,NA,NA,0,1,0,True,False
1,1,0,0,1,1,0,1,1,1,1,1,1,1,1,1,1,1,1,1,1,1,1,1,1,1,1,1,1,1,0,0,1,1,0,1,0,0,1,1,1,1,0,0,0,0,1,1,1,1,1,1,1,1,1,1,0,0,1,1,1,1,0,0,1,1,0,0,0,0,0,0,1,1,0,0,1,1,1,1,1,1,3,DO51506,0,0,0.5087719298245612,0.5833333333333333,deceased,progression,0.5087719298245612,0.0925623688505479,1068.0,True,False,False,False,False,False,True,False,False,False,True,False,False,False,False,0.011314562100535499,0.32112068965517243,0.033660589060308554,0.0697084917617237,0.6771165730052225,0.9943109935986498,0,0,0,0,0,0,0,0,0,0,0.0,0.0,0,0,1,True,True
0,0,0,0,0,0,1,0,1,0,1,0,1,0,1,0,1,0,1,0,0,0,1,0,1,0,1,0,0,0,0,0,1,0,1,0,0,0,0,0,1,0,0,0,0,0,1,0,0,0,1,0,1,0,1,0,0,0,1,0,1,0,0,0,1,0,0,0,0,0,0,0,1,0,0,0,1,0,1,0,1,0,1,DO51507,0,0,0.7017543859649122,0.5833333333333333,deceased,complete remission,0.7017543859649122,0.5626020051294007,1735.0,False,True,False,True,False,False,False,False,False,False,True,False,False,False,False,0.021679046467438245,0.19612068965517243,0.19074333800841514,0.05196451204055766,0.4862531172197945,0.5468949761342701,0,0,0,1,0,1,0,1,0,1,NA,NA,0,1,0,True,False
0,0,0,0,0,0,0,0,0,0,1,0,1,0,1,0,0,0,1,0,0,0,0,0,1,0,1,0,0,0,0,0,1,0,0,0,0,0,0,0,0,0,0,0,0,0,0,0,0,0,1,0,1,0,1,0,0,0,1,0,0,0,0,0,0,0,0,0,1,0,0,0,1,0,0,0,0,0,0,0,0,0,0,DO51508,1,1,0.8771929824561402,0.5833333333333333,NA,complete remission,0.8771929824561402,0.07029610631848915,150.0,True,False,False,True,False,False,False,False,False,False,True,False,False,False,False,0.001554672655035412,0.19612068965517243,0.030855539971949508,0.05196451204055766,0.10662325863827266,0.5468949761342701,0,1,0,1,1,1,0,1,0,1,NA,NA,1,1,0,True,False
0,0,0,0,0,0,0,0,0,0,1,0,1,0,1,0,1,0,1,0,1,0,1,0,1,0,1,0,0,0,1,0,1,0,0,0,0,0,0,0,1,0,0,0,0,0,0,0,1,0,1,0,1,0,1,0,0,0,1,0,1,0,1,0,1,0,0,0,0,0,0,0,1,0,0,0,1,0,1,0,1,0,1,DO51509,0,0,0.5789473684210527,0.5833333333333333,deceased,relapse,0.5789473684210527,0.06994637444625787,515.0,False,True,False,False,False,False,False,True,False,False,True,False,False,False,False,0.018396959751252374,0.19612068965517243,0.015427769985974754,0.05196451204055766,0.27916531438194137,0.5468949761342701,0,0,0,1,0,1,0,1,0,1,NA,NA,0,1,0,True,False
1,0,0,0,0,0,0,0,1,0,1,0,1,0,1,0,1,0,1,0,1,0,1,0,1,0,1,0,1,0,0,0,1,0,0,0,0,0,0,0,1,0,0,0,1,0,1,0,1,0,1,0,1,0,1,0,0,0,1,0,1,0,1,0,1,0,0,0,0,0,0,0,0,0,0,0,1,0,0,0,0,0,0,DO51500,1,1,0.631578947368421,0.5833333333333333,alive,complete remission,0.631578947368421,0.07029610631848915,482.0,True,False,False,True,False,False,False,False,False,False,False,False,False,False,True,0.028675073415097597,0.19612068965517243,0.1388499298737728,0.05196451204055766,0.678029852506403,0.5468949761342701,0,1,0,1,0,1,0,1,0,1,NA,NA,1,1,0,True,False
1,0,0,0,0,0,1,0,1,0,1,0,1,0,0,0,0,0,1,0,0,0,1,0,1,0,1,0,0,0,1,0,1,0,0,0,0,0,1,0,1,0,0,0,1,0,1,0,1,0,1,0,1,0,1,0,0,0,1,0,1,0,0,0,1,0,0,0,0,0,0,0,1,0,0,0,1,0,1,0,1,0,1,DO51501,0,0,0.3508771929824561,0.5833333333333333,deceased,progression,0.3508771929824561,0.048962462112380506,295.0,False,True,False,False,False,False,True,False,False,False,True,False,False,False,False,0.01796510623596476,0.19612068965517243,0.03506311360448808,0.05196451204055766,0.41733165960664964,0.5468949761342701,0,0,0,1,0,1,0,1,0,1,0.0,NA,0,1,0,True,False
1,0,1,0,0,0,1,0,1,0,1,0,1,0,1,0,1,0,1,0,1,0,1,0,1,0,1,0,1,0,1,0,1,0,1,0,0,0,1,0,1,0,1,0,0,0,1,0,1,0,1,0,1,0,1,0,0,0,1,0,1,0,0,0,1,0,0,0,0,0,0,0,1,0,0,0,1,0,1,0,1,0,1,DO51494,0,0,0.45614035087719285,0.5833333333333333,deceased,relapse,0.45614035087719285,0.008393564933550944,631.0,False,True,False,False,False,False,False,True,False,False,False,False,False,False,True,0.06313698393504924,0.19612068965517243,0.2833099579242636,0.05196451204055766,0.5918535457551704,0.5468949761342701,0,0,0,1,0,1,0,1,0,1,NA,NA,0,1,0,True,False
1,0,0,0,0,0,0,0,1,0,1,0,1,0,1,0,1,0,1,0,1,0,1,0,1,0,1,0,1,0,0,0,1,0,0,0,0,0,0,0,1,0,1,0,1,0,1,0,1,0,1,0,1,0,1,0,0,0,1,0,1,0,0,0,1,0,1,0,1,0,0,0,1,0,0,0,0,0,1,0,1,0,1,DO51495,0,0,0.5789473684210527,0.5833333333333333,deceased,relapse,0.5789473684210527,0.1655397528561436,728.0,False,True,False,False,False,False,False,True,False,False,True,False,False,False,False,0.04309898082570392,0.19612068965517243,0.13183730715287517,0.05196451204055766,0.4283787420099502,0.5468949761342701,0,0,0,1,0,1,0,1,0,1,NA,NA,0,1,0,True,False
1,0,0,0,0,0,1,0,1,0,1,0,1,0,1,0,1,0,1,0,1,0,1,0,1,0,1,0,0,0,0,0,1,0,0,0,0,0,0,0,1,0,0,0,0,0,1,0,1,0,1,0,1,0,1,0,0,0,1,0,1,0,0,0,1,0,0,0,0,0,0,0,1,0,0,0,1,0,0,0,0,0,0,DO51496,1,1,0.6491228070175437,0.5833333333333333,deceased,complete remission,0.6491228070175437,0.07029610631848915,143.0,True,False,False,True,False,False,False,False,False,False,False,False,False,False,True,0.024702021074451543,0.19612068965517243,0.08555399719495091,0.05196451204055766,0.5942669003946927,0.5468949761342701,0,1,0,1,0,1,0,1,0,1,NA,NA,1,1,0,True,False
1,0,0,0,1,0,0,0,1,0,1,0,1,0,1,0,1,0,1,0,1,0,1,0,1,0,1,0,0,0,0,0,1,0,0,0,0,0,0,0,1,0,0,0,0,0,0,0,1,0,1,0,1,0,1,0,0,0,1,0,1,0,0,0,1,0,0,0,0,0,0,0,0,0,0,0,1,0,1,0,1,0,1,DO51497,0,0,0.6491228070175437,0.5833333333333333,deceased,relapse,0.6491228070175437,0.03590580554907904,267.0,True,False,False,False,False,False,False,True,False,False,False,False,False,False,True,0.025306615995854206,0.19612068965517243,0.0364656381486676,0.05196451204055766,0.5948022558927482,0.5468949761342701,0,0,0,1,0,1,0,1,0,1,NA,NA,0,1,0,True,False
1,0,1,0,1,0,0,0,0,0,1,0,1,0,1,0,1,0,1,0,0,0,1,0,1,0,1,0,0,0,0,0,1,0,1,0,0,0,0,0,1,0,0,0,0,0,1,0,1,0,1,0,1,0,1,0,0,0,1,0,0,0,0,0,1,0,0,0,0,0,0,0,0,0,0,0,1,0,1,0,1,0,1,DO51498,0,0,0.12280701754385959,0.5833333333333333,deceased,relapse,0.12280701754385959,0.018885521100489622,276.0,True,False,False,False,False,False,False,True,False,False,False,True,False,False,False,0.02029711521851788,0.19612068965517243,0.04908835904628331,0.05196451204055766,0.8414386848355264,0.5468949761342701,0,0,0,1,0,1,0,1,0,1,NA,NA,0,1,0,True,False
1,0,0,0,1,0,1,0,0,0,1,0,1,0,1,0,1,0,1,0,1,0,1,0,1,0,1,0,1,0,0,0,1,0,0,0,0,0,0,0,1,0,1,0,0,0,1,0,1,0,1,0,1,0,1,0,0,0,1,0,1,0,0,0,1,0,0,0,0,0,0,0,0,0,0,0,0,0,0,0,1,0,1,DO51499,0,0,0.5438596491228069,0.5833333333333333,deceased,progression,0.5438596491228069,0.01585451154115178,222.0,False,True,False,False,False,False,True,False,False,False,False,False,True,False,False,0.023147348419416132,0.19612068965517243,0.06311360448807854,0.05196451204055766,0.705093878967732,0.5468949761342701,0,0,0,1,0,1,0,1,0,1,0.0,NA,0,1,0,True,False
1,0,0,0,1,0,0,0,1,0,1,0,1,0,1,0,1,0,1,0,1,0,1,0,1,0,1,0,0,0,0,0,1,0,0,0,0,0,0,0,1,0,0,0,0,0,1,0,1,0,1,0,1,0,1,0,0,0,1,0,1,0,0,0,1,0,0,0,0,0,0,0,1,0,0,0,1,0,1,0,1,0,1,DO51490,0,0,0.7894736842105261,0.5833333333333333,deceased,relapse,0.7894736842105261,0.038004196782466776,232.0,True,False,False,False,False,False,False,True,False,False,False,False,False,False,True,0.028934185524270167,0.19612068965517243,0.009817671809256662,0.05196451204055766,0.5228832985039493,0.5468949761342701,0,0,0,1,0,1,0,1,0,1,NA,NA,0,1,0,True,False
1,0,1,0,1,0,0,0,1,0,1,0,1,0,1,0,1,0,1,0,1,0,1,0,1,0,1,0,1,0,1,0,1,0,1,0,0,0,0,0,0,0,0,0,1,0,1,0,1,0,1,0,1,0,1,0,0,0,1,0,1,0,1,0,1,0,1,0,0,0,0,0,1,0,0,0,1,0,1,0,0,0,0,DO51491,1,1,0.8771929824561402,0.5833333333333333,alive,complete remission,0.8771929824561402,0.07029610631848915,539.0,False,True,False,True,False,False,False,False,False,False,True,False,False,False,False,0.05329072378649162,0.19612068965517243,0.04908835904628331,0.05196451204055766,0.39386142492485954,0.5468949761342701,0,1,0,1,0,1,0,1,0,1,NA,NA,1,1,0,True,False
1,0,0,0,0,0,0,0,1,0,1,0,1,0,1,0,1,0,1,0,1,0,1,0,1,0,1,0,0,0,0,0,1,0,0,0,0,0,1,0,1,0,1,0,0,0,1,0,1,0,1,0,1,0,1,0,0,0,1,0,1,0,0,0,1,0,0,0,0,0,0,0,1,0,0,0,1,0,1,0,1,0,1,DO51492,0,0,0.42105263157894735,0.5833333333333333,deceased,relapse,0.42105263157894735,0.030543250174865935,174.0,True,False,False,False,False,False,False,True,False,False,False,True,False,False,False,0.016064950768699255,0.19612068965517243,0.10238429172510519,0.05196451204055766,0.41413695666509553,0.5468949761342701,0,0,0,1,0,1,0,1,0,1,NA,NA,0,1,0,True,False
1,0,1,0,1,0,1,0,1,0,1,0,1,0,1,0,1,0,1,0,1,0,1,0,1,0,1,0,1,0,1,0,1,0,1,0,1,0,1,0,1,0,0,0,1,0,1,0,1,0,1,0,1,0,1,0,0,0,1,0,1,0,1,0,1,0,0,0,1,0,1,0,1,0,0,0,1,0,1,0,1,0,1,DO51493,0,0,0.33333333333333326,0.5833333333333333,deceased,relapse,0.33333333333333326,0.08813243180228492,512.0,True,False,False,False,False,False,False,True,False,False,True,False,False,False,False,0.11893245811020901,0.19612068965517243,0.3001402524544179,0.05196451204055766,0.30001671586726186,0.5468949761342701,0,0,0,1,0,1,0,1,0,1,NA,NA,0,1,0,True,False
1,0,0,0,0,0,0,0,1,0,1,0,1,0,1,0,0,0,1,0,1,0,1,0,1,0,1,0,0,0,1,0,1,0,0,0,0,0,0,0,1,0,0,0,0,0,1,0,1,0,1,0,1,0,1,0,0,0,1,0,1,0,0,0,1,0,0,0,0,0,1,0,1,0,0,0,1,0,1,0,1,0,1,DO51483,0,0,0.5964912280701753,0.5833333333333333,deceased,relapse,0.5964912280701753,0.024947540219165305,112.0,True,False,False,False,False,False,False,True,False,False,False,False,False,False,True,0.030488858179305578,0.19612068965517243,0.021037868162692847,0.05196451204055766,0.5325635691529285,0.5468949761342701,0,0,0,1,0,1,0,1,0,1,NA,NA,0,1,0,True,False
1,0,0,0,0,0,0,0,0,0,1,0,1,0,1,0,1,0,1,0,1,0,1,0,1,0,1,0,0,0,1,0,1,0,0,0,0,0,1,0,1,0,0,0,0,0,1,0,1,0,1,0,1,0,1,0,0,0,1,0,1,0,0,0,1,0,0,0,0,0,1,0,1,0,0,0,1,0,1,0,1,0,1,DO51484,0,0,0.5263157894736841,0.5833333333333333,deceased,relapse,0.5263157894736841,0.29680578223362086,1460.0,True,False,False,False,False,False,False,True,False,False,True,False,False,False,False,0.022801865607186042,0.19612068965517243,0.014025245441795231,0.05196451204055766,0.7606529280795993,0.5468949761342701,0,0,0,1,0,1,0,1,0,1,NA,NA,0,1,0,True,False
1,0,0,0,0,0,0,0,1,0,1,0,1,0,1,0,1,0,1,0,1,0,1,0,1,0,1,0,0,0,1,0,1,0,0,0,0,0,1,0,1,0,0,0,0,0,1,0,1,0,1,0,1,0,1,0,0,0,1,0,1,0,1,0,1,0,0,0,0,0,0,0,0,0,1,0,0,0,1,0,1,0,1,DO51485,0,0,0.7192982456140351,0.5833333333333333,deceased,relapse,0.7192982456140351,0.15504779668920493,1877.0,True,False,False,False,False,False,False,True,False,False,True,False,False,False,False,0.02133356365520815,0.19612068965517243,0.2244039270687237,0.05196451204055766,0.4928466115997757,0.5468949761342701,0,0,0,1,0,1,0,1,0,1,NA,NA,0,1,0,True,False
1,0,0,0,0,0,0,0,1,0,1,0,1,0,1,0,1,0,1,0,1,0,1,0,1,0,1,0,0,0,0,0,1,0,0,0,0,0,0,0,1,0,0,0,0,0,1,0,1,0,1,0,1,0,1,0,1,0,1,0,1,0,0,0,1,0,0,0,1,0,0,0,0,0,0,0,1,0,1,0,1,0,1,DO51486,0,0,0.4035087719298245,0.5833333333333333,alive,complete remission,0.4035087719298245,0.07029610631848915,518.0,True,False,False,True,False,False,False,False,False,False,False,False,False,True,False,0.018828813266539988,0.19612068965517243,0.030855539971949508,0.05196451204055766,0.11873192875263064,0.5468949761342701,0,1,0,1,1,1,0,1,0,1,NA,NA,0,1,0,True,False
1,0,0,0,1,0,1,0,1,0,1,0,1,0,1,0,1,0,1,0,0,0,1,0,1,0,1,0,1,0,0,0,1,0,0,0,0,0,1,0,0,0,0,0,0,0,1,0,1,0,0,0,1,0,1,0,0,0,1,0,1,0,0,0,1,0,0,0,1,0,0,0,0,0,0,0,0,0,0,0,1,0,1,DO51487,0,0,0.631578947368421,0.5833333333333333,alive,complete remission,0.631578947368421,0.5957099557006295,2555.0,True,False,False,True,False,False,False,False,False,False,True,False,False,False,False,0.015201243738124029,0.19612068965517243,0.06872370266479663,0.05196451204055766,0.5361932713732133,0.5468949761342701,0,0,0,1,0,1,0,1,0,1,NA,NA,0,1,0,True,False
0,0,0,0,0,0,0,0,0,0,1,0,1,0,1,0,1,0,1,0,1,0,1,0,1,0,1,0,0,0,0,0,1,0,0,0,0,0,0,0,1,0,0,0,0,0,0,0,0,0,0,0,1,0,1,0,0,0,0,0,0,0,0,0,1,0,1,0,0,0,0,0,0,0,0,0,1,0,1,0,0,0,0,DO51488,1,1,0.3859649122807016,0.5833333333333333,alive,complete remission,0.3859649122807016,0.07029610631848915,579.0,True,False,False,True,False,False,False,False,False,False,True,False,False,False,False,0.003195716013128347,0.19612068965517243,0.030855539971949508,0.05196451204055766,0.11763710773408903,0.5468949761342701,0,1,0,1,1,1,0,1,0,1,NA,NA,1,1,0,True,False
1,0,0,0,0,0,0,0,1,0,1,0,1,0,1,0,1,0,1,0,1,0,1,0,1,0,1,0,1,0,1,0,1,0,0,0,1,0,0,0,0,0,1,0,0,0,1,0,1,0,1,0,1,0,1,0,0,0,1,0,1,0,1,0,1,0,0,0,0,0,0,0,1,0,0,0,1,0,1,0,0,0,0,DO51489,1,1,0.4736842105263157,0.5833333333333333,alive,complete remission,0.4736842105263157,0.07029610631848915,1253.0,True,False,False,True,False,False,False,False,False,False,True,False,False,False,False,0.0633960960442218,0.19612068965517243,0.335203366058906,0.05196451204055766,0.44305210161527087,0.5468949761342701,0,1,0,1,0,1,0,1,0,1,NA,NA,1,1,0,True,False
1,0,0,0,0,0,0,0,1,0,1,0,1,0,1,0,1,0,1,0,1,0,1,0,1,0,0,0,0,0,1,0,1,0,0,0,0,0,0,0,1,0,0,0,0,0,1,0,1,0,0,0,1,0,1,0,0,0,1,0,1,0,1,0,1,0,0,0,0,0,0,0,1,0,0,0,0,0,1,0,1,0,1,DO51480,0,0,0.14035087719298245,0.5833333333333333,deceased,relapse,0.14035087719298245,0.0391699696899044,228.0,True,False,False,False,False,False,False,True,False,False,True,False,False,False,False,0.015805838659526686,0.19612068965517243,0.03506311360448808,0.05196451204055766,0.5704343972578451,0.5468949761342701,0,0,0,1,0,1,0,1,0,1,NA,NA,0,1,0,True,False
1,0,0,0,0,0,0,0,0,0,1,0,1,0,1,0,1,0,1,0,1,0,1,0,1,0,1,0,0,0,1,0,1,0,0,0,0,0,1,0,1,0,0,0,0,0,1,0,1,0,1,0,1,0,1,0,0,0,1,0,1,0,0,0,1,0,0,0,0,0,0,0,1,0,1,0,1,0,1,0,1,0,1,DO51481,0,0,0.45614035087719285,0.5833333333333333,deceased,relapse,0.45614035087719285,0.10072277920261133,587.0,True,False,False,False,False,False,False,True,False,False,True,False,False,False,False,0.026861288650889617,0.19612068965517243,0.11360448807854137,0.05196451204055766,0.41907207788611733,0.5468949761342701,0,0,0,1,0,1,0,1,0,1,NA,NA,0,1,0,True,False
1,0,0,0,0,0,0,0,1,0,1,0,1,0,1,0,1,0,1,0,1,0,1,0,1,0,1,0,0,0,1,0,1,0,0,0,0,0,0,0,1,0,0,0,1,0,1,0,1,0,1,0,1,0,1,0,0,0,1,0,1,0,0,0,1,0,0,0,0,0,0,0,1,0,0,0,0,0,0,0,1,0,1,DO51482,0,0,0.7017543859649122,0.5833333333333333,deceased,relapse,0.7017543859649122,0.07029610631848915,379.0,False,True,False,False,False,False,False,True,False,False,NA,NA,NA,NA,NA,0.015287614441181551,0.19612068965517243,0.028050490883590462,0.05196451204055766,0.7890212442381501,0.5468949761342701,0,1,0,1,0,1,0,1,0,1,NA,NA,0,1,0,True,False
1,0,0,0,0,0,1,0,1,0,1,0,1,0,1,0,1,0,1,0,1,0,1,0,1,0,1,0,0,0,0,0,1,0,0,0,0,0,0,0,1,0,0,0,0,0,1,0,1,0,1,0,1,0,1,0,0,0,1,0,1,0,0,0,1,0,0,0,0,0,0,0,1,0,0,0,1,0,1,0,1,0,1,DO51472,0,0,0.5614035087719298,0.5833333333333333,deceased,progression,0.5614035087719298,0.04383306131965493,540.0,True,False,False,False,False,False,True,False,False,False,True,False,False,False,False,0.02789773708757989,0.19612068965517243,0.12903225806451613,0.05196451204055766,0.4320354527886964,0.5468949761342701,0,0,0,1,0,1,0,1,0,1,0.0,NA,0,1,0,True,False
1,0,0,0,1,0,0,0,1,0,1,0,1,0,1,0,1,0,1,0,1,0,1,0,0,0,1,0,0,0,1,0,1,0,0,0,0,0,1,0,1,0,1,0,1,0,1,0,1,0,1,0,1,0,1,0,0,0,1,0,1,0,1,0,1,0,1,0,0,0,1,0,1,0,0,0,1,0,1,0,1,0,1,DO51473,0,0,0.7543859649122806,0.5833333333333333,deceased,complete remission,0.7543859649122806,1.0,4415.0,True,False,False,True,False,False,False,False,False,False,True,False,False,False,False,0.027206771463119707,0.19612068965517243,0.12482468443197756,0.05196451204055766,0.4844012316751135,0.5468949761342701,0,0,0,1,0,1,0,1,0,1,NA,NA,0,1,0,True,False
1,0,1,0,1,0,1,0,1,0,1,0,1,0,1,0,1,0,1,0,1,0,1,0,1,0,1,0,1,0,1,0,1,0,1,0,1,0,1,0,1,0,1,0,1,0,1,0,1,0,1,0,1,0,1,0,1,0,1,0,1,0,1,0,1,0,1,0,1,0,1,0,1,0,1,0,1,0,1,0,0,0,0,DO51474,1,1,0.5263157894736841,0.5833333333333333,alive,complete remission,0.5263157894736841,0.07029610631848915,1633.0,False,True,False,True,False,False,False,False,False,False,True,False,False,False,False,0.2381240283295906,0.19612068965517243,0.32258064516129026,0.05196451204055766,0.4259263358248685,0.5468949761342701,0,1,0,1,0,1,0,1,0,1,NA,NA,1,1,0,True,False
1,0,0,0,0,0,0,0,0,0,1,0,1,0,1,0,1,0,1,0,1,0,1,0,1,0,1,0,0,0,1,0,1,0,0,0,0,0,0,0,1,0,0,0,0,0,1,0,1,0,1,0,1,0,1,0,1,0,1,0,1,0,0,0,1,0,0,0,0,0,0,0,1,0,0,0,1,0,1,0,1,0,1,DO51475,0,0,0.45614035087719285,0.5833333333333333,deceased,progression,0.4385964912280702,0.1254371648402891,1806.0,True,False,False,False,False,False,True,False,False,False,True,False,False,False,False,0.03342546208326135,0.19612068965517243,0.04488078541374474,0.05196451204055766,0.7304365953700676,0.5468949761342701,0,0,0,1,0,1,0,1,0,1,0.0,NA,0,1,0,True,False
1,0,0,0,0,0,0,0,1,0,1,0,1,0,1,0,1,0,1,0,1,0,1,0,1,0,1,0,1,0,1,0,1,0,1,0,1,0,0,0,0,0,0,0,0,0,1,0,1,0,1,0,1,0,1,0,1,0,1,0,1,0,1,0,1,0,0,0,0,0,1,0,1,0,0,0,1,0,1,0,1,0,1,DO51476,0,0,0.21052631578947367,0.5833333333333333,deceased,relapse,0.21052631578947367,0.0862671951503847,1513.0,True,False,False,False,False,False,False,True,False,False,False,False,False,False,True,0.05942304370357574,0.19612068965517243,0.4488078541374474,0.05196451204055766,0.7605220078716375,0.5468949761342701,0,0,0,1,0,1,0,1,0,1,NA,NA,0,1,0,True,False
1,0,0,0,0,0,0,0,1,0,1,0,1,0,1,0,0,0,1,0,1,0,1,0,0,0,1,0,0,0,0,0,1,0,0,0,0,0,0,0,1,0,0,0,1,0,1,0,1,0,1,0,1,0,1,0,0,0,1,0,1,0,0,0,1,0,0,0,0,0,0,0,0,0,0,0,0,0,0,0,1,0,1,DO51477,0,0,0.4035087719298245,0.5833333333333333,alive,complete remission,0.4035087719298245,0.07029610631848915,504.0,False,True,False,True,False,False,False,False,False,False,True,False,False,False,False,0.005441354292623942,0.19612068965517243,0.030855539971949508,0.05196451204055766,0.1485016426753992,0.5468949761342701,0,1,0,1,1,1,0,1,0,1,NA,NA,0,1,0,True,False
1,0,0,0,0,0,0,0,1,0,1,0,1,0,1,0,1,0,1,0,1,0,1,0,1,0,1,0,0,0,0,0,1,0,0,0,0,0,1,0,1,0,0,0,0,0,1,0,1,0,1,0,1,0,1,0,0,0,1,0,1,0,0,0,1,0,0,0,0,0,1,0,1,0,0,0,1,0,1,0,1,0,1,DO51478,0,0,0.631578947368421,0.5833333333333333,deceased,relapse,0.631578947368421,0.023781767311727674,282.0,False,True,False,False,False,False,False,True,False,False,False,True,False,False,False,0.05130419761616859,0.19612068965517243,0.0785413744740533,0.05196451204055766,0.4946071951963974,0.5468949761342701,0,0,0,1,0,1,0,1,0,1,NA,NA,0,1,0,True,False
1,0,0,0,0,0,0,0,1,0,1,0,1,0,1,0,1,0,1,0,1,0,1,0,1,0,1,0,0,0,1,0,1,0,0,0,0,0,0,0,0,0,0,0,1,0,1,0,1,0,1,0,0,0,1,0,0,0,1,0,1,0,0,0,1,0,0,0,0,0,0,0,1,0,0,0,1,0,1,0,1,0,1,DO51479,0,0,0.6491228070175437,0.5833333333333333,alive,NA,0.6491228070175437,0.12846817439962693,1691.0,False,True,False,False,False,False,False,False,False,True,False,False,False,False,True,0.031007082397650716,0.19612068965517243,0.019635343618513323,0.05196451204055766,0.17584088104054238,0.5468949761342701,0,0,0,1,0,1,0,1,0,1,NA,NA,0,1,0,True,False
1,0,0,0,0,0,0,0,1,0,1,0,1,0,1,0,1,0,1,0,1,0,1,0,1,0,1,0,0,0,1,0,1,0,1,0,0,0,0,0,1,0,0,0,0,0,0,0,1,0,1,0,1,0,1,0,1,0,1,0,1,0,0,0,1,0,0,0,0,0,0,0,1,0,0,0,0,0,1,0,1,0,1,DO51470,0,0,0.3157894736842104,0.5833333333333333,deceased,relapse,0.3157894736842104,0.07857309396129633,405.0,True,False,False,False,False,False,False,True,False,False,True,False,False,False,False,0.018828813266539988,0.19612068965517243,0.04488078541374474,0.05196451204055766,0.722982947815113,0.5468949761342701,0,0,0,1,0,1,0,1,0,1,NA,NA,0,1,0,True,False
1,0,0,0,0,0,1,0,1,0,1,0,1,0,1,0,1,0,1,0,1,0,1,0,1,0,1,0,0,0,1,0,1,0,0,0,0,0,1,0,1,0,0,0,0,0,1,0,1,0,1,0,1,0,1,0,0,0,1,0,1,0,1,0,1,0,0,0,0,0,0,0,1,0,0,0,1,0,1,0,1,0,1,DO51469,0,0,0.8245614035087718,0.5833333333333333,deceased,relapse,0.8245614035087718,0.04313359757519235,301.0,True,False,False,False,False,False,False,True,False,False,False,False,False,False,True,0.0543271722231819,0.19612068965517243,0.1879382889200561,0.05196451204055766,0.47390161210663073,0.5468949761342701,0,0,0,1,0,1,0,1,0,1,NA,NA,0,1,0,True,False
1,0,1,0,0,0,0,0,1,0,1,0,1,0,1,0,1,0,1,0,0,0,1,0,1,0,1,0,1,0,0,0,1,0,0,0,0,0,0,0,1,0,0,0,1,0,1,0,1,0,1,0,1,0,1,0,0,0,1,0,1,0,0,0,1,0,0,0,0,0,0,0,1,0,0,0,0,0,1,0,1,0,1,DO51464,0,0,0.6842105263157894,0.5833333333333333,deceased,no evidence of disease,0.6842105263157894,0.07029610631848915,144.0,False,True,False,False,True,False,False,False,False,False,NA,NA,NA,NA,NA,0.013128346864743479,0.19612068965517243,0.014025245441795231,0.05196451204055766,0.8048304433123677,0.5468949761342701,0,1,0,1,0,1,0,1,0,1,NA,NA,0,1,0,True,False
1,0,0,0,1,0,1,0,1,0,1,0,1,0,1,0,1,0,1,0,1,0,1,0,1,0,1,0,1,0,1,0,1,0,0,0,0,0,0,0,1,0,0,0,1,0,1,0,1,0,0,0,1,0,1,0,1,0,1,0,1,0,0,0,1,0,1,0,0,0,1,0,0,0,0,0,1,0,0,0,1,0,1,DO51465,0,0,0.7192982456140351,0.5833333333333333,deceased,progression,0.7192982456140351,0.12776871065516437,1195.0,True,False,False,False,False,False,True,False,False,False,True,False,False,False,False,0.02599758162031439,0.19612068965517243,0.05049088359046283,0.05196451204055766,0.5262580255520843,0.5468949761342701,0,0,0,1,0,1,0,1,0,1,0.0,NA,0,1,0,True,False
1,0,0,0,0,0,0,0,1,0,1,0,1,0,1,0,1,0,1,0,1,0,1,0,1,0,1,0,0,0,1,0,1,0,0,0,0,0,0,0,1,0,0,0,0,0,1,0,1,0,1,0,1,0,1,0,0,0,1,0,1,0,0,0,1,0,0,0,0,0,0,0,1,0,0,0,1,0,1,0,1,0,1,DO51466,0,0,0.631578947368421,0.5833333333333333,deceased,progression,0.631578947368421,0.04126836092329214,349.0,False,True,False,False,False,False,True,False,False,False,True,False,False,False,False,0.01856970115736742,0.19612068965517243,0.07713884992987377,0.05196451204055766,0.7181799029310796,0.5468949761342701,0,0,0,1,0,1,0,1,0,1,0.0,NA,0,1,0,True,False
1,0,1,0,0,0,1,0,0,0,1,0,1,0,1,0,1,0,1,0,1,0,1,0,1,0,1,0,0,0,0,0,1,0,0,0,0,0,1,0,1,0,0,0,0,0,1,0,1,0,1,0,1,0,1,0,0,0,1,0,1,0,1,0,1,0,0,0,1,0,1,0,1,0,0,0,1,0,1,0,1,0,1,DO51467,0,0,0.5964912280701753,0.5833333333333333,deceased,relapse,0.5964912280701753,0.07857309396129633,471.0,False,True,False,False,False,False,False,True,False,False,True,False,False,False,False,0.02729314216617723,0.19612068965517243,0.10098176718092566,0.05196451204055766,0.42961458959824805,0.5468949761342701,0,0,0,1,0,1,0,1,0,1,NA,NA,0,1,0,True,False
1,0,0,0,0,0,0,0,1,0,1,0,1,0,1,0,1,0,1,0,1,0,1,0,1,0,1,0,0,0,0,0,1,0,0,0,0,0,1,0,1,0,1,0,0,0,1,0,1,0,1,0,1,0,1,0,0,0,1,0,1,0,0,0,1,0,0,0,0,0,0,0,0,0,0,0,1,0,0,0,1,0,1,DO51468,0,0,0.631578947368421,0.5833333333333333,deceased,progression,0.631578947368421,0.17276754488225693,1093.0,False,True,False,False,False,False,True,False,False,False,True,False,False,False,False,0.02211089998272586,0.19612068965517243,0.04067321178120617,0.05196451204055766,0.5796597751419541,0.5468949761342701,0,0,0,1,0,1,0,1,0,1,0.0,NA,0,1,0,True,False
1,0,0,0,0,0,0,0,1,0,1,0,1,0,1,0,1,0,1,0,1,0,1,0,1,0,1,0,0,0,1,0,1,0,0,0,0,0,0,0,1,0,0,0,0,0,1,0,1,0,1,0,1,0,1,0,0,0,1,0,1,0,0,0,1,0,0,0,0,0,0,0,1,0,0,0,1,0,1,0,0,0,0,DO49484,1,1,0.5964912280701753,0.5833333333333333,alive,complete remission,0.5964912280701753,0.07029610631848915,287.0,False,True,False,True,False,False,False,False,False,False,False,False,False,True,False,0.015028502332008982,0.19612068965517243,0.021037868162692847,0.05196451204055766,0.9160562888192214,0.5468949761342701,0,1,0,1,0,1,0,1,0,1,NA,NA,1,1,0,True,False
1,0,0,0,0,0,1,0,1,0,1,0,1,0,1,0,1,0,1,0,1,0,1,0,1,0,1,0,0,0,0,0,1,0,0,0,0,0,1,0,1,0,1,0,0,0,1,0,1,0,1,0,1,0,1,0,0,0,1,0,1,0,1,0,1,0,0,0,0,0,0,0,1,0,0,0,1,0,1,0,0,0,0,DO49478,1,1,0.8421052631578947,0.5833333333333333,alive,complete remission,0.8421052631578947,0.07029610631848915,653.0,False,True,False,True,False,False,False,False,False,False,True,False,False,False,False,0.028934185524270167,0.19612068965517243,0.03927068723702665,0.05196451204055766,0.6754200589984216,0.5468949761342701,0,1,0,1,0,1,0,1,0,1,NA,NA,1,1,0,True,False
1,0,0,0,0,0,0,0,1,0,1,0,1,0,0,0,1,0,1,0,1,0,1,0,1,0,1,0,0,0,0,0,1,0,0,0,0,0,0,0,1,0,0,0,0,0,1,0,1,0,1,0,1,0,1,0,0,0,1,0,1,0,0,0,1,0,0,0,0,0,0,0,1,0,0,0,1,0,1,0,1,0,1,DO49475,0,0,0.7192982456140351,0.5833333333333333,deceased,relapse,0.7192982456140351,0.031942177663791094,382.0,False,True,False,False,False,False,False,True,False,False,False,True,False,False,False,0.012091898428053204,0.19612068965517243,0.07152875175315568,0.05196451204055766,0.5699676315465984,0.5468949761342701,0,0,0,1,0,1,0,1,0,1,NA,NA,0,1,0,True,False
0,0,0,0,0,0,0,0,1,0,1,0,1,0,1,0,1,0,1,0,1,0,1,0,0,0,1,0,0,0,0,0,1,0,0,0,0,0,0,0,1,0,0,0,0,0,1,0,1,0,1,0,1,0,1,0,0,0,1,0,0,0,0,0,1,0,0,0,0,0,1,0,0,0,0,0,0,0,0,0,0,0,0,DO49481,1,1,0.5438596491228069,0.5833333333333333,deceased,relapse,0.5438596491228069,0.07029610631848915,383.0,False,True,False,False,False,False,False,True,False,False,False,False,False,False,True,0.020469856624632923,0.19612068965517243,0.008415147265077139,0.05196451204055766,0.21434295039869025,0.5468949761342701,0,1,0,1,0,1,0,1,0,1,NA,NA,1,1,0,True,False
1,0,0,0,0,0,0,0,1,0,1,0,1,0,1,0,1,0,1,0,1,0,1,0,1,0,1,0,0,0,0,0,1,0,0,0,0,0,0,0,1,0,0,0,1,0,1,0,1,0,1,0,1,0,1,0,0,0,1,0,1,0,0,0,1,0,0,0,0,0,1,0,1,0,0,0,1,0,1,0,1,0,1,DO49469,0,0,0.7894736842105261,0.5833333333333333,deceased,progression,0.7894736842105261,0.05129400792725577,504.0,False,True,False,False,False,False,True,False,False,False,False,True,False,False,False,0.017878735532907235,0.19612068965517243,0.07152875175315568,0.05196451204055766,0.569894765641127,0.5468949761342701,0,0,0,1,0,1,0,1,0,1,0.0,NA,0,1,0,True,False
1,0,0,0,0,0,0,0,1,0,1,0,1,0,1,0,1,0,1,0,1,0,1,0,1,0,1,0,1,0,1,0,1,0,0,0,0,0,1,0,1,0,0,0,0,0,1,0,1,0,1,0,1,0,1,0,0,0,1,0,1,0,0,0,1,0,0,0,0,0,0,0,1,0,0,0,0,0,0,0,0,0,0,DO49466,1,1,0.807017543859649,0.5833333333333333,deceased,relapse,0.807017543859649,0.07029610631848915,312.0,False,True,False,False,False,False,False,True,False,False,False,False,False,True,False,0.029020556227327687,0.19612068965517243,0.019635343618513323,0.05196451204055766,0.7387413466502798,0.5468949761342701,0,1,0,1,0,1,0,1,0,1,NA,NA,1,1,0,True,False
1,0,0,0,0,0,0,0,0,0,1,0,1,0,1,0,1,0,1,0,1,0,1,0,1,0,1,0,0,0,1,0,1,0,0,0,0,0,1,0,1,0,1,0,0,0,1,0,1,0,1,0,1,0,1,0,1,0,1,0,1,0,0,0,1,0,0,0,1,0,0,0,1,0,0,0,1,0,1,0,1,0,1,DO49463,0,0,0.7894736842105261,0.5833333333333333,deceased,relapse,0.7894736842105261,0.0373047330380042,727.0,True,False,False,False,False,False,False,True,False,False,False,True,False,False,False,0.02789773708757989,0.19612068965517243,0.09537166900420757,0.05196451204055766,0.46478688198719065,0.5468949761342701,0,0,0,1,0,1,0,1,0,1,NA,NA,0,1,0,True,False
1,0,1,0,1,0,0,0,1,0,1,0,1,0,1,0,1,0,1,0,1,0,1,0,1,0,1,0,0,0,1,0,1,0,0,0,0,0,0,0,1,0,0,0,0,0,1,0,1,0,1,0,1,0,1,0,0,0,1,0,1,0,0,0,1,0,0,0,0,0,0,0,1,0,0,0,1,0,0,0,1,0,1,DO49472,0,0,0.5789473684210527,0.5833333333333333,deceased,progression,0.5789473684210527,0.04779668920494287,520.0,False,True,False,False,False,False,True,False,False,False,False,True,False,False,False,0.011314562100535499,0.19612068965517243,0.028050490883590462,0.05196451204055766,0.737618266076413,0.5468949761342701,0,0,0,1,0,1,0,1,0,1,0.0,NA,0,1,0,True,False
1,0,0,0,0,0,0,0,1,0,1,0,1,0,1,0,1,0,1,0,1,0,1,0,1,0,1,0,1,0,1,0,1,0,0,0,0,0,0,0,1,0,1,0,0,0,1,0,1,0,1,0,1,0,1,0,0,0,1,0,1,0,0,0,1,0,0,0,0,0,0,0,1,0,0,0,1,0,0,0,0,0,0,DO49457,1,1,0.3508771929824561,0.5833333333333333,alive,complete remission,0.3508771929824561,0.07029610631848915,904.0,True,False,False,True,False,False,False,False,False,False,True,False,False,False,False,0.02133356365520815,0.19612068965517243,0.04488078541374474,0.05196451204055766,0.8908602305227464,0.5468949761342701,0,1,0,1,0,1,0,1,0,1,NA,NA,1,1,0,True,False
1,0,0,0,0,0,0,0,1,0,0,0,1,0,1,0,1,0,1,0,0,0,1,0,1,0,1,0,0,0,1,0,1,0,0,0,0,0,0,0,1,0,1,0,1,0,1,0,1,0,1,0,1,0,1,0,0,0,1,0,1,0,0,0,1,0,0,0,0,0,0,0,0,0,0,0,0,0,0,0,1,0,1,DO49454,0,0,0.7192982456140351,0.5833333333333333,deceased,progression,0.7192982456140351,0.012124038237351363,242.0,True,False,False,False,False,False,True,False,False,False,False,False,False,True,False,0.03428916911383659,0.19612068965517243,0.07433380084151472,0.05196451204055766,0.748941772656248,0.5468949761342701,0,0,0,1,0,1,0,1,0,1,0.0,NA,0,1,0,True,False
1,0,0,0,0,0,0,0,1,0,1,0,1,0,1,0,1,0,1,0,1,0,1,0,1,0,1,0,0,0,1,0,1,0,0,0,0,0,0,0,1,0,0,0,0,0,1,0,1,0,1,0,1,0,1,0,0,0,1,0,1,0,0,0,1,0,0,0,0,0,0,0,1,0,0,0,1,0,1,0,1,0,1,DO49451,0,0,0.5789473684210527,0.5833333333333333,deceased,progression,0.5789473684210527,0.1314991839589648,918.0,False,True,False,False,False,False,True,False,False,False,True,False,False,False,False,0.027379512869234755,0.19612068965517243,0.06732117812061711,0.05196451204055766,0.6918702420790888,0.5468949761342701,0,0,0,1,0,1,0,1,0,1,0.0,NA,0,1,0,True,False
0,0,0,0,1,0,1,0,1,0,1,0,1,0,1,0,1,0,1,0,1,0,1,0,1,0,1,0,0,0,1,0,1,0,0,0,0,0,1,0,1,0,1,0,0,0,1,0,1,0,1,0,1,0,1,0,0,0,1,0,1,0,0,0,1,0,0,0,0,0,1,0,1,0,1,0,1,0,0,0,1,0,1,DO49460,0,0,0.5438596491228069,0.5833333333333333,deceased,progression,0.5438596491228069,0.06994637444625787,734.0,True,False,False,False,False,False,True,False,False,False,True,False,False,False,False,0.03506650544135429,0.19612068965517243,0.091164095371669,0.05196451204055766,0.8774403650105735,0.5468949761342701,0,0,0,1,0,1,0,1,0,1,0.0,NA,0,1,0,True,False
1,0,0,0,0,0,1,0,0,0,1,0,1,0,1,0,1,0,1,0,1,0,1,0,1,0,1,0,1,0,1,0,1,0,0,0,0,0,0,0,1,0,0,0,0,0,0,0,1,0,1,0,1,0,1,0,1,0,1,0,1,0,1,0,1,0,0,0,0,0,0,0,1,0,0,0,1,0,0,0,1,0,1,DO49448,0,0,0.6140350877192982,0.5833333333333333,deceased,progression,0.6140350877192982,0.048962462112380506,943.0,False,True,False,False,False,False,True,False,False,False,True,False,False,False,False,0.02962515114873035,0.19612068965517243,0.07152875175315568,0.05196451204055766,0.6825559180844983,0.5468949761342701,0,0,0,1,0,1,0,1,0,1,0.0,NA,0,1,0,True,False
1,0,0,0,1,0,0,0,1,0,1,0,1,0,1,0,1,0,1,0,1,0,1,0,1,0,1,0,0,0,0,0,1,0,0,0,0,0,1,0,1,0,0,0,1,0,1,0,1,0,1,0,1,0,1,0,0,0,1,0,1,0,0,0,1,0,0,0,0,0,0,0,0,0,0,0,1,0,0,0,0,0,0,DO49445,1,1,0.4736842105263157,0.5833333333333333,alive,complete remission,0.4736842105263157,0.07029610631848915,1030.0,True,False,False,True,False,False,False,False,False,False,True,False,False,False,False,0.03161167731905337,0.19612068965517243,0.019635343618513323,0.05196451204055766,0.525198811592454,0.5468949761342701,0,1,0,1,0,1,0,1,0,1,NA,NA,1,1,0,True,False
1,0,0,0,0,0,0,0,1,0,1,0,1,0,1,0,1,0,1,0,1,0,1,0,1,0,1,0,1,0,1,0,1,0,1,0,0,0,1,0,0,0,1,0,0,0,1,0,1,0,1,0,1,0,1,0,1,0,1,0,1,0,1,0,1,0,0,0,0,0,0,0,0,0,0,0,1,0,0,0,0,0,0,DO49442,1,1,0.42105263157894735,0.5833333333333333,deceased,complete remission,0.42105263157894735,0.07029610631848915,995.0,False,True,False,True,False,False,False,False,False,False,True,False,False,False,False,0.04301261012264639,0.19612068965517243,0.10378681626928471,0.05196451204055766,0.7169997235833412,0.5468949761342701,0,1,0,1,0,1,0,1,0,1,NA,NA,1,1,0,True,False
1,0,0,0,0,0,0,0,1,0,1,0,1,0,1,0,1,0,1,0,1,0,1,0,1,0,1,0,0,0,1,0,1,0,0,0,0,0,0,0,1,0,0,0,0,0,1,0,1,0,1,0,1,0,1,0,0,0,1,0,1,0,0,0,1,0,0,0,0,0,0,0,1,0,0,0,1,0,0,0,1,0,1,DO49439,0,0,0.807017543859649,0.5833333333333333,deceased,progression,0.807017543859649,0.14175798554441593,609.0,True,False,False,False,False,False,True,False,False,False,True,False,False,False,False,0.02418379685610641,0.19612068965517243,0.009817671809256662,0.05196451204055766,0.4842579892690594,0.5468949761342701,0,0,0,1,0,1,0,1,0,1,0.0,NA,0,1,0,True,False
1,0,0,0,0,0,0,0,1,0,1,0,1,0,1,0,1,0,1,0,1,0,1,0,1,0,1,0,1,0,1,0,1,0,0,0,0,0,0,0,1,0,0,0,0,0,1,0,1,0,1,0,1,0,1,0,0,0,1,0,1,0,0,0,1,0,0,0,0,0,1,0,1,0,1,0,1,0,1,0,1,0,1,DO49436,0,0,0.631578947368421,0.5833333333333333,deceased,relapse,0.631578947368421,0.08113779435765912,663.0,True,False,False,False,False,False,False,True,False,False,True,False,False,False,False,0.026256693729486955,0.19612068965517243,0.016830294530154277,0.05196451204055766,0.3668397851162605,0.5468949761342701,0,0,0,1,0,1,0,1,0,1,NA,NA,0,1,0,True,False
0,0,0,0,0,0,0,0,1,0,1,0,1,0,1,0,1,0,1,0,1,0,1,0,1,0,0,0,0,0,1,0,1,0,0,0,0,0,0,0,1,0,0,0,0,0,1,0,1,0,1,0,0,0,1,0,0,0,1,0,0,0,0,0,1,0,0,0,0,0,0,0,0,0,0,0,1,0,0,0,1,0,1,DO49433,0,0,0.26315789473684204,0.5833333333333333,deceased,relapse,0.26315789473684204,0.08137094893914665,455.0,False,True,False,False,False,False,False,True,False,False,True,False,False,False,False,0.014164795301433754,0.19612068965517243,0.028050490883590462,0.05196451204055766,0.6858568446821975,0.5468949761342701,0,0,0,1,0,1,0,1,0,1,NA,NA,0,1,0,True,False
1,0,0,0,0,0,0,0,1,0,1,0,1,0,1,0,1,0,1,0,0,0,1,0,1,0,1,0,0,0,1,0,1,0,0,0,0,0,1,0,0,0,1,0,0,0,1,0,1,0,1,0,1,0,1,0,0,0,1,0,1,0,0,0,1,0,0,0,0,0,1,0,0,0,0,0,1,0,0,0,1,0,1,DO49430,0,0,0.8421052631578947,0.5833333333333333,deceased,relapse,0.8421052631578947,0.09839123338773606,821.0,False,True,False,False,False,False,False,True,False,False,True,False,False,False,False,0.03394368630160649,0.19612068965517243,0.09957924263674614,0.05196451204055766,0.6139722914580453,0.5468949761342701,0,0,0,1,0,1,0,1,0,1,NA,NA,0,1,0,True,False
1,0,0,0,0,0,0,0,1,0,1,0,1,0,1,0,1,0,1,0,1,0,1,0,1,0,1,0,1,0,1,0,1,0,0,0,0,0,1,0,1,0,0,0,0,0,1,0,1,0,1,0,1,0,1,0,0,0,1,0,0,0,0,0,1,0,0,0,1,0,0,0,0,0,0,0,0,0,0,0,1,0,1,DO49427,0,0,0.631578947368421,0.5833333333333333,alive,complete remission,0.631578947368421,0.3457682443460014,1483.0,True,False,False,True,False,False,False,False,False,False,False,False,False,False,True,0.021247192952150627,0.19612068965517243,0.014025245441795231,0.05196451204055766,0.3998269444232744,0.5468949761342701,0,0,0,1,0,1,0,1,0,1,NA,NA,0,1,0,True,False
1,0,0,0,0,0,0,0,1,0,1,0,1,0,1,0,1,0,1,0,1,0,1,0,1,0,1,0,0,0,1,0,1,0,0,0,0,0,0,0,1,0,0,0,0,0,1,0,1,0,1,0,1,0,1,0,1,0,1,0,1,0,0,0,1,0,0,0,0,0,0,0,1,0,0,0,1,0,1,0,1,0,1,DO49424,0,0,0.894736842105263,0.5833333333333333,deceased,relapse,0.894736842105263,0.057122872464443926,292.0,False,True,False,False,False,False,False,True,False,False,False,False,False,False,True,0.024788391777509067,0.19612068965517243,0.11079943899018233,0.05196451204055766,0.7227718566364111,0.5468949761342701,0,0,0,1,0,1,0,1,0,1,NA,NA,0,1,0,True,False
1,0,0,0,0,0,1,0,1,0,1,0,1,0,1,0,1,0,1,0,1,0,1,0,1,0,1,0,0,0,1,0,1,0,0,0,0,0,0,0,1,0,0,0,0,0,1,0,1,0,1,0,1,0,1,0,1,0,1,0,1,0,1,0,1,0,0,0,0,0,0,0,0,0,0,0,0,0,1,0,1,0,1,DO49422,0,0,0.7192982456140351,0.5833333333333333,deceased,NA,0.7192982456140351,0.1049195616693868,450.0,False,True,False,False,False,False,False,False,False,True,True,False,False,False,False,0.02219727068578338,0.19612068965517243,0.05329593267882188,0.05196451204055766,0.3457492897541441,0.5468949761342701,0,0,0,1,0,1,0,1,0,1,NA,NA,0,1,0,True,False
1,0,0,0,0,0,0,0,0,0,1,0,1,0,1,0,1,0,1,0,1,0,1,0,0,0,1,0,0,0,0,0,1,0,0,0,0,0,1,0,1,0,0,0,0,0,1,0,1,0,1,0,1,0,1,0,0,0,1,0,1,0,0,0,1,0,0,0,0,0,0,0,0,0,0,0,0,0,1,0,1,0,1,DO49420,0,0,0.5438596491228069,0.5833333333333333,alive,relapse,0.5438596491228069,0.21030543250174866,1164.0,False,True,False,False,False,False,False,True,False,False,True,False,False,False,False,0.018656071860424943,0.19612068965517243,0.012622720897615708,0.05196451204055766,0.20182595604699902,0.5468949761342701,0,0,0,1,0,1,0,1,0,1,NA,NA,0,1,0,True,False
1,0,1,0,0,0,0,0,0,0,1,0,1,0,1,0,1,0,1,0,1,0,1,0,1,0,1,0,0,0,1,0,1,0,0,0,0,0,1,0,1,0,0,0,1,0,1,0,1,0,1,0,1,0,1,0,0,0,1,0,1,0,0,0,1,0,0,0,0,0,0,0,1,0,0,0,1,0,1,0,1,0,1,DO49421,0,0,0.7192982456140351,0.5833333333333333,deceased,relapse,0.7192982456140351,0.07297738400559571,385.0,True,False,False,False,False,False,False,True,False,False,True,False,False,False,False,0.029020556227327687,0.19612068965517243,0.043478260869565216,0.05196451204055766,0.5035519942780202,0.5468949761342701,0,0,0,1,0,1,0,1,0,1,NA,NA,0,1,0,True,False
1,0,0,0,0,0,1,0,1,0,1,0,1,0,1,0,1,0,1,0,1,0,1,0,1,0,1,0,1,0,1,0,1,0,1,0,1,0,0,0,1,0,0,0,1,0,1,0,1,0,1,0,1,0,1,0,0,0,1,0,1,0,0,0,1,0,0,0,0,0,1,0,1,0,0,0,1,0,0,0,1,0,1,DO49419,0,0,0.29824561403508765,0.5833333333333333,deceased,progression,0.29824561403508765,0.07157845651667055,672.0,False,True,False,False,False,False,True,False,False,False,True,False,False,False,False,0.06538262221454483,0.19612068965517243,0.22720897615708274,0.05196451204055766,0.4138652816198227,0.5468949761342701,0,0,0,1,0,1,0,1,0,1,0.0,NA,0,1,0,True,False
1,0,0,0,0,0,1,0,1,0,1,0,1,0,1,0,1,0,1,0,1,0,1,0,1,0,1,0,1,0,1,0,1,0,0,0,0,0,0,0,0,0,0,0,1,0,1,0,1,0,1,0,1,0,1,0,1,0,1,0,1,0,0,0,1,0,0,0,1,0,1,0,1,0,0,0,1,0,1,0,1,0,1,DO49418,0,0,0.4385964912280702,0.5833333333333333,deceased,progression,0.4385964912280702,0.19864770342737234,1095.0,False,True,False,False,False,False,True,False,False,False,True,False,False,False,False,0.047590257384695106,0.19612068965517243,0.03927068723702665,0.05196451204055766,0.6315227921238449,0.5468949761342701,0,0,0,1,0,1,0,1,0,1,0.0,NA,0,1,0,True,False
1,0,0,0,0,0,1,0,0,0,1,0,1,0,1,0,1,0,1,0,1,0,0,0,1,0,1,0,0,0,0,0,1,0,0,0,0,0,1,0,1,0,0,0,0,0,1,0,1,0,1,0,1,0,1,0,0,0,1,0,1,0,0,0,1,0,0,0,1,0,1,0,1,0,0,0,1,0,1,0,1,0,1,DO227482,0,0,0.5964912280701753,0.5833333333333333,deceased,NA,0.5964912280701753,0.07029610631848915,NA,True,False,False,False,False,False,False,False,False,True,NA,NA,NA,NA,NA,0.010019001554672655,0.19612068965517243,0.07012622720897616,0.05196451204055766,0.7359569948824468,0.5468949761342701,1,1,0,1,0,1,0,1,1,1,NA,NA,0,1,0,True,False
1,0,0,0,0,0,0,0,1,0,1,0,1,0,1,0,1,0,1,0,0,0,1,0,1,0,1,0,0,0,0,0,1,0,0,0,0,0,0,0,1,0,0,0,0,0,1,0,1,0,1,0,1,0,1,0,0,0,1,0,1,0,0,0,1,0,0,0,0,0,0,0,1,0,1,0,0,0,1,0,1,0,1,DO227485,0,0,0.5964912280701753,0.5833333333333333,alive,NA,0.5964912280701753,0.07029610631848915,NA,True,False,False,False,False,False,False,False,False,True,NA,NA,NA,NA,NA,0.012437381240283296,0.19612068965517243,0.06030855539971949,0.05196451204055766,0.717724070738333,0.5468949761342701,1,1,0,1,0,1,0,1,1,1,NA,NA,0,1,0,True,False
1,0,1,0,0,0,0,0,0,0,1,0,1,0,1,0,1,0,1,0,1,0,1,0,1,0,1,0,1,0,1,0,1,0,0,0,0,0,1,0,1,0,0,0,0,0,1,0,1,0,1,0,1,0,1,0,0,0,1,0,1,0,0,0,1,0,0,0,0,0,0,0,1,0,0,0,1,0,1,0,0,0,0,DO227604,1,1,0.5964912280701753,0.5833333333333333,deceased,NA,0.5964912280701753,0.07029610631848915,NA,True,False,False,False,False,False,False,False,False,True,False,False,False,False,True,0.01105544999136293,0.19612068965517243,0.04908835904628331,0.05196451204055766,0.2816214028240267,0.5468949761342701,1,1,0,1,0,1,0,1,1,1,NA,NA,1,1,0,True,False
1,0,0,0,0,0,0,0,0,0,1,0,1,0,1,0,1,0,1,0,0,0,1,0,0,0,1,0,0,0,0,0,1,0,0,0,0,0,0,0,1,0,0,0,0,0,1,0,1,0,1,0,1,0,1,0,0,0,1,0,1,0,0,0,1,0,0,0,0,0,0,0,1,0,0,0,0,0,0,0,0,0,0,DO227625,1,1,0.5964912280701753,0.5833333333333333,alive,NA,0.5964912280701753,0.07029610631848915,NA,False,True,False,False,False,False,False,False,False,True,False,False,False,False,True,0.008118846087407152,0.19612068965517243,0.005610098176718092,0.05196451204055766,0.279551593890792,0.5468949761342701,1,1,0,1,0,1,0,1,1,1,NA,NA,1,1,0,True,False
1,0,0,0,0,0,0,0,1,0,1,0,1,0,1,0,1,0,1,0,1,0,1,0,1,0,1,0,1,0,1,0,1,0,0,0,0,0,1,0,1,0,1,0,0,0,1,0,1,0,1,0,1,0,1,0,0,0,1,0,1,0,1,0,1,0,0,0,1,0,0,0,1,0,0,0,1,0,0,0,0,0,0,DO227596,1,1,0.5964912280701753,0.5833333333333333,deceased,NA,0.5964912280701753,0.07029610631848915,NA,False,True,False,False,False,False,False,False,False,True,False,False,False,False,True,0.015978580065641734,0.19612068965517243,0.2300140252454418,0.05196451204055766,0.9828691197726693,0.5468949761342701,1,1,0,1,0,1,0,1,1,1,NA,NA,1,1,0,True,False
1,1,0,0,1,1,1,1,1,1,1,1,1,1,1,1,1,1,1,1,1,1,1,1,1,1,1,1,1,1,0,1,1,1,0,0,0,0,1,1,1,0,0,1,0,0,1,1,1,1,1,1,1,1,1,1,0,0,1,1,1,1,1,1,1,1,0,0,0,0,1,1,1,1,1,1,1,1,1,1,1,2,3,DO227531,1,1,0.5964912280701753,0.5833333333333333,deceased,NA,0.5964912280701753,0.07029610631848915,NA,False,True,False,False,False,False,False,False,False,True,False,False,False,False,True,0.10848160304024874,0.8060344827586207,1.0,0.6641318124207858,0.47073184595254813,0.5982498019818456,1,1,0,0,0,0,0,0,1,1,NA,NA,1,1,1,True,True
1,1,0,0,0,0,0,0,1,1,1,1,1,1,1,1,1,1,1,1,1,1,1,1,1,1,1,1,0,1,1,1,1,1,0,0,0,0,1,1,1,1,0,0,0,0,1,1,1,1,1,1,1,1,1,1,0,0,1,1,1,1,0,1,1,1,0,0,0,0,0,0,1,1,0,0,1,1,1,1,1,2,3,DO227544,1,1,0.5964912280701753,0.5833333333333333,deceased,NA,0.5964912280701753,0.07029610631848915,NA,False,True,False,False,False,False,False,False,False,True,False,False,False,False,True,0.010105372257730179,0.21982758620689657,0.037868162692847124,0.06337135614702154,0.4248521815197299,0.6527765891270665,1,1,0,0,0,0,0,0,1,1,NA,NA,1,1,1,True,True
1,0,0,0,0,0,0,0,1,0,1,0,1,0,1,0,1,0,1,0,1,0,1,0,1,0,1,0,1,0,1,0,1,0,0,0,0,0,1,0,1,0,0,0,0,0,1,0,1,0,1,0,1,0,1,0,0,0,1,0,1,0,0,0,1,0,0,0,0,0,0,0,0,0,0,0,1,0,1,0,1,0,1,DO227554,0,0,0.5964912280701753,0.5833333333333333,deceased,NA,0.5964912280701753,0.07029610631848915,NA,True,False,False,False,False,False,False,False,False,True,NA,NA,NA,NA,NA,0.01831058904819485,0.19612068965517243,0.10659186535764376,0.05196451204055766,0.6037470389400706,0.5468949761342701,1,1,0,1,0,1,0,1,1,1,NA,NA,0,1,0,True,False
1,1,0,0,0,0,1,1,1,1,1,1,1,1,1,1,1,1,1,1,1,1,1,1,1,1,1,1,0,0,1,1,1,1,1,1,0,0,1,1,1,1,0,0,0,1,1,1,1,1,1,1,1,1,1,1,1,0,1,1,1,1,1,1,1,1,0,0,1,1,0,0,1,1,0,0,1,1,0,0,1,2,3,DO227558,1,1,0.5964912280701753,0.5833333333333333,deceased,NA,0.5964912280701753,0.07029610631848915,NA,False,True,False,False,False,False,False,False,False,True,False,False,False,False,True,0.03342546208326135,0.3911637931034483,0.40392706872370265,0.2636248415716096,0.7783392154038794,0.7418894135615364,1,1,0,0,0,0,0,0,1,1,NA,NA,1,1,1,True,True
1,0,1,0,0,0,1,0,1,0,1,0,1,0,1,0,1,0,1,0,1,0,1,0,1,0,1,0,1,0,1,0,1,0,0,0,0,0,0,0,1,0,0,0,1,0,1,0,1,0,1,0,1,0,1,0,0,0,1,0,1,0,1,0,1,0,0,0,0,0,0,0,1,0,0,0,1,0,1,0,0,0,0,DO227564,1,1,0.5964912280701753,0.5833333333333333,deceased,NA,0.5964912280701753,0.07029610631848915,NA,False,True,False,False,False,False,False,False,False,True,False,False,False,False,True,0.031007082397650716,0.19612068965517243,0.037868162692847124,0.05196451204055766,0.5273644479463634,0.5468949761342701,1,1,0,1,0,1,0,1,1,1,NA,NA,1,1,1,True,False
0,1,0,0,0,0,0,1,0,1,1,1,1,1,1,1,1,1,1,1,1,1,1,1,1,1,1,1,0,0,1,0,1,1,0,0,0,0,1,0,1,1,0,0,0,0,1,1,1,0,1,1,1,1,1,1,0,0,1,1,1,1,1,1,1,1,0,0,0,0,0,0,1,0,0,0,0,0,1,1,1,2,3,DO227570,1,1,0.5964912280701753,0.5833333333333333,deceased,NA,0.5964912280701753,0.07029610631848915,NA,False,True,False,False,False,False,False,False,False,True,False,False,False,False,True,0.009068923821039904,0.19288793103448276,0.03506311360448808,0.13434727503168567,0.26022074507661686,0.9999999999999998,1,1,0,0,0,0,0,0,1,1,NA,NA,1,1,1,True,True
1,0,0,0,0,0,0,0,0,0,1,0,1,0,1,0,1,0,1,0,0,0,0,0,1,0,1,0,0,0,0,0,1,0,1,0,0,0,0,0,1,0,0,0,0,0,0,0,1,0,1,0,1,0,1,0,0,0,1,0,0,0,0,0,1,0,0,0,0,0,0,0,0,0,0,0,0,0,0,0,0,0,0,DO227581,1,1,0.5964912280701753,0.5833333333333333,deceased,NA,0.5964912280701753,0.07029610631848915,NA,True,False,False,False,False,False,False,False,False,True,False,False,False,False,True,0.004664017965106237,0.19612068965517243,0.021037868162692847,0.05196451204055766,0.15626592439118916,0.5468949761342701,1,1,0,1,0,1,0,1,1,1,NA,NA,1,1,0,True,False
1,0,0,0,0,0,0,0,0,0,1,0,1,0,1,0,1,0,1,0,1,0,1,0,1,0,1,0,0,0,0,0,1,0,0,0,0,0,0,0,1,0,0,0,0,0,1,0,1,0,1,0,1,0,1,0,1,0,1,0,1,0,0,0,1,0,0,0,0,0,0,0,0,0,0,0,1,0,1,0,0,0,0,DO227704,1,1,0.5964912280701753,0.5833333333333333,deceased,NA,0.5964912280701753,0.07029610631848915,NA,False,True,False,False,False,False,False,False,False,True,False,False,False,False,True,0.00837795819657972,0.19612068965517243,0.0364656381486676,0.05196451204055766,0.5517857117097161,0.5468949761342701,1,1,0,1,0,1,0,1,1,1,NA,NA,1,1,0,True,False
1,0,0,0,0,0,0,0,0,0,1,0,1,0,1,0,1,0,1,0,1,0,1,0,0,0,1,0,1,0,0,0,1,0,1,0,0,0,0,0,1,0,0,0,0,0,1,0,1,0,0,0,1,0,1,0,0,0,1,0,0,0,0,0,1,0,0,0,0,0,0,0,1,0,0,0,0,0,1,0,0,0,0,DO227721,1,1,0.5964912280701753,0.5833333333333333,alive,NA,0.5964912280701753,0.07029610631848915,NA,False,True,False,False,False,False,False,False,False,True,False,False,False,False,True,0.010191742960787701,0.19612068965517243,0.015427769985974754,0.05196451204055766,0.7060994635461487,0.5468949761342701,1,1,0,1,0,1,0,1,1,1,NA,NA,1,1,0,True,False
1,0,0,0,1,0,0,0,1,0,1,0,1,0,1,0,1,0,1,0,1,0,1,0,1,0,1,0,0,0,1,0,1,0,0,0,0,0,1,0,1,0,0,0,0,0,1,0,1,0,1,0,1,0,1,0,0,0,1,0,1,0,0,0,1,0,0,0,0,0,0,0,1,0,1,0,1,0,1,0,0,0,0,DO227727,1,1,0.5964912280701753,0.5833333333333333,alive,NA,0.5964912280701753,0.07029610631848915,NA,False,True,False,False,False,False,False,False,False,True,False,False,False,False,True,0.013905683192261185,0.19612068965517243,0.037868162692847124,0.05196451204055766,0.678443727258789,0.5468949761342701,1,1,0,1,0,1,0,1,1,1,NA,NA,1,1,0,True,False
1,0,1,0,0,0,0,0,0,0,1,0,1,0,1,0,1,0,1,0,1,0,1,0,1,0,1,0,0,0,1,0,1,0,0,0,0,0,1,0,1,0,0,0,0,0,1,0,1,0,1,0,1,0,1,0,0,0,1,0,1,0,0,0,1,0,0,0,0,0,0,0,1,0,0,0,1,0,1,0,0,0,0,DO227736,1,1,0.5964912280701753,0.5833333333333333,deceased,NA,0.5964912280701753,0.07029610631848915,NA,False,True,False,False,False,False,False,False,False,True,False,False,False,False,True,0.019087925375712557,0.19612068965517243,0.05890603085553997,0.05196451204055766,0.5820872568652878,0.5468949761342701,1,1,0,1,0,1,0,1,1,1,NA,NA,1,1,0,True,False
1,0,0,0,0,0,0,0,0,0,1,0,1,0,1,0,1,0,1,0,1,0,1,0,1,0,1,0,1,0,1,0,1,0,0,0,0,0,1,0,1,0,0,0,0,0,1,0,1,0,1,0,1,0,1,0,0,0,0,0,1,0,0,0,1,0,0,0,1,0,1,0,1,0,0,0,0,0,1,0,0,0,0,DO227742,1,1,0.5964912280701753,0.5833333333333333,deceased,NA,0.5964912280701753,0.07029610631848915,NA,False,True,False,False,False,False,False,False,False,True,False,False,False,False,True,0.01494213162895146,0.19612068965517243,0.07713884992987377,0.05196451204055766,0.7333704068385081,0.5468949761342701,1,1,0,1,0,1,0,1,1,1,NA,NA,1,1,0,True,False
1,0,0,0,0,0,0,0,1,0,1,0,1,0,1,0,1,0,1,0,1,0,1,0,1,0,1,0,0,0,1,0,1,0,0,0,0,0,1,0,1,0,0,0,0,0,1,0,1,0,1,0,1,0,1,0,1,0,1,0,1,0,0,0,1,0,0,0,0,0,0,0,1,0,0,0,1,0,1,0,0,0,0,DO227633,1,1,0.5964912280701753,0.5833333333333333,deceased,NA,0.5964912280701753,0.07029610631848915,NA,False,True,False,False,False,False,False,False,False,True,False,False,False,False,True,0.013560200380031093,0.19612068965517243,0.047685834502103785,0.05196451204055766,0.655210112010862,0.5468949761342701,1,1,0,1,0,1,0,1,1,1,NA,NA,1,1,0,True,False
1,0,0,0,0,0,0,0,1,0,1,0,1,0,1,0,1,0,1,0,1,0,1,0,1,0,1,0,0,0,1,0,1,0,0,0,0,0,1,0,1,0,0,0,0,0,1,0,1,0,1,0,1,0,1,0,0,0,0,0,1,0,0,0,1,0,0,0,0,0,0,0,1,0,0,0,1,0,1,0,0,0,0,DO227636,1,1,0.5964912280701753,0.5833333333333333,alive,NA,0.5964912280701753,0.07029610631848915,NA,True,False,False,False,False,False,False,False,False,True,False,False,False,False,True,0.015201243738124029,0.19612068965517243,0.09396914446002805,0.05196451204055766,0.7541657347600667,0.5468949761342701,1,1,0,1,0,1,0,1,1,1,NA,NA,1,1,0,True,False
1,0,0,0,0,0,0,0,1,0,1,0,1,0,1,0,1,0,1,0,1,0,1,0,1,0,1,0,0,0,1,0,1,0,0,0,0,0,0,0,1,0,0,0,0,0,1,0,1,0,1,0,1,0,1,0,1,0,1,0,1,0,0,0,1,0,0,0,0,0,0,0,1,0,0,0,1,0,1,0,0,0,0,DO227648,1,1,0.5964912280701753,0.5833333333333333,deceased,NA,0.5964912280701753,0.07029610631848915,NA,True,False,False,False,False,False,False,False,False,True,False,False,False,False,True,0.011573674209708068,0.19612068965517243,0.030855539971949508,0.05196451204055766,0.5190397374265098,0.5468949761342701,1,1,0,1,0,1,0,1,1,1,NA,NA,1,1,0,True,False
1,0,0,0,0,0,1,0,1,0,1,0,1,0,1,0,1,0,1,0,0,0,1,0,1,0,1,0,0,0,1,0,1,0,1,0,0,0,0,0,1,0,0,0,0,0,1,0,1,0,1,0,1,0,1,0,0,0,1,0,1,0,0,0,1,0,0,0,0,0,0,0,1,0,0,0,1,0,1,0,0,0,0,DO227652,1,1,0.5964912280701753,0.5833333333333333,alive,NA,0.5964912280701753,0.07029610631848915,NA,False,True,False,False,False,False,False,False,False,True,False,False,False,False,True,0.009932630851615132,0.19612068965517243,0.02664796633941094,0.05196451204055766,0.7148547054084471,0.5468949761342701,1,1,0,1,0,1,0,1,1,1,NA,NA,1,1,0,True,False
1,0,0,0,0,0,0,0,0,0,1,0,1,0,1,0,1,0,1,0,1,0,1,0,1,0,1,0,0,0,1,0,1,0,1,0,0,0,1,0,0,0,0,0,1,0,1,0,1,0,1,0,1,0,1,0,0,0,1,0,1,0,0,0,1,0,0,0,0,0,0,0,1,0,1,0,0,0,0,0,0,0,0,DO227661,1,1,0.5964912280701753,0.5833333333333333,alive,NA,0.5964912280701753,0.07029610631848915,NA,False,True,False,False,False,False,False,False,False,True,False,False,False,False,True,0.00595957851096908,0.19612068965517243,0.10238429172510519,0.05196451204055766,0.7818649293661726,0.5468949761342701,1,1,0,1,0,1,0,1,1,1,NA,NA,1,1,0,True,False
1,0,0,0,0,0,0,0,1,0,1,0,1,0,1,0,1,0,1,0,1,0,1,0,1,0,1,0,0,0,1,0,1,0,0,0,0,0,0,0,1,0,0,0,0,0,1,0,1,0,1,0,1,0,1,0,0,0,1,0,1,0,0,0,1,0,0,0,0,0,0,0,0,0,0,0,1,0,1,0,0,0,0,DO227671,1,1,0.5964912280701753,0.5833333333333333,deceased,NA,0.5964912280701753,0.07029610631848915,NA,True,False,False,False,False,False,False,False,False,True,False,False,False,False,True,0.011487303506650543,0.19612068965517243,0.05750350631136045,0.05196451204055766,0.7238374474644221,0.5468949761342701,1,1,0,1,0,1,0,1,1,1,NA,NA,1,1,0,True,False
1,0,0,0,0,0,1,0,1,0,1,0,1,0,1,0,1,0,1,0,0,0,1,0,1,0,1,0,0,0,1,0,1,0,0,0,0,0,1,0,1,0,0,0,0,0,1,0,1,0,1,0,1,0,1,0,0,0,1,0,1,0,0,0,1,0,0,0,0,0,0,0,1,0,0,0,0,0,1,0,0,0,0,DO227687,1,1,0.5964912280701753,0.5833333333333333,deceased,NA,0.5964912280701753,0.07029610631848915,NA,False,True,False,False,False,False,False,False,False,True,False,False,False,False,True,0.006650544135429263,0.19612068965517243,0.043478260869565216,0.05196451204055766,0.6429061901890324,0.5468949761342701,1,1,0,1,0,1,0,1,1,1,NA,NA,1,1,0,True,False
1,0,0,0,1,0,0,0,1,0,1,0,1,0,1,0,1,0,1,0,1,0,1,0,1,0,1,0,0,0,1,0,1,0,0,0,0,0,1,0,1,0,0,0,0,0,1,0,1,0,1,0,1,0,1,0,0,0,1,0,1,0,0,0,1,0,0,0,1,0,0,0,1,0,0,0,1,0,1,0,0,0,0,DO227684,1,1,0.5964912280701753,0.5833333333333333,deceased,NA,0.5964912280701753,0.07029610631848915,NA,True,False,False,False,False,False,False,False,False,True,False,False,False,False,True,0.01831058904819485,0.19612068965517243,0.02244039270687237,0.05196451204055766,0.7889119960217817,0.5468949761342701,1,1,0,1,0,1,0,1,1,1,NA,NA,1,1,0,True,False
1,0,0,0,1,0,0,0,0,0,1,0,1,0,1,0,0,0,1,0,1,0,1,0,1,0,1,0,0,0,0,0,1,0,0,0,0,0,0,0,1,0,0,0,1,0,1,0,1,0,1,0,1,0,1,0,0,0,1,0,0,0,0,0,1,0,0,0,0,0,0,0,1,0,0,0,1,0,1,0,0,0,0,DO227695,1,1,0.5964912280701753,0.5833333333333333,deceased,NA,0.5964912280701753,0.07029610631848915,NA,True,False,False,False,False,False,False,False,False,True,False,False,False,False,True,0.014596648816721368,0.19612068965517243,0.03927068723702665,0.05196451204055766,0.6467811085877123,0.5468949761342701,1,1,0,1,0,1,0,1,1,1,NA,NA,1,1,0,True,False
0,0,0,0,0,0,0,0,0,0,0,0,0,0,0,0,0,0,0,0,0,0,0,0,0,0,0,0,0,0,0,0,0,0,0,0,0,0,0,0,1,0,0,0,0,0,0,0,0,0,0,0,0,0,0,0,0,0,0,0,0,0,0,0,0,0,0,0,0,0,0,0,0,0,0,0,0,0,0,0,1,0,1,DO35478,0,0,0.29824561403508765,0.5833333333333333,alive,NA,0.29824561403508765,0.07029610631848915,NA,True,False,False,False,False,False,False,False,False,True,NA,NA,NA,NA,NA,0.013560200380031093,0.19612068965517243,0.030855539971949508,0.05196451204055766,0.8026260536522224,0.5468949761342701,0,1,0,1,1,1,0,1,0,1,NA,NA,0,1,0,True,False
0,0,0,0,0,0,0,0,1,0,0,0,0,0,0,0,1,0,0,0,0,0,0,0,0,0,0,0,0,0,0,0,0,0,0,0,0,0,0,0,1,0,0,0,0,0,0,0,0,0,0,0,0,0,0,0,0,0,0,0,0,0,0,0,0,0,0,0,0,0,0,0,0,0,0,0,0,0,1,0,1,0,1,DO35484,0,0,0.1929824561403508,0.5833333333333333,alive,progression,0.1929824561403508,0.07029610631848915,NA,False,True,False,False,False,False,True,False,False,False,NA,NA,NA,NA,NA,0.010796337882190362,0.19612068965517243,0.030855539971949508,0.05196451204055766,0.8101660264821233,0.5468949761342701,0,1,0,1,1,1,0,1,0,1,0.0,NA,0,1,0,True,False
1,0,0,0,0,0,0,0,0,0,0,0,1,0,1,0,1,0,1,0,0,0,1,0,1,0,1,0,0,0,0,0,1,0,0,0,0,0,0,0,1,0,0,0,0,0,1,0,1,0,1,0,1,0,1,0,0,0,0,0,1,0,0,0,1,0,0,0,1,0,0,0,0,0,0,0,0,0,1,0,1,0,1,DO35454,0,0,0.7192982456140351,0.5833333333333333,deceased,relapse,0.7192982456140351,0.04499883422709256,306.0,True,False,False,False,False,False,False,True,False,False,False,False,False,True,False,0.02599758162031439,0.19612068965517243,0.011220196353436185,0.05196451204055766,0.81043755948892,0.5468949761342701,0,0,0,1,0,1,0,1,0,1,NA,NA,0,1,0,True,False
0,0,0,0,0,0,0,0,0,0,0,0,0,0,0,0,0,0,0,0,0,0,0,0,0,0,0,0,0,0,0,0,0,0,0,0,0,0,0,0,1,0,0,0,0,0,0,0,0,0,0,0,0,0,0,0,0,0,0,0,0,0,0,0,0,0,0,0,0,0,0,0,0,0,0,0,0,0,1,0,1,0,1,DO35460,0,0,0.7543859649122806,0.5833333333333333,NA,complete remission,0.7543859649122806,0.07029610631848915,339.0,False,False,True,True,False,False,False,False,False,False,NA,NA,NA,NA,NA,0.009328035930212471,0.19612068965517243,0.030855539971949508,0.05196451204055766,0.05256193718251517,0.5468949761342701,0,1,0,1,1,1,0,1,0,1,NA,NA,0,1,0,True,False
1,0,1,0,1,0,1,0,1,0,1,0,1,0,1,0,1,0,1,0,1,0,1,0,1,0,1,0,1,0,1,0,1,0,1,0,1,0,1,0,1,0,1,0,1,0,1,0,1,0,1,0,1,0,1,0,1,0,1,0,1,0,1,0,1,0,1,0,1,0,1,0,1,0,1,0,1,0,1,0,0,0,0,DO35442,1,1,0.3508771929824561,0.5833333333333333,alive,complete remission,0.3508771929824561,0.07029610631848915,1331.0,True,False,False,True,False,False,False,False,False,False,True,False,False,False,False,0.9999999999999999,0.19612068965517243,0.10659186535764376,0.05196451204055766,0.2457025191750363,0.5468949761342701,0,1,0,1,0,1,0,1,0,1,NA,NA,1,1,0,True,False
1,0,0,0,0,0,0,0,1,0,1,0,1,0,1,0,1,0,1,0,1,0,1,0,1,0,1,0,0,0,0,0,1,0,0,0,0,0,0,0,1,0,0,0,0,0,1,0,1,0,1,0,1,0,1,0,0,0,0,0,1,0,0,0,1,0,0,0,0,0,0,0,1,0,0,0,1,0,1,0,1,0,1,DO35424,0,0,0.7192982456140351,0.5833333333333333,deceased,progression,0.7192982456140351,0.0925623688505479,565.0,False,True,False,False,False,False,True,False,False,False,True,False,False,False,False,0.025652098808084296,0.19612068965517243,0.02664796633941094,0.05196451204055766,0.617008685214228,0.5468949761342701,0,0,0,1,0,1,0,1,0,1,0.0,NA,0,1,0,True,False
1,0,0,0,0,0,0,0,1,0,1,0,1,0,1,0,1,0,1,0,1,0,1,0,1,0,1,0,0,0,0,0,1,0,0,0,0,0,0,0,1,0,1,0,0,0,1,0,1,0,1,0,0,0,1,0,0,0,1,0,1,0,0,0,1,0,0,0,0,0,0,0,1,0,0,0,1,0,1,0,1,0,1,DO35496,0,0,0.5263157894736841,0.5833333333333333,deceased,progression,0.5263157894736841,0.128934483562602,1072.0,True,False,False,False,False,False,True,False,False,False,False,False,True,False,False,0.019951632406287785,0.19612068965517243,0.03506311360448808,0.05196451204055766,0.6360448578527477,0.5468949761342701,0,0,0,1,0,1,0,1,0,1,0.0,NA,0,1,0,True,False
1,0,0,0,0,0,1,0,0,0,1,0,1,0,1,0,1,0,1,0,1,0,1,0,1,0,1,0,0,0,0,0,1,0,0,0,0,0,1,0,1,0,0,0,0,0,1,0,1,0,1,0,1,0,1,0,0,0,1,0,0,0,0,0,1,0,0,0,0,0,0,0,1,0,0,0,0,0,1,0,0,0,0,DO35406,1,1,0.36842105263157887,0.5833333333333333,deceased,complete remission,0.36842105263157887,0.07029610631848915,132.0,False,True,False,True,False,False,False,False,False,False,False,False,False,True,False,0.019433408187942647,0.19612068965517243,0.03506311360448808,0.05196451204055766,0.35236443749436874,0.5468949761342701,0,1,0,1,0,1,0,1,0,1,NA,NA,1,1,0,True,False
1,0,1,0,1,0,0,0,1,0,1,0,1,0,1,0,1,0,1,0,1,0,1,0,1,0,1,0,0,0,1,0,1,0,0,0,1,0,1,0,1,0,1,0,0,0,1,0,1,0,1,0,1,0,1,0,0,0,1,0,1,0,1,0,1,0,0,0,0,0,0,0,1,0,0,0,0,0,0,0,1,0,1,DO35350,0,0,0.7543859649122806,0.5833333333333333,deceased,relapse,0.7543859649122806,0.01795290277453952,121.0,False,True,False,False,False,False,False,True,False,False,False,False,False,False,True,0.07574710658144758,0.19612068965517243,0.2861150070126227,0.05196451204055766,0.522691165507097,0.5468949761342701,0,0,0,1,0,1,0,1,0,1,NA,NA,0,1,0,True,False
1,0,1,0,0,0,0,0,1,0,0,0,1,0,1,0,1,0,1,0,0,0,1,0,0,0,0,0,0,0,0,0,1,0,0,0,0,0,0,0,1,0,0,0,0,0,1,0,1,0,1,0,1,0,1,0,0,0,1,0,1,0,0,0,1,0,0,0,0,0,0,0,1,0,0,0,1,0,1,0,1,0,1,DO35365,0,0,0.49122807017543857,0.5833333333333333,alive,partial remission,0.49122807017543857,0.07029610631848915,889.0,False,True,False,False,False,True,False,False,False,False,NA,NA,NA,NA,NA,0.010019001554672655,0.19612068965517243,0.021037868162692847,0.05196451204055766,0.8067527133852078,0.5468949761342701,0,1,0,1,0,1,0,1,0,1,NA,NA,0,1,0,True,False
1,0,0,0,1,0,0,0,0,0,1,0,1,0,1,0,1,0,1,0,0,0,1,0,1,0,1,0,0,0,1,0,1,0,0,0,0,0,1,0,1,0,0,0,1,0,1,0,1,0,1,0,1,0,1,0,0,0,1,0,1,0,0,0,1,0,0,0,1,0,0,0,1,0,0,0,0,0,0,0,0,0,0,DO35360,1,1,0.5614035087719298,0.5833333333333333,alive,complete remission,0.5614035087719298,0.07029610631848915,2174.0,False,True,False,True,False,False,False,False,False,False,True,False,False,False,False,0.020469856624632923,0.19612068965517243,0.025245441795231416,0.05196451204055766,0.5653001087771699,0.5468949761342701,0,1,0,1,0,1,0,1,0,1,NA,NA,1,1,0,True,False
1,0,0,0,0,0,0,0,1,0,1,0,1,0,0,0,1,0,1,0,1,0,1,0,1,0,1,0,1,0,1,0,0,0,0,0,0,0,0,0,0,0,0,0,0,0,1,0,0,0,1,0,1,0,1,0,1,0,1,0,1,0,0,0,1,0,0,0,0,0,0,0,1,0,0,0,1,0,0,0,1,0,1,DO35330,0,0,0.5263157894736841,0.5833333333333333,deceased,relapse,0.5263157894736841,0.24248076474702726,1321.0,False,True,False,False,False,False,False,True,False,False,True,False,False,False,False,0.01615132147175678,0.19612068965517243,0.014025245441795231,0.05196451204055766,0.6206496290509047,0.5468949761342701,0,0,0,1,0,1,0,1,0,1,NA,NA,0,1,0,True,False
0,0,0,0,0,0,0,0,0,0,0,0,0,0,0,0,0,0,0,0,0,0,0,0,0,0,0,0,0,0,0,0,0,0,0,0,0,0,0,0,1,0,0,0,1,0,0,0,0,0,0,0,0,0,1,0,0,0,0,0,0,0,0,0,0,0,0,0,0,0,0,0,0,0,0,0,0,0,1,0,1,0,1,DO35345,0,0,0.7368421052631577,0.5833333333333333,deceased,NA,0.7368421052631577,0.07029610631848915,NA,False,True,False,False,False,False,False,False,False,True,NA,NA,NA,NA,NA,0.017878735532907235,0.19612068965517243,0.030855539971949508,0.05196451204055766,0.43941879889508917,0.5468949761342701,0,1,0,1,1,1,0,1,0,1,NA,NA,0,1,0,True,False
0,0,0,0,0,0,0,0,0,0,0,0,0,0,0,0,0,0,0,0,0,0,0,0,0,0,0,0,0,0,0,0,0,0,0,0,0,0,0,0,1,0,0,0,0,0,0,0,0,0,0,0,0,0,0,0,0,0,0,0,0,0,0,0,0,0,0,0,0,0,0,0,0,0,0,0,0,0,1,0,1,0,1,DO35315,0,0,0.4035087719298245,0.5833333333333333,alive,complete remission,0.4035087719298245,0.07029610631848915,21.0,False,True,False,True,False,False,False,False,False,False,NA,NA,NA,NA,NA,0.01347382967697357,0.19612068965517243,0.030855539971949508,0.05196451204055766,0.7331683880244789,0.5468949761342701,0,1,0,1,1,1,0,1,0,1,NA,NA,0,1,0,True,False
0,0,0,0,0,0,0,0,0,0,0,0,0,0,0,0,0,0,0,0,0,0,0,0,0,0,1,0,0,0,0,0,0,0,0,0,0,0,0,0,1,0,0,0,0,0,0,0,0,0,0,0,0,0,0,0,0,0,0,0,0,0,0,0,0,0,0,0,0,0,0,0,0,0,0,0,0,0,0,0,1,0,1,DO35325,0,0,0.5789473684210527,0.5833333333333333,deceased,relapse,0.5789473684210527,0.07029610631848915,512.0,False,True,False,False,False,False,False,True,False,False,NA,NA,NA,NA,NA,0.01468301951977889,0.19612068965517243,0.030855539971949508,0.05196451204055766,0.26489448963484385,0.5468949761342701,0,1,0,1,1,1,0,1,0,1,NA,NA,0,1,0,True,False
1,0,0,0,0,0,0,0,1,0,1,0,1,0,1,0,0,0,1,0,1,0,1,0,1,0,1,0,1,0,1,0,1,0,0,0,0,0,0,0,1,0,0,0,0,0,1,0,1,0,1,0,1,0,1,0,0,0,1,0,1,0,0,0,1,0,0,0,1,0,0,0,0,0,0,0,0,0,0,0,1,0,1,DO35305,0,0,0.6491228070175437,0.5833333333333333,deceased,relapse,0.6491228070175437,0.14665423175565398,745.0,False,True,False,False,False,False,False,True,False,False,True,False,False,False,False,0.0328208671618587,0.19612068965517243,0.0729312762973352,0.05196451204055766,0.5893654052621231,0.5468949761342701,0,0,0,1,0,1,0,1,0,1,NA,NA,0,1,0,True,False
0,0,0,0,0,0,0,0,0,0,0,0,0,0,0,0,0,0,0,0,0,0,0,0,0,0,0,0,0,0,0,0,0,0,0,0,0,0,0,0,1,0,0,0,0,0,0,0,0,0,0,0,0,0,0,0,0,0,0,0,0,0,0,0,0,0,0,0,0,0,0,0,0,0,0,0,0,0,1,0,1,0,1,DO35394,0,0,0.5087719298245612,0.5833333333333333,alive,partial remission,0.5087719298245612,0.031942177663791094,523.0,False,True,False,False,False,True,False,False,False,False,NA,NA,NA,NA,NA,0.012091898428053204,0.19612068965517243,0.030855539971949508,0.05196451204055766,0.5759577882280209,0.5468949761342701,0,0,0,1,1,1,0,1,0,1,NA,NA,0,1,0,True,False
1,0,0,0,0,0,0,0,1,0,1,0,1,0,1,0,1,0,1,0,1,0,1,0,1,0,1,0,0,0,0,0,1,0,0,0,0,0,0,0,1,0,0,0,0,0,1,0,1,0,1,0,1,0,1,0,0,0,1,0,1,0,1,0,1,0,0,0,0,0,0,0,1,0,0,0,1,0,1,0,1,0,1,DO35376,0,0,0.1578947368421052,0.5833333333333333,deceased,progression,0.1578947368421052,0.09302867801352296,861.0,True,False,False,False,False,False,True,False,False,False,True,False,False,False,False,0.017792364829849715,0.19612068965517243,0.04908835904628331,0.05196451204055766,0.5933300137009919,0.5468949761342701,0,0,0,1,0,1,0,1,0,1,0.0,NA,0,1,0,True,False
0,0,0,0,0,0,0,0,0,0,0,0,0,0,1,0,0,0,0,0,0,0,0,0,0,0,0,0,0,0,0,0,0,0,0,0,0,0,0,0,1,0,0,0,0,0,0,0,0,0,0,0,0,0,0,0,0,0,1,0,0,0,0,0,0,0,0,0,0,0,0,0,0,0,0,0,0,0,1,0,1,0,1,DO35388,0,0,0.5964912280701753,0.5833333333333333,deceased,relapse,0.5964912280701753,0.07029610631848915,986.0,False,True,False,False,False,False,False,True,False,False,NA,NA,NA,NA,NA,0.015373985144239074,0.19612068965517243,0.030855539971949508,0.05196451204055766,0.6820129070424733,0.5468949761342701,0,1,0,1,1,1,0,1,0,1,NA,NA,0,1,0,True,False
0,0,0,0,0,0,0,0,0,0,1,0,0,0,0,0,0,0,0,0,0,0,0,0,0,0,0,0,0,0,0,0,0,0,0,0,0,0,0,0,1,0,0,0,0,0,0,0,0,0,0,0,0,0,0,0,0,0,0,0,1,0,0,0,0,0,0,0,0,0,0,0,0,0,0,0,0,0,1,0,1,0,1,DO35502,0,0,0.6491228070175437,0.5833333333333333,deceased,NA,0.6491228070175437,0.07029610631848915,NA,False,True,False,False,False,False,False,False,False,True,NA,NA,NA,NA,NA,0.00958714803938504,0.19612068965517243,0.030855539971949508,0.05196451204055766,0.6484674720334275,0.5468949761342701,0,1,0,1,1,1,0,1,0,1,NA,NA,0,1,0,True,False
1,0,0,0,1,0,0,0,1,0,1,0,1,0,1,0,1,0,1,0,1,0,1,0,1,0,1,0,0,0,1,0,1,0,0,0,0,0,1,0,1,0,0,0,1,0,1,0,1,0,1,0,1,0,1,0,0,0,1,0,1,0,0,0,1,0,0,0,0,0,0,0,1,0,0,0,1,0,1,0,1,0,1,DO224575,0,0,0.6842105263157894,0.5833333333333333,deceased,no evidence of disease,0.6842105263157894,0.07029610631848915,826.0,False,True,False,False,True,False,False,False,False,False,NA,NA,NA,NA,NA,0.010537225773017793,0.19612068965517243,0.05049088359046283,0.05196451204055766,0.6846467402443106,0.5468949761342701,0,1,0,1,0,1,0,1,0,1,NA,NA,0,1,0,True,False
1,0,0,0,0,0,0,0,0,0,1,0,1,0,1,0,1,0,1,0,1,0,1,0,0,0,1,0,0,0,0,0,1,0,0,0,0,0,0,0,1,0,0,0,0,0,1,0,1,0,1,0,1,0,1,0,0,0,1,0,1,0,0,0,1,0,0,0,0,0,0,0,1,0,0,0,0,0,0,0,1,0,1,DO224596,0,0,0.4736842105263157,0.5833333333333333,deceased,relapse,0.4736842105263157,0.09909069713219865,819.0,False,True,False,False,False,False,False,True,False,False,NA,NA,NA,NA,NA,0.015546726550354118,0.19612068965517243,0.05049088359046283,0.05196451204055766,0.612822386746285,0.5468949761342701,0,0,0,1,0,1,0,1,0,1,NA,NA,0,1,0,True,False
1,0,0,0,0,0,0,0,1,0,1,0,1,0,1,0,1,0,1,0,1,0,1,0,1,0,1,0,0,0,1,0,1,0,0,0,0,0,0,0,1,0,0,0,0,0,1,0,1,0,1,0,1,0,1,0,0,0,1,0,0,0,0,0,1,0,0,0,1,0,0,0,1,0,0,0,1,0,1,0,1,0,1,DO224642,0,0,0.42105263157894735,0.5833333333333333,deceased,NA,0.42105263157894735,0.07029610631848915,547.0,True,False,False,False,False,False,False,False,False,True,NA,NA,NA,NA,NA,0.015805838659526686,0.19612068965517243,0.033660589060308554,0.05196451204055766,0.6683897201627775,0.5468949761342701,0,1,0,1,0,1,0,1,0,1,NA,NA,0,1,0,True,False
1,0,0,0,0,0,0,0,0,0,1,0,0,0,1,0,1,0,1,0,1,0,1,0,1,0,1,0,1,0,0,0,1,0,0,0,0,0,0,0,1,0,0,0,1,0,1,0,1,0,1,0,1,0,1,0,0,0,1,0,1,0,0,0,1,0,0,0,1,0,0,0,0,0,0,0,1,0,1,0,1,0,1,DO224648,0,0,0.631578947368421,0.5833333333333333,deceased,relapse,0.631578947368421,0.15108416880391698,958.0,False,True,False,False,False,False,False,True,False,False,NA,NA,NA,NA,NA,0.0069960269476593544,0.19612068965517243,0.02664796633941094,0.05196451204055766,0.49706296303955433,0.5468949761342701,0,0,0,1,0,1,0,1,0,1,NA,NA,0,1,0,True,False
1,0,0,0,0,0,0,0,0,0,1,0,1,0,1,0,1,0,1,0,1,0,1,0,1,0,1,0,0,0,0,0,1,0,0,0,0,0,1,0,1,0,0,0,1,0,1,0,1,0,1,0,1,0,1,0,0,0,1,0,1,0,0,0,1,0,0,0,0,0,0,0,1,0,0,0,1,0,1,0,1,0,1,DO224656,0,0,0.29824561403508765,0.5833333333333333,deceased,relapse,0.29824561403508765,0.11611098158078806,1208.0,True,False,False,False,False,False,False,True,False,False,NA,NA,NA,NA,NA,0.009241665227154949,0.19612068965517243,0.047685834502103785,0.05196451204055766,0.6691145566127804,0.5468949761342701,0,0,0,1,0,1,0,1,0,1,NA,NA,0,1,0,True,False
1,0,0,0,0,0,0,0,1,0,1,0,1,0,1,0,1,0,1,0,1,0,1,0,1,0,1,0,0,0,1,0,1,0,0,0,0,0,0,0,1,0,1,0,1,0,1,0,1,0,1,0,1,0,1,0,0,0,1,0,1,0,0,0,1,0,0,0,0,0,0,0,1,0,0,0,1,0,1,0,1,0,1,DO224688,0,0,0.49122807017543857,0.5833333333333333,deceased,relapse,0.49122807017543857,0.09932385171368617,633.0,False,True,False,False,False,False,False,True,False,False,NA,NA,NA,NA,NA,0.013905683192261185,0.19612068965517243,0.04908835904628331,0.05196451204055766,0.6111084314650486,0.5468949761342701,0,0,0,1,0,1,0,1,0,1,NA,NA,0,1,0,True,False
1,0,0,0,1,0,1,0,1,0,1,0,1,0,1,0,1,0,1,0,1,0,1,0,1,0,1,0,1,0,0,0,1,0,0,0,0,0,1,0,1,0,0,0,0,0,1,0,1,0,1,0,1,0,1,0,0,0,1,0,1,0,1,0,1,0,0,0,0,0,0,0,1,0,0,0,1,0,1,0,1,0,1,DO224698,0,0,0.6842105263157894,0.5833333333333333,deceased,relapse,0.6842105263157894,0.05199347167171835,472.0,False,True,False,False,False,False,False,True,False,False,NA,NA,NA,NA,NA,0.010278113663845224,0.19612068965517243,0.051893408134642355,0.05196451204055766,0.6880988386503643,0.5468949761342701,0,0,0,1,0,1,0,1,0,1,NA,NA,0,1,0,True,False
1,0,0,0,1,0,1,0,1,0,1,0,1,0,1,0,1,0,1,0,1,0,1,0,1,0,1,0,1,0,1,0,1,0,1,0,0,0,0,0,0,0,0,0,0,0,1,0,1,0,1,0,1,0,1,0,0,0,1,0,1,0,0,0,1,0,1,0,1,0,1,0,1,0,0,0,0,0,0,0,1,0,1,DO224633,0,0,0.6842105263157894,0.5833333333333333,deceased,relapse,0.6842105263157894,0.17300069946374447,742.0,False,True,False,False,False,False,False,True,False,False,NA,NA,NA,NA,NA,0.02841596130592503,0.19612068965517243,0.12482468443197756,0.05196451204055766,0.4862915868896054,0.5468949761342701,0,0,0,1,0,1,0,1,0,1,NA,NA,0,1,0,True,False
1,0,0,0,1,0,0,0,1,0,1,0,1,0,1,0,1,0,1,0,1,0,1,0,0,0,1,0,0,0,1,0,1,0,0,0,0,0,0,0,1,0,0,0,0,0,1,0,1,0,1,0,1,0,1,0,0,0,1,0,1,0,0,0,1,0,0,0,0,0,0,0,1,0,0,0,1,0,1,0,1,0,1,DO224767,0,0,0.26315789473684204,0.5833333333333333,deceased,relapse,0.26315789473684204,0.010958265329913732,324.0,False,True,False,False,False,False,False,True,False,False,NA,NA,NA,NA,NA,0.011487303506650543,0.19612068965517243,0.0364656381486676,0.05196451204055766,0.6510309289941,0.5468949761342701,0,0,0,1,0,1,0,1,0,1,NA,NA,0,1,0,True,False
1,0,0,0,0,0,0,0,1,0,1,0,1,0,0,0,1,0,1,0,1,0,1,0,1,0,1,0,1,0,1,0,1,0,0,0,0,0,0,0,1,0,0,0,1,0,0,0,1,0,1,0,0,0,1,0,0,0,1,0,1,0,0,0,1,0,0,0,0,0,0,0,1,0,0,0,1,0,1,0,1,0,1,DO224764,0,0,0.4385964912280702,0.5833333333333333,alive,no evidence of disease,0.4385964912280702,0.07029610631848915,244.0,False,True,False,False,True,False,False,False,False,False,NA,NA,NA,NA,NA,0.008550699602694766,0.19612068965517243,0.04067321178120617,0.05196451204055766,0.836724907288935,0.5468949761342701,0,1,0,1,0,1,0,1,0,1,NA,NA,0,1,0,True,False
1,0,0,0,0,0,0,0,1,0,1,0,1,0,1,0,1,0,1,0,1,0,1,0,1,0,1,0,0,0,1,0,1,0,0,0,0,0,0,0,1,0,1,0,1,0,1,0,1,0,1,0,1,0,1,0,0,0,1,0,1,0,0,0,1,0,0,0,0,0,0,0,1,0,0,0,1,0,0,0,1,0,1,DO224770,0,0,0.7192982456140351,0.5833333333333333,alive,no evidence of disease,0.7192982456140351,0.07029610631848915,200.0,True,False,False,False,True,False,False,False,False,False,NA,NA,NA,NA,NA,0.019606149594057695,0.19612068965517243,0.06451612903225806,0.05196451204055766,0.7536305002726372,0.5468949761342701,0,1,0,1,0,1,0,1,0,1,NA,NA,0,1,0,True,False
1,0,1,0,1,0,0,0,1,0,1,0,1,0,1,0,1,0,1,0,1,0,1,0,1,0,1,0,0,0,1,0,1,0,0,0,0,0,0,0,1,0,0,0,0,0,1,0,1,0,1,0,1,0,1,0,0,0,1,0,1,0,0,0,1,0,0,0,0,0,0,0,1,0,0,0,1,0,1,0,1,0,1,DO224776,0,0,0.6491228070175437,0.5833333333333333,deceased,relapse,0.6491228070175437,0.04406621590114246,201.0,False,True,False,False,False,False,False,True,False,False,NA,NA,NA,NA,NA,0.011746415615823113,0.19612068965517243,0.07994389901823282,0.05196451204055766,0.6655773917709156,0.5468949761342701,0,0,0,1,0,1,0,1,0,1,NA,NA,0,1,0,True,False
1,0,0,0,0,0,0,0,1,0,1,0,1,0,1,0,1,0,1,0,1,0,1,0,1,0,1,0,1,0,1,0,1,0,0,0,0,0,1,0,1,0,0,0,0,0,1,0,1,0,1,0,1,0,1,0,0,0,0,0,1,0,0,0,1,0,0,0,0,0,0,0,1,0,0,0,1,0,1,0,1,0,1,DO224779,0,0,0.631578947368421,0.5833333333333333,deceased,no evidence of disease,0.631578947368421,0.07029610631848915,228.0,True,False,False,False,True,False,False,False,False,False,NA,NA,NA,NA,NA,0.010278113663845224,0.19612068965517243,0.03225806451612903,0.05196451204055766,0.860802175181463,0.5468949761342701,0,1,0,1,0,1,0,1,0,1,NA,NA,0,1,0,True,False
1,0,0,0,0,0,0,0,0,0,1,0,1,0,1,0,1,0,1,0,0,0,1,0,1,0,1,0,0,0,0,0,1,0,1,0,0,0,0,0,1,0,0,0,0,0,1,0,1,0,1,0,1,0,1,0,0,0,0,0,1,0,0,0,1,0,1,0,0,0,0,0,1,0,0,0,1,0,1,0,1,0,1,DO224784,0,0,0.6842105263157894,0.5833333333333333,deceased,relapse,0.6842105263157894,0.08207041268360923,816.0,True,False,False,False,False,False,False,True,False,False,NA,NA,NA,NA,NA,0.00777336327517706,0.19612068965517243,0.0729312762973352,0.05196451204055766,0.7118629836787363,0.5468949761342701,0,0,0,1,0,1,0,1,0,1,NA,NA,0,1,0,True,False
1,0,0,0,1,0,0,0,0,0,1,0,1,0,1,0,1,0,1,0,1,0,1,0,1,0,1,0,1,0,1,0,1,0,0,0,0,0,1,0,0,0,0,0,0,0,1,0,1,0,1,0,1,0,1,0,0,0,1,0,1,0,0,0,1,0,1,0,0,0,1,0,0,0,0,0,1,0,0,0,1,0,1,DO224782,0,0,0.4736842105263157,0.5833333333333333,deceased,relapse,0.45614035087719285,0.07670785730939612,389.0,True,False,False,False,False,False,False,True,False,False,NA,NA,NA,NA,NA,0.009500777336327518,0.19612068965517243,0.0729312762973352,0.05196451204055766,0.8472723686453566,0.5468949761342701,0,0,0,1,0,1,0,1,0,1,NA,NA,0,1,0,True,False
1,0,0,0,0,0,0,0,1,0,1,0,1,0,1,0,1,0,1,0,0,0,1,0,1,0,1,0,0,0,1,0,1,0,0,0,0,0,1,0,1,0,0,0,0,0,1,0,1,0,1,0,1,0,1,0,0,0,1,0,1,0,1,0,1,0,0,0,0,0,0,0,0,0,0,0,0,0,1,0,1,0,1,DO224705,0,0,0.45614035087719285,0.5833333333333333,deceased,NA,0.45614035087719285,0.07029610631848915,455.0,True,False,False,False,False,False,False,False,False,True,NA,NA,NA,NA,NA,0.011573674209708068,0.19612068965517243,0.06872370266479663,0.05196451204055766,0.5850432615341065,0.5468949761342701,0,1,0,1,0,1,0,1,0,1,NA,NA,0,1,0,True,False
1,0,0,0,1,0,0,0,1,0,1,0,1,0,1,0,1,0,1,0,1,0,1,0,1,0,1,0,1,0,1,0,1,0,0,0,0,0,0,0,1,0,0,0,1,0,1,0,1,0,1,0,1,0,1,0,1,0,1,0,1,0,0,0,1,0,0,0,0,0,1,0,1,0,0,0,1,0,1,0,1,0,1,DO224712,0,0,0.7894736842105261,0.5833333333333333,deceased,relapse,0.7894736842105261,0.0373047330380042,239.0,False,True,False,False,False,False,False,True,False,False,NA,NA,NA,NA,NA,0.021160822249093107,0.19612068965517243,0.030855539971949508,0.05196451204055766,0.7279059987685234,0.5468949761342701,0,0,0,1,0,1,0,1,0,1,NA,NA,0,1,0,True,False
1,0,0,0,0,0,1,0,1,0,1,0,1,0,1,0,1,0,1,0,1,0,1,0,1,0,1,0,0,0,1,0,1,0,0,0,0,0,0,0,0,0,0,0,1,0,1,0,1,0,1,0,1,0,1,0,0,0,1,0,1,0,0,0,1,0,0,0,0,0,0,0,1,0,0,0,1,0,1,0,1,0,1,DO224719,0,0,0.6140350877192982,0.5833333333333333,deceased,no evidence of disease,0.5964912280701753,0.07029610631848915,522.0,False,True,False,False,True,False,False,False,False,False,NA,NA,NA,NA,NA,0.015287614441181551,0.19612068965517243,0.08274894810659186,0.05196451204055766,0.48840503503367505,0.5468949761342701,0,1,0,1,0,1,0,1,0,1,NA,NA,0,1,0,True,False
0,0,0,0,0,0,0,0,0,0,1,0,1,0,1,0,1,0,1,0,0,0,1,0,1,0,1,0,1,0,1,0,0,0,0,0,0,0,1,0,1,0,0,0,1,0,0,0,1,0,1,0,1,0,1,0,0,0,1,0,1,0,0,0,1,0,0,0,1,0,0,0,1,0,0,0,0,0,1,0,1,0,1,DO224714,0,0,0.7017543859649122,0.5833333333333333,deceased,relapse,0.7017543859649122,0.08020517603170901,437.0,False,True,False,False,False,False,False,True,False,False,NA,NA,NA,NA,NA,0.010882708585247884,0.19612068965517243,0.0182328190743338,0.05196451204055766,0.8882186795062793,0.5468949761342701,0,0,0,1,0,1,0,1,0,1,NA,NA,0,1,0,True,False
1,0,0,0,0,0,0,0,1,0,1,0,1,0,1,0,1,0,1,0,1,0,1,0,1,0,1,0,1,0,1,0,1,0,0,0,0,0,1,0,1,0,0,0,0,0,1,0,1,0,1,0,1,0,1,0,0,0,1,0,1,0,0,0,1,0,0,0,0,0,0,0,0,0,0,0,0,0,1,0,1,0,1,DO224724,0,0,0.5263157894736841,0.5833333333333333,deceased,relapse,0.5263157894736841,0.028911168104453253,234.0,True,False,False,False,False,False,False,True,False,False,NA,NA,NA,NA,NA,0.010537225773017793,0.19612068965517243,0.043478260869565216,0.05196451204055766,0.7913670798393578,0.5468949761342701,0,0,0,1,0,1,0,1,0,1,NA,NA,0,1,0,True,False
1,0,0,0,1,0,0,0,0,0,1,0,1,0,1,0,1,0,1,0,1,0,1,0,1,0,1,0,0,0,1,0,1,0,1,0,0,0,1,0,1,0,1,0,0,0,1,0,1,0,1,0,1,0,1,0,0,0,1,0,1,0,0,0,1,0,0,0,0,0,0,0,1,0,0,0,0,0,1,0,1,0,1,DO224734,0,0,0.5087719298245612,0.5833333333333333,deceased,relapse,0.5087719298245612,0.037071578456516666,271.0,False,True,False,False,False,False,False,True,False,False,NA,NA,NA,NA,NA,0.009673518742442563,0.19612068965517243,0.06591865357643759,0.05196451204055766,0.5545568571620567,0.5468949761342701,0,0,0,1,0,1,0,1,0,1,NA,NA,0,1,0,True,False
1,0,0,0,0,0,0,0,0,0,1,0,0,0,1,0,1,0,1,0,1,0,1,0,0,0,1,0,0,0,1,0,0,0,0,0,0,0,0,0,1,0,0,0,0,0,1,0,1,0,1,0,1,0,1,0,0,0,1,0,1,0,0,0,1,0,0,0,0,0,0,0,1,0,0,0,0,0,1,0,1,0,1,DO224745,0,0,0.3859649122807016,0.5833333333333333,deceased,relapse,0.3859649122807016,0.05735602704593145,456.0,False,True,False,False,False,False,False,True,False,False,NA,NA,NA,NA,NA,0.009414406633269996,0.19612068965517243,0.04628330995792426,0.05196451204055766,0.930508813541479,0.5468949761342701,0,0,0,1,0,1,0,1,0,1,NA,NA,0,1,0,True,False
1,0,0,0,0,0,1,0,1,0,1,0,1,0,1,0,1,0,1,0,1,0,1,0,1,0,1,0,0,0,1,0,1,0,1,0,0,0,1,0,1,0,0,0,0,0,1,0,1,0,1,0,1,0,1,0,0,0,1,0,1,0,0,0,1,0,0,0,0,0,0,0,0,0,0,0,1,0,1,0,1,0,1,DO224740,0,0,0.5263157894736841,0.5833333333333333,deceased,relapse,0.5263157894736841,0.015155047796689204,684.0,False,True,False,False,False,False,False,True,False,False,NA,NA,NA,NA,NA,0.0234064605285887,0.19612068965517243,0.09256661991584852,0.05196451204055766,0.5606753719810691,0.5468949761342701,0,0,0,1,0,1,0,1,0,1,NA,NA,0,1,0,True,False
1,0,0,0,0,0,0,0,1,0,1,0,1,0,1,0,1,0,1,0,1,0,1,0,1,0,1,0,0,0,1,0,1,0,0,0,0,0,0,0,1,0,0,0,0,0,1,0,1,0,1,0,1,0,1,0,0,0,1,0,1,0,0,0,1,0,0,0,1,0,0,0,1,0,0,0,1,0,0,0,1,0,1,DO224752,0,0,0.5964912280701753,0.5833333333333333,alive,no evidence of disease,0.5964912280701753,0.07029610631848915,257.0,False,True,False,False,True,False,False,False,False,False,NA,NA,NA,NA,NA,0.015460355847296598,0.19612068965517243,0.030855539971949508,0.05196451204055766,0.5971998107424704,0.5468949761342701,0,1,0,1,0,1,0,1,0,1,NA,NA,0,1,0,True,False
1,0,1,0,0,0,0,0,0,0,1,0,1,0,1,0,1,0,1,0,1,0,1,0,1,0,1,0,1,0,1,0,1,0,0,0,0,0,0,0,0,0,0,0,0,0,1,0,1,0,1,0,1,0,1,0,0,0,1,0,1,0,0,0,1,0,0,0,0,0,0,0,1,0,0,0,1,0,1,0,1,0,1,DO224750,0,0,0.33333333333333326,0.5833333333333333,deceased,no evidence of disease,0.33333333333333326,0.07029610631848915,165.0,True,False,False,False,True,False,False,False,False,False,NA,NA,NA,NA,NA,0.015373985144239074,0.19612068965517243,0.04488078541374474,0.05196451204055766,0.7149345958049268,0.5468949761342701,0,1,0,1,0,1,0,1,0,1,NA,NA,0,1,0,True,False
1,0,0,0,0,0,0,0,0,0,1,0,1,0,1,0,0,0,1,0,1,0,1,0,1,0,1,0,0,0,1,0,1,0,0,0,0,0,0,0,1,0,0,0,0,0,1,0,1,0,1,0,1,0,1,0,0,0,1,0,1,0,1,0,1,0,0,0,0,0,0,0,0,0,0,0,1,0,1,0,1,0,1,DO224758,0,0,0.4385964912280702,0.5833333333333333,deceased,no evidence of disease,0.4385964912280702,0.07029610631848915,65.0,False,True,False,False,True,False,False,False,False,False,NA,NA,NA,NA,NA,0.007255139056831923,0.19612068965517243,0.0364656381486676,0.05196451204055766,0.7170326665833104,0.5468949761342701,0,1,0,1,0,1,0,1,0,1,NA,NA,0,1,0,True,False
0,0,1,0,0,0,0,0,1,0,1,0,1,0,1,0,1,0,1,0,1,0,1,0,1,0,1,0,0,0,1,0,1,0,0,0,0,0,0,0,1,0,0,0,1,0,1,0,1,0,1,0,1,0,1,0,0,0,1,0,1,0,0,0,1,0,0,0,1,0,0,0,1,0,0,0,0,0,1,0,1,0,1,DO221539,0,0,0.2807017543859649,0.5833333333333333,alive,relapse,0.2807017543859649,0.3998601072511075,1733.0,False,True,False,False,False,False,False,True,False,False,True,False,False,False,False,0.01917429607877008,0.19612068965517243,0.029453015427769985,0.05196451204055766,0.4771360149596695,0.5468949761342701,0,0,0,1,0,1,0,1,0,1,NA,NA,0,1,0,True,False
1,0,0,0,0,0,1,0,0,0,1,0,1,0,1,0,1,0,1,0,1,0,1,0,1,0,1,0,1,0,0,0,1,0,0,0,0,0,0,0,1,0,0,0,0,0,0,0,1,0,1,0,0,0,1,0,0,0,1,0,1,0,0,0,1,0,0,0,0,0,0,0,1,0,0,0,0,0,0,0,1,0,1,DO221543,0,0,0.36842105263157887,0.5833333333333333,alive,complete remission,0.36842105263157887,0.47680111914199114,2045.0,False,True,False,True,False,False,False,False,False,False,True,False,False,False,False,0.010019001554672655,0.19612068965517243,0.016830294530154277,0.05196451204055766,0.2589857509652622,0.5468949761342701,0,0,0,1,0,1,0,1,0,1,NA,NA,0,1,0,True,False
1,0,0,0,0,0,0,0,1,0,1,0,1,0,1,0,1,0,1,0,1,0,1,0,1,0,1,0,0,0,1,0,1,0,1,0,1,0,1,0,1,0,0,0,1,0,1,0,1,0,1,0,1,0,1,0,0,0,1,0,1,0,0,0,1,0,1,0,0,0,1,0,1,0,0,0,1,0,0,0,0,0,0,DO221544,1,1,0.1578947368421052,0.5833333333333333,alive,complete remission,0.1578947368421052,0.07029610631848915,467.0,False,True,False,True,False,False,False,False,False,False,True,False,False,False,False,0.053722577301779234,0.19612068965517243,0.46283309957924257,0.05196451204055766,0.7310744940664079,0.5468949761342701,0,1,0,1,0,1,0,1,0,1,NA,NA,1,1,0,True,False
1,0,0,0,0,0,0,0,1,0,1,0,1,0,1,0,1,0,1,0,1,0,1,0,1,0,1,0,1,0,1,0,1,0,0,0,0,0,0,0,1,0,0,0,1,0,1,0,1,0,1,0,1,0,1,0,0,0,1,0,1,0,0,0,1,0,0,0,1,0,0,0,0,0,0,0,1,0,1,0,0,0,0,DO221541,1,1,0.7368421052631577,0.5833333333333333,deceased,complete remission,0.7368421052631577,0.07029610631848915,195.0,False,True,False,True,False,False,False,False,False,False,False,False,False,False,True,0.057350146830195195,0.19612068965517243,0.32258064516129026,0.05196451204055766,0.7593696073250634,0.5468949761342701,0,1,0,1,0,1,0,1,0,1,NA,NA,1,1,0,True,False
1,0,1,0,0,0,0,0,0,0,1,0,1,0,1,0,1,0,0,0,1,0,1,0,0,0,1,0,0,0,0,0,1,0,0,0,1,0,0,0,1,0,0,0,0,0,1,0,1,0,1,0,1,0,1,0,0,0,0,0,1,0,1,0,1,0,0,0,0,0,0,0,0,0,0,0,0,0,1,0,1,0,1,DO221542,0,0,0.4736842105263157,0.5833333333333333,alive,complete remission,0.4736842105263157,0.08486826766145954,375.0,False,True,False,True,False,False,False,False,False,False,True,False,False,False,False,0.009932630851615132,0.19612068965517243,0.029453015427769985,0.05196451204055766,0.4339868566146504,0.5468949761342701,0,0,0,1,0,1,0,1,0,1,NA,NA,0,1,0,True,False
1,0,0,0,0,0,1,0,1,0,1,0,1,0,1,0,1,0,1,0,1,0,1,0,1,0,1,0,1,0,0,0,1,0,0,0,0,0,1,0,1,0,1,0,1,0,1,0,1,0,1,0,1,0,1,0,1,0,1,0,1,0,1,0,1,0,0,0,0,0,1,0,1,0,1,0,1,0,0,0,1,0,1,DO221540,0,0,0.4035087719298245,0.5833333333333333,deceased,NA,0.4035087719298245,0.0676148286313826,290.0,False,True,False,False,False,False,False,False,False,True,True,False,False,False,False,0.03990326481257557,0.19612068965517243,0.03927068723702665,0.05196451204055766,0.4255893845337263,0.5468949761342701,0,0,0,1,0,1,0,1,0,1,NA,NA,0,1,0,True,False
1,0,0,0,0,0,1,0,1,0,1,0,1,0,1,0,1,0,1,0,1,0,1,0,1,0,1,0,1,0,1,0,1,0,0,0,0,0,0,0,1,0,1,0,1,0,1,0,1,0,1,0,1,0,1,0,0,0,1,0,1,0,1,0,1,0,0,0,0,0,0,0,1,0,0,0,1,0,1,0,1,0,1,DO221547,0,0,0.26315789473684204,0.5833333333333333,alive,progression,0.24561403508771917,0.06994637444625787,1338.0,False,False,True,False,False,False,True,False,False,False,True,False,False,False,False,0.043789946450164104,0.19612068965517243,0.18653576437587657,0.05196451204055766,0.4618658033684645,0.5468949761342701,0,0,0,1,0,1,0,1,0,1,0.0,NA,0,1,0,True,False
1,0,0,0,0,0,1,0,1,0,1,0,1,0,1,0,1,0,1,0,1,0,1,0,1,0,1,0,0,0,1,0,1,0,1,0,0,0,1,0,1,0,1,0,1,0,1,0,1,0,1,0,1,0,1,0,1,0,1,0,1,0,0,0,1,0,0,0,0,0,0,0,1,0,0,0,1,0,1,0,0,0,0,DO221545,1,1,0.5263157894736841,0.5833333333333333,alive,complete remission,0.5263157894736841,0.07029610631848915,260.0,False,True,False,True,False,False,False,False,False,False,True,False,False,False,False,0.09120746242874417,0.19612068965517243,0.4347826086956521,0.05196451204055766,0.6741779793755455,0.5468949761342701,0,1,0,1,0,1,0,1,0,1,NA,NA,1,1,0,True,False
1,0,0,0,1,0,0,0,1,0,1,0,1,0,1,0,1,0,1,0,1,0,1,0,1,0,1,0,0,0,0,0,1,0,0,0,0,0,0,0,1,0,0,0,0,0,1,0,1,0,1,0,1,0,1,0,0,0,1,0,0,0,0,0,1,0,0,0,0,0,0,0,1,0,0,0,1,0,0,0,1,0,1,DO221546,0,0,0.49122807017543857,0.5833333333333333,deceased,NA,0.49122807017543857,0.10375378876194917,482.0,False,True,False,False,False,False,False,False,False,True,True,False,False,False,False,0.016842287096216962,0.19612068965517243,0.07994389901823282,0.05196451204055766,0.4800423659494407,0.5468949761342701,0,0,0,1,0,1,0,1,0,1,NA,NA,0,1,0,True,False
0,0,0,0,0,0,0,0,0,0,1,0,1,0,1,0,1,0,1,0,1,0,1,0,1,0,1,0,0,0,0,0,1,0,0,0,0,0,0,0,1,0,0,0,0,0,1,0,0,0,1,0,0,0,1,0,0,0,1,0,1,0,0,0,1,0,0,0,0,0,0,0,0,0,0,0,0,0,1,0,0,0,0,DO231247,1,1,0.5964912280701753,0.5833333333333333,alive,NA,0.5964912280701753,0.07029610631848915,NA,False,True,False,False,False,False,False,False,False,True,False,False,False,False,True,0.009759889445500087,0.19612068965517243,0.021037868162692847,0.05196451204055766,0.8420731937794101,0.5468949761342701,1,1,0,1,0,1,0,1,1,1,NA,NA,1,1,0,True,False
0,0,0,0,0,0,0,0,1,0,1,0,1,0,1,0,1,0,1,0,1,0,1,0,1,0,1,0,0,0,0,0,1,0,0,0,0,0,0,0,1,0,0,0,0,0,0,0,1,0,1,0,0,0,1,0,0,0,1,0,1,0,0,0,1,0,0,0,0,0,0,0,1,0,1,0,0,0,1,0,0,0,0,DO231256,1,1,0.5964912280701753,0.5833333333333333,alive,NA,0.5964912280701753,0.07029610631848915,NA,False,True,False,False,False,False,False,False,False,True,False,False,False,False,True,0.0071687683537744,0.19612068965517243,0.033660589060308554,0.05196451204055766,0.35439205634826787,0.5468949761342701,1,1,0,1,0,1,0,1,1,1,NA,NA,1,1,0,True,False
1,0,0,0,0,0,0,0,1,0,1,0,1,0,1,0,1,0,1,0,1,0,1,0,1,0,1,0,1,0,1,0,1,0,0,0,0,0,0,0,1,0,0,0,0,0,1,0,1,0,1,0,1,0,1,0,1,0,1,0,1,0,0,0,1,0,0,0,0,0,0,0,1,0,0,0,1,0,1,0,0,0,0,DO231251,1,1,0.5964912280701753,0.5833333333333333,alive,NA,0.5964912280701753,0.07029610631848915,NA,True,False,False,False,False,False,False,False,False,True,False,False,False,False,True,0.016324062877871824,0.19612068965517243,0.08976157082748948,0.05196451204055766,0.7092152724523612,0.5468949761342701,1,1,0,1,0,1,0,1,1,1,NA,NA,1,1,0,True,False
1,0,1,0,0,0,0,0,1,0,1,0,1,0,1,0,1,0,1,0,1,0,1,0,1,0,1,0,0,0,1,0,1,0,1,0,0,0,1,0,1,0,0,0,0,0,1,0,1,0,1,0,1,0,1,0,0,0,1,0,1,0,1,0,1,0,0,0,0,0,0,0,1,0,0,0,1,0,1,0,0,0,0,DO231264,1,1,0.5964912280701753,0.5833333333333333,alive,NA,0.5964912280701753,0.07029610631848915,NA,True,False,False,False,False,False,False,False,False,True,False,False,False,False,True,0.0203834859215754,0.19612068965517243,0.4235624123422159,0.05196451204055766,0.8158186659039364,0.5468949761342701,1,1,0,1,0,1,0,1,1,1,NA,NA,1,1,0,True,False
1,0,0,0,0,0,0,0,0,0,1,0,1,0,1,0,1,0,1,0,1,0,1,0,1,0,1,0,0,0,0,0,1,0,0,0,0,0,0,0,1,0,0,0,0,0,1,0,1,0,1,0,0,0,1,0,0,0,1,0,1,0,0,0,1,0,0,0,0,0,0,0,0,0,0,0,1,0,1,0,0,0,0,DO231278,1,1,0.5964912280701753,0.5833333333333333,NA,NA,0.5964912280701753,0.07029610631848915,NA,False,False,True,False,False,False,False,False,False,True,False,False,False,False,True,0.010191742960787701,0.19612068965517243,0.02664796633941094,0.05196451204055766,0.8962094419795392,0.5468949761342701,1,1,0,1,0,1,0,1,1,1,NA,NA,1,1,0,True,False
1,0,0,0,0,0,1,0,1,0,1,0,1,0,1,0,1,0,1,0,1,0,1,0,1,0,1,0,1,0,1,0,1,0,0,0,1,0,1,0,1,0,1,0,1,0,1,0,1,0,1,0,1,0,1,0,0,0,1,0,1,0,1,0,1,0,0,0,1,0,0,0,1,0,0,0,1,0,1,0,0,0,0,DO231284,1,1,0.5964912280701753,0.5833333333333333,alive,NA,0.5964912280701753,0.07029610631848915,NA,True,False,False,False,False,False,False,False,False,True,False,False,False,False,True,0.05605458628433235,0.19612068965517243,0.4488078541374474,0.05196451204055766,0.7404433111828661,0.5468949761342701,1,1,0,1,0,1,0,1,1,1,NA,NA,1,1,0,True,False
